date,station,NetInfiltration_mm_day
2009-10-05,0,-1.2153205646146767
2009-10-06,0,-1.4288573345033864
2009-10-07,0,-1.5051978534450858
2009-10-08,0,-1.7571925440205316
2009-10-09,0,-1.491424817244762
2009-10-10,0,-1.002476612843189
2009-10-11,0,-0.9970216926973097
2009-10-12,0,-0.8533942981691839
2009-10-13,0,-1.1700890975895675
2009-10-14,0,-0.8912341331429307
2009-10-15,0,-0.9678054451820456
2009-10-16,0,-0.9348965580895915
2009-10-17,0,-0.8900033119886404
2009-10-18,0,-0.9711098168004302
2009-10-19,0,-1.0439074199644391
2009-10-20,0,-1.1131107264386677
2009-10-21,0,-1.2385348700715162
2009-10-22,0,-1.0813269058371857
2009-10-23,0,-1.1071856827861568
2009-10-24,0,-0.8408325158193545
2009-10-25,0,-0.8066558222014887
2009-10-26,0,-0.5841568763297317
2009-10-27,0,-0.46953589130396634
2009-10-28,0,-1.2118355087391224
2009-10-29,0,-0.9780703459266883
2009-10-30,0,-0.9471523070964184
2009-10-31,0,-0.985031484907993
2009-11-01,0,-0.6967549110015785
2009-11-02,0,-0.689447665309772
2009-11-03,0,-0.7013086110359509
2009-11-04,0,-0.5300936909078102
2009-11-05,0,-0.28017019857491904
2009-11-06,0,-0.41192401670313156
2009-11-07,0,-0.5626881338818679
2009-11-08,0,-0.6182695388485436
2009-11-09,0,-0.25012420633249977
2009-11-10,0,-0.33967363164721315
2009-11-11,0,-0.5486373986442367
2009-11-12,0,-0.5849094293046945
2009-11-13,0,-0.6373725536669214
2009-11-14,0,-0.48441484145417874
2009-11-15,0,-0.5136272851812019
2009-11-16,0,-0.6774633859744842
2009-11-17,0,-0.4690721394965575
2009-11-18,0,-0.3907569762442207
2009-11-19,0,-0.5644198223256025
2009-11-20,0,-0.6230495903429808
2009-11-21,0,-0.5355263440026297
2009-11-22,0,-0.48908005548524003
2009-11-23,0,-0.4168939500845296
2009-11-24,0,-0.41940756149169955
2009-11-25,0,-0.4434589741717055
2009-11-26,0,-0.26459162877018433
2009-11-27,0,-0.30302578322152574
2009-11-28,0,-0.3157752210133464
2009-11-29,0,-0.3655663068750273
2009-11-30,0,-0.38179763352068813
2009-12-01,0,-0.3552385069551147
2009-12-02,0,-0.2947709453395608
2009-12-03,0,-0.37722727540894524
2009-12-04,0,-0.24398149658504625
2009-12-05,0,-0.42749913887334257
2009-12-06,0,-0.3931965264871735
2009-12-07,0,-0.3728040799244765
2009-12-08,0,-0.37681507007316817
2009-12-09,0,-0.32146404017685404
2009-12-10,0,-0.3501275176258685
2009-12-11,0,-0.28144443867907504
2009-12-12,0,-0.1765653802066802
2009-12-13,0,-0.18598950285719554
2009-12-14,0,-0.18967748275592744
2009-12-15,0,-0.20776827498380718
2009-12-16,0,-0.1780268543341454
2009-12-17,0,-0.21238086129809736
2009-12-18,0,-0.1577473621243213
2009-12-19,0,-0.05567426194162333
2009-12-20,0,-0.21792056459556577
2009-12-21,0,-0.2887133702382571
2009-12-22,0,-0.2447167134353667
2009-12-23,0,-0.24538454203379567
2009-12-24,0,-0.33865036927433767
2009-12-25,0,-0.3334356886157628
2009-12-26,0,-0.21112494000768203
2009-12-27,0,-0.232455057514363
2009-12-28,0,-0.2750223641452672
2009-12-29,0,-0.4948898380792052
2009-12-30,0,-0.30727217323119854
2009-12-31,0,-0.3744525808307801
2010-01-01,0,-0.18305597167893461
2010-01-02,0,-0.21354451206209463
2010-01-03,0,-0.25755860142788456
2010-01-04,0,-0.17354355585422454
2010-01-05,0,-0.1985783915845223
2010-01-06,0,-0.20042865542201382
2010-01-07,0,-0.17866315042943495
2010-01-08,0,-0.12387775522562303
2010-01-09,0,-0.14503467707446194
2010-01-10,0,-0.19515739299453963
2010-01-11,0,-0.17383078437205848
2010-01-12,0,-0.14496102809927552
2010-01-13,0,-0.28063993027665846
2010-01-14,0,-0.2159439729275681
2010-01-15,0,-0.25189340760728596
2010-01-16,0,-0.22461049406521824
2010-01-17,0,-0.27323290979337383
2010-01-18,0,-0.2666321543476842
2010-01-19,0,-0.25389021029029957
2010-01-20,0,-0.27017114337380915
2010-01-21,0,-0.2288601995534937
2010-01-22,0,-0.26186805255872236
2010-01-23,0,-0.30856928299825104
2010-01-24,0,-0.21537256966874557
2010-01-25,0,-0.2760506634688501
2010-01-26,0,-0.24641537155072538
2010-01-27,0,-0.33388832762379517
2010-01-28,0,-0.20977019146033452
2010-01-29,0,-0.3041031601099246
2010-01-30,0,-0.29941006211501753
2010-01-31,0,-0.2109690500370692
2010-02-01,0,-0.18459627082247035
2010-02-02,0,-0.40558302112901673
2010-02-03,0,-0.36821011503123874
2010-02-04,0,-0.4281565188503363
2010-02-05,0,-0.3413002743064505
2010-02-06,0,-0.4180588557501671
2010-02-07,0,-0.3208273673040124
2010-02-08,0,-0.3966717881817541
2010-02-09,0,-0.19054368519207474
2010-02-10,0,-0.25903708562926375
2010-02-11,0,-0.24745399344338956
2010-02-12,0,-0.1968748885915979
2010-02-13,0,-0.21018279274788926
2010-02-14,0,-0.25888924118242856
2010-02-15,0,-0.35268967847674354
2010-02-16,0,-0.5253451358665479
2010-02-17,0,-0.7376688895826768
2010-02-18,0,-0.4437973150153651
2010-02-19,0,-0.6018364795365354
2010-02-20,0,-0.4398282247643794
2010-02-21,0,-0.44775284948065164
2010-02-22,0,-0.7379091729853686
2010-02-23,0,-0.6439318080716121
2010-02-24,0,-0.5588394802760781
2010-02-25,0,-0.5474545816896128
2010-02-26,0,-0.8073510128026865
2010-02-27,0,-1.0726932578378456
2010-02-28,0,-0.9121033496724414
2010-03-01,0,-0.7026919776034558
2010-03-02,0,-0.9700534545921886
2010-03-03,0,-0.9003414466319487
2010-03-04,0,-0.7321386454327251
2010-03-05,0,-0.7643966439050802
2010-03-06,0,-0.7173237466869113
2010-03-07,0,-0.648416669618756
2010-03-08,0,-0.6354164677723348
2010-03-09,0,-0.730760380655035
2010-03-10,0,-0.9803997027314358
2010-03-11,0,-0.6114721962597304
2010-03-12,0,-0.8576101928241735
2010-03-13,0,-0.6552698080572723
2010-03-14,0,-0.6923474241575758
2010-03-15,0,-0.8759193171057017
2010-03-16,0,-0.9602142175548075
2010-03-17,0,-1.6553907806005297
2010-03-18,0,-2.125645245668735
2010-03-19,0,-1.8283895296214168
2010-03-20,0,-1.3664677574631536
2010-03-21,0,-1.1655209040715797
2010-03-22,0,-1.6140297364298841
2010-03-23,0,-1.6443497291029856
2010-03-24,0,-2.5367876718080384
2010-03-25,0,-2.479862738548185
2010-03-26,0,-1.1472696905641508
2010-03-27,0,-1.1903614741103314
2010-03-28,0,-1.1913132269147773
2010-03-29,0,7.416839203075094
2010-03-30,0,-0.5264194338184203
2010-03-31,0,3.0932629672376573
2010-04-01,0,-1.22620596911965
2010-04-02,0,-0.6104369683450195
2010-04-03,0,-1.2774488052169177
2010-04-04,0,5.994427489968603
2010-04-05,0,-1.7497089108836283
2010-04-06,0,-2.713769140634032
2010-04-07,0,-3.1456197335416896
2010-04-08,0,-1.8137454453668178
2010-04-09,0,-2.2994515859136904
2010-04-10,0,-1.892761646596281
2010-04-11,0,-1.2494614207798376
2010-04-12,0,-1.5767077240011813
2010-04-13,0,-2.2746611770667307
2010-04-14,0,-2.2720288815726812
2010-04-15,0,-2.577312149644992
2010-04-16,0,-1.8814417367702734
2010-04-17,0,-2.887855277697588
2010-04-18,0,-3.3641715919770285
2010-04-19,0,-2.1646932455147505
2010-04-20,0,-2.9519893257093175
2010-04-21,0,-1.9301660621601737
2010-04-22,0,-2.330261565351583
2010-04-23,0,-3.0023060976536016
2010-04-24,0,-3.737828366812049
2010-04-25,0,0.588311677582479
2010-04-26,0,-2.25940675186419
2010-04-27,0,-3.343303692568409
2010-04-28,0,-4.039688941596015
2010-04-29,0,-4.123171911900952
2010-04-30,0,-3.4303509959514527
2010-05-01,0,-2.385880774763122
2010-05-02,0,0.018343483804282634
2010-05-03,0,-0.4573243098432547
2010-05-04,0,-1.895890221274345
2010-05-05,0,-2.2317572420600276
2010-05-06,0,5.341826977417545
2010-05-07,0,0.060514071786211376
2010-05-08,0,-2.5585461780652703
2010-05-09,0,-2.9765298217316962
2010-05-10,0,-2.4032219047566845
2010-05-11,0,10.634532207453528
2010-05-12,0,-1.3190147614277303
2010-05-13,0,-0.8989511084044008
2010-05-14,0,-1.514563181125501
2010-05-15,0,-2.498133423951282
2010-05-16,0,-3.0935833475788717
2010-05-17,0,1.7033313288570207
2010-05-18,0,-2.841339430036756
2010-05-19,0,-3.19248150239303
2010-05-20,0,-3.7511822899838374
2010-05-21,0,-4.058886451794641
2010-05-22,0,-4.22578058432962
2010-05-23,0,-4.603460683351846
2010-05-24,0,-4.839075347530191
2010-05-25,0,-3.8626734931712545
2010-05-26,0,12.618145124084613
2010-05-27,0,-1.853979909367728
2010-05-28,0,-1.704368909600447
2010-05-29,0,-2.88126017129561
2010-05-30,0,7.77817473858209
2010-05-31,0,0.20795545330787668
2010-06-01,0,-3.135976412040764
2010-06-02,0,-4.189789263342418
2010-06-03,0,-4.341240356932746
2010-06-04,0,-4.994571855581051
2010-06-05,0,-5.34624702875444
2010-06-06,0,0.40901582634467726
2010-06-07,0,-4.010870861427684
2010-06-08,0,-1.5731363727297545
2010-06-09,0,-2.5424824149688465
2010-06-10,0,-1.9573588213376096
2010-06-11,0,-4.707457411880299
2010-06-12,0,-2.572451953856091
2010-06-13,0,-3.830158296809543
2010-06-14,0,-4.606580227331389
2010-06-15,0,-3.29061293988827
2010-06-16,0,-4.357575869925654
2010-06-17,0,-2.69975168025109
2010-06-18,0,-3.5918788180164736
2010-06-19,0,1.959834291467533
2010-06-20,0,-2.3960136611808225
2010-06-21,0,-3.142002284769317
2010-06-22,0,-4.1943657192936294
2010-06-23,0,-4.827483502407852
2010-06-24,0,-5.496820665438624
2010-06-25,0,-4.724495103748709
2010-06-26,0,-5.140150646302106
2010-06-27,0,-5.822655057586411
2010-06-28,0,-5.587769899036504
2010-06-29,0,-5.147246516310399
2010-06-30,0,-5.767670700369415
2010-07-01,0,-6.386333352140208
2010-07-02,0,-7.063864704977558
2010-07-03,0,32.11470344516725
2010-07-04,0,-4.7374194711839825
2010-07-05,0,-4.141339238656284
2010-07-06,0,-4.431995706982946
2010-07-07,0,-5.791042910512605
2010-07-08,0,-6.403247461206573
2010-07-09,0,-6.794559260409884
2010-07-10,0,15.494855312624859
2010-07-11,0,-6.096554216008905
2010-07-12,0,-4.723229988751364
2010-07-13,0,-5.156538864789174
2010-07-14,0,7.039695163744508
2010-07-15,0,-2.817480685257573
2010-07-16,0,-3.057082717540113
2010-07-17,0,-4.353237479621325
2010-07-18,0,-4.884845192981326
2010-07-19,0,-5.737451361440917
2010-07-20,0,-5.711212208419232
2010-07-21,0,-4.376442371099941
2010-07-22,0,-2.6826242931243995
2010-07-23,0,-1.8565396632517235
2010-07-24,0,-3.9894093100412324
2010-07-25,0,-3.9326602395876185
2010-07-26,0,6.504251321112102
2010-07-27,0,-3.6790918106831554
2010-07-28,0,-2.936600886973781
2010-07-29,0,1.156371580249313
2010-07-30,0,-3.94884505124587
2010-07-31,0,-3.8082428987783503
2010-08-01,0,-4.441187268567234
2010-08-02,0,-2.725233292367446
2010-08-03,0,-3.550320487162809
2010-08-04,0,0.5387182281583445
2010-08-05,0,-2.887544139040151
2010-08-06,0,-4.027878291814448
2010-08-07,0,-4.584405530684772
2010-08-08,0,16.884945759567966
2010-08-09,0,-3.85655043127319
2010-08-10,0,-3.1673099870891424
2010-08-11,0,0.5418671970631396
2010-08-16,0,37.239856848444425
2010-08-17,0,-0.22947291536285497
2010-08-18,0,-1.463462773970234
2010-08-19,0,-3.4691996146505475
2010-08-20,0,-4.5569963412134635
2010-08-21,0,-4.483911401674877
2010-08-22,0,0.1800918184056668
2010-08-23,0,2.644058954120849
2010-08-24,0,-2.608507740249605
2010-08-25,0,0.2452001419474752
2010-08-26,0,3.4502479549829026
2010-08-27,0,15.514784895620345
2010-08-28,0,0.8001346205940103
2010-08-29,0,6.6904704716661545
2010-08-30,0,17.739083295556643
2010-08-31,0,-2.7210310040346313
2010-09-01,0,-2.663793794776487
2010-09-02,0,-2.430072486994866
2010-09-03,0,-2.1789120738688643
2010-09-04,0,-2.6854294903293643
2010-09-05,0,-2.763280001368246
2010-09-06,0,-2.5692189146567626
2010-09-07,0,3.2533350528943963
2010-09-08,0,-1.9314548584037197
2010-09-09,0,-1.207769196031537
2010-09-10,0,-2.0577563410343362
2010-09-11,0,-2.907399575371289
2010-09-12,0,-0.2727489550473603
2010-09-13,0,-2.0259314359406764
2010-09-14,0,0.8404148909540219
2010-09-15,0,2.3408642707701253
2010-09-16,0,-0.06334337970298409
2010-09-17,0,-1.7797787341229268
2010-09-18,0,-1.9128010048250614
2010-09-19,0,-2.061406017370067
2010-09-20,0,-2.3973639528621478
2010-09-21,0,-2.5123555607727868
2010-09-22,0,-2.9713407899157858
2010-09-23,0,2.903269453725061
2010-09-24,0,6.063414419720868
2010-09-25,0,2.9544286937987456
2010-09-26,0,0.148071112090149
2010-09-27,0,-0.6445839612814315
2010-09-28,0,-0.7528850334152503
2010-09-29,0,-1.3386177277517353
2010-09-30,0,-0.33081907338567995
2010-10-01,0,0.33965580300578124
2010-10-02,0,3.3666920582878195
2010-10-03,0,-1.7299595140569786
2010-10-04,0,-2.027505049538859
2010-10-05,0,-1.57095605732677
2010-10-06,0,-1.4529284802391917
2010-10-07,0,-1.6528244912722994
2010-10-08,0,-1.5955627054393178
2010-10-09,0,-2.0286051646892465
2010-10-10,0,-1.6758644173008403
2010-10-11,0,-1.5857400376320763
2010-10-12,0,-1.4950949497357537
2010-10-13,0,-0.9783009214846026
2010-10-14,0,-1.1746136907224507
2010-10-15,0,5.546546079943025
2010-10-16,0,8.679853627064391
2010-10-17,0,-0.36638124523569376
2010-10-18,0,-0.9203040871840003
2010-10-19,0,9.681836346060809
2010-10-20,0,5.347212958993953
2010-10-21,0,-0.37939739006803563
2010-10-22,0,-0.8562849110166586
2010-10-23,0,1.847759765076883
2010-10-24,0,0.6311824295646389
2010-10-25,0,-0.8805502568047172
2010-10-26,0,-0.9776467927749697
2010-10-27,0,0.20626601119677868
2010-10-28,0,-0.552725709259579
2010-10-29,0,-1.0213976750181082
2010-10-30,0,-0.9096254425381605
2010-10-31,0,-0.7123560385653174
2010-11-01,0,-0.8941408236227506
2010-11-02,0,-0.7873363757222691
2010-11-03,0,-0.33860403003927864
2010-11-05,0,-0.37186159493770626
2010-11-06,0,6.1491838673105335
2010-11-07,0,2.5691605781226468
2010-11-08,0,1.5253854673898632
2010-11-09,0,0.5468359379826164
2010-11-10,0,2.796954515062648
2010-11-11,0,11.730263016502748
2010-11-12,0,8.74897736838711
2010-11-13,0,18.866141377630463
2010-11-14,0,-0.04204090755036649
2010-11-15,0,-0.5700000707258349
2010-11-16,0,-0.4954582972052198
2010-11-17,0,-0.13825434209017906
2010-11-18,0,-0.2744170782699673
2010-11-19,0,-0.3466973435205367
2010-11-20,0,-0.5188398817866842
2010-11-21,0,-0.35686654418481856
2010-11-22,0,-0.13925987926337272
2010-11-23,0,0.21444410392447066
2010-11-24,0,0.8422828706539186
2010-11-25,0,-0.21496309938118988
2010-11-26,0,-0.3149270482908774
2010-11-27,0,-0.29468726246038685
2010-11-28,0,-0.24908674549998908
2010-11-29,0,-0.14140705905590598
2010-11-30,0,-0.13569092779856953
2010-12-01,0,-0.1461206246074871
2010-12-02,0,-0.1998883729982448
2010-12-03,0,-0.24799035378199766
2010-12-04,0,-0.27165709339274785
2010-12-05,0,-0.16224062895860472
2010-12-06,0,-0.17961720204277706
2010-12-07,0,-0.20991833314990263
2010-12-08,0,-0.1643652348041625
2010-12-09,0,-0.20258688284949172
2010-12-10,0,-0.1102982689015426
2010-12-11,0,-0.14515975639577566
2010-12-12,0,7.129671059716056
2010-12-13,0,-0.18333202351011701
2010-12-14,0,-0.14944438713097122
2010-12-15,0,-0.2044417575569351
2010-12-16,0,-0.2510772691384078
2010-12-17,0,-0.19354062360229837
2010-12-18,0,-0.1847123363061523
2010-12-19,0,-0.21470262854938796
2010-12-20,0,-0.20191010912099375
2010-12-21,0,-0.018500966844512662
2010-12-22,0,0.10597341159698292
2010-12-23,0,0.386243689879455
2010-12-24,0,-0.1474184945630228
2010-12-25,0,-0.1327994810284571
2010-12-26,0,-0.23048427020948484
2010-12-27,0,-0.12951649647208988
2010-12-28,0,-0.21373290096696854
2010-12-29,0,-0.201658911505077
2010-12-30,0,-0.18513435380047666
2011-01-04,0,-0.003998264780856797
2011-01-05,0,-0.31710234962036277
2011-01-06,0,9.925055844761987
2011-01-07,0,1.5944015653412498
2011-01-08,0,5.169303815515136
2011-01-09,0,5.627047150659082
2011-01-10,0,-0.23329725227104037
2011-01-11,0,0.2240891382064084
2011-01-12,0,7.144262949715882
2011-01-13,0,12.71813035141129
2011-01-14,0,4.132948213997182
2011-01-15,0,-0.2723907734818927
2011-01-16,0,-0.47791589224834474
2011-01-17,0,-0.34066654419343206
2011-01-18,0,3.1444141739390554
2011-01-19,0,0.935399120983877
2011-01-20,0,-0.3091967861612471
2011-01-21,0,-0.25497817767371045
2011-01-22,0,-0.2639899306047894
2011-01-23,0,-0.24480014375124318
2011-01-24,0,0.04078329090919097
2011-01-25,0,2.881930336018684
2011-01-26,0,-0.23603527582797137
2011-01-27,0,-0.16291191245491127
2011-01-28,0,-0.26134592416594715
2011-01-29,0,-0.36483029736885203
2011-01-30,0,-0.38318901842311226
2011-01-31,0,-0.4053148466119323
2011-02-01,0,1.8416363668674114
2011-02-02,0,-0.2616038695696155
2011-02-03,0,0.40487182921413306
2011-02-04,0,-0.5400376934544273
2011-02-05,0,-0.3807659853716041
2011-02-06,0,-0.5304103152637879
2011-02-07,0,-0.8933794720980499
2011-02-08,0,-0.03380050894395603
2011-02-09,0,-0.965573422331586
2011-02-10,0,2.3616904212641154
2011-02-11,0,5.782141187957873
2011-02-12,0,-0.6413056695906973
2011-02-13,0,-0.6772201937510217
2011-02-14,0,2.1898978028543556
2011-02-15,0,-0.6253204911955403
2011-02-16,0,-0.9466493772049855
2011-02-17,0,-0.8549768216148075
2011-02-18,0,-0.35667982647509794
2011-02-19,0,-0.491821844301377
2011-02-20,0,-0.461328348359714
2011-02-21,0,-0.3845037474412632
2011-02-22,0,-0.6347032497333391
2011-02-23,0,-0.7749949521172793
2011-02-24,0,0.14650930968396547
2011-02-25,0,-0.8652028188052485
2011-02-26,0,3.8327394134376322
2011-02-27,0,7.466164244620178
2011-02-28,0,-0.45004878736564086
2011-03-01,0,-0.8101041196230637
2011-03-02,0,-1.0211751802004847
2011-03-03,0,-0.9542633311229538
2011-03-04,0,-1.1956331116073562
2011-03-05,0,-0.9402620764610813
2011-03-06,0,-0.7548738226364857
2011-03-07,0,-1.0729405878444886
2011-03-08,0,-1.628428935717538
2011-03-09,0,-0.14228009770924954
2011-03-10,0,-0.842425830391055
2011-03-11,0,-1.303009410209581
2011-03-12,0,-1.7024243953167604
2011-03-13,0,-0.8932453387169496
2011-03-14,0,-1.4444638287966023
2011-03-15,0,-2.077648160600484
2011-03-16,0,-1.6687889409326522
2011-03-17,0,-0.4793322302395087
2011-03-18,0,3.263663191564348
2011-03-19,0,-0.6177210805113371
2011-03-20,0,-1.6302594801584256
2011-03-21,0,-2.038786329489679
2011-03-22,0,-2.1157836855910355
2011-03-23,0,-2.1292788316904203
2011-03-24,0,-2.216616648111585
2011-03-25,0,-2.432663529704361
2011-03-26,0,-1.7477903743870375
2011-03-27,0,-2.1747926150161323
2011-03-28,0,-1.9320042984516657
2011-03-29,0,-2.608555975661931
2011-03-30,0,-2.411277334040925
2011-03-31,0,0.25739909351784984
2011-04-01,0,-2.009653181374724
2011-04-02,0,-3.1078595486704654
2011-04-03,0,2.141392252197823
2011-04-04,0,0.13555372339187355
2011-04-05,0,-1.8091183149939774
2011-04-06,0,-2.997115713660114
2011-04-07,0,-2.7526746708422376
2011-04-08,0,-2.523036954384713
2011-04-09,0,-2.5772308638779715
2011-04-10,0,-3.1472493933754637
2011-04-11,0,-3.6426050531740253
2011-04-12,0,10.61333412187102
2011-04-13,0,-2.0829205711503844
2011-04-14,0,-1.9816107093286655
2011-04-15,0,-2.5034044467385477
2011-04-16,0,-2.48520655631267
2011-04-17,0,-2.7401399996404194
2011-04-18,0,-3.3576843477034157
2011-04-19,0,-3.996317582626345
2011-04-20,0,-3.8636022080463603
2011-04-21,0,-4.247290378587877
2011-04-22,0,-4.130325231256692
2011-04-23,0,-4.150635932984238
2011-04-24,0,-4.004455284500004
2011-04-25,0,-3.7548479237145194
2011-04-26,0,-3.5095797190303895
2011-04-27,0,0.9095868452240585
2011-04-28,0,-0.13258790960986433
2011-04-29,0,-3.4093416253102364
2011-04-30,0,-3.570232830019559
2011-05-01,0,-3.649734994501682
2011-05-02,0,-3.1046044947610856
2011-05-03,0,-2.778147623628066
2011-05-04,0,-2.9005227637057054
2011-05-05,0,-3.7800257989998376
2011-05-06,0,-4.446702821227523
2011-05-07,0,-4.766358267277066
2011-05-08,0,-4.853307001688524
2011-05-09,0,-4.671674818684545
2011-05-10,0,-0.5932117072055978
2011-05-11,0,-3.794729654516203
2011-05-12,0,-3.6472459150440146
2011-05-13,0,-3.955277881502645
2011-05-14,0,-3.3243382169231035
2011-05-15,0,3.3623037704632646
2011-05-16,0,-2.1149249511535304
2011-05-17,0,-3.688140297640128
2011-05-18,0,-4.413731001941941
2011-05-19,0,-3.7087644685547843
2011-05-20,0,-4.132307259003838
2011-05-21,0,-4.652969322067495
2011-05-22,0,5.7389378952602925
2011-05-23,0,-4.511360979940707
2011-05-24,0,-3.643822025662991
2011-05-25,0,-4.73668463222607
2011-05-26,0,-4.553028540725003
2011-05-27,0,-2.717325337503241
2011-05-28,0,-3.960002596927784
2011-05-29,0,-4.681638772166775
2011-05-30,0,-5.913830901927349
2011-05-31,0,7.876010851193506
2011-06-01,0,-3.5956880104482525
2011-06-02,0,-4.492633944432069
2011-06-03,0,-4.904662566318359
2011-06-04,0,-4.1573525211112985
2011-06-05,0,10.564171076174748
2011-06-06,0,-1.257409976218069
2011-06-07,0,26.567460007391485
2011-06-08,0,-2.7958819066246083
2011-06-09,0,-3.695666511285925
2011-06-10,0,-2.2762448067135317
2011-06-11,0,-0.622905677136786
2011-06-12,0,-4.261274390380185
2011-06-13,0,-2.0946580871539338
2011-06-14,0,-4.188020141734885
2011-06-15,0,-4.719393336559497
2011-06-16,0,-3.5480521363698294
2011-06-17,0,-1.9217668752124464
2011-06-18,0,1.6018566590460415
2011-06-19,0,10.939549031194286
2011-06-20,0,-0.42527864184444697
2011-06-21,0,0.7323796704835899
2011-06-22,0,4.720903693585752
2011-06-23,0,-2.6867801361054173
2011-06-24,0,-0.41077156463499787
2011-06-25,0,-2.673710265230308
2011-06-26,0,-4.729068886412485
2011-06-27,0,-6.490127793006088
2011-06-28,0,-6.5174992913415215
2011-06-29,0,-0.1760262228509628
2011-06-30,0,-3.000555094362111
2011-07-01,0,-2.263320459455461
2011-07-02,0,-3.253790106158582
2011-07-03,0,-3.991270985298248
2011-07-04,0,-3.8327032157674443
2011-07-05,0,-5.653324702743957
2011-07-06,0,-2.2233832231433714
2011-07-07,0,-4.4106929752582476
2011-07-08,0,-4.26726634205924
2011-07-09,0,-4.0922501817535775
2011-07-10,0,-3.0279841757843435
2011-07-11,0,-4.540718762178351
2011-07-12,0,-4.205883653074062
2011-07-13,0,-2.8241442499331466
2011-07-14,0,1.458020628809816
2011-07-15,0,-4.033245055522913
2011-07-16,0,-0.09439375566155661
2011-07-17,0,0.47453548038363325
2011-07-19,0,-3.1224273344020212
2011-07-20,0,-3.1705062469581273
2011-07-21,0,-2.2738749933670808
2011-07-22,0,-2.275137508211734
2011-07-23,0,-2.0738252021033814
2011-07-24,0,0.3776351356248453
2011-07-25,0,-4.1325884297993305
2011-07-26,0,-2.558760466159964
2011-07-27,0,2.6027733678406886
2011-07-28,0,-3.4736438038456106
2011-07-29,0,-2.654541009503821
2011-07-30,0,-1.589605107604225
2011-07-31,0,-2.1663090650643664
2011-08-01,0,-4.591750956596229
2011-08-02,0,-5.046878177387628
2011-08-03,0,-1.1635627625231213
2011-08-04,0,-3.7265647608205983
2011-08-05,0,-3.5769336756137973
2011-08-06,0,-1.436904103596294
2011-08-07,0,-2.819838902928224
2011-08-08,0,8.176080410224435
2011-08-09,0,10.465228564808601
2011-08-10,0,-3.3181710694751088
2011-08-11,0,-2.0205486498928136
2011-08-12,0,-1.8139073464132638
2011-08-13,0,-2.9282064011422
2011-08-14,0,15.20034248917581
2011-08-15,0,-3.1836827038231004
2011-08-16,0,-2.525592390727419
2011-08-17,0,-0.2271526380717388
2011-08-19,0,-0.882544152629659
2011-08-20,0,-4.192538268452756
2011-08-21,0,-3.82938324262206
2011-08-22,0,-3.2676452727552614
2011-08-23,0,-2.7991713819682613
2011-08-24,0,-3.5709589163857376
2011-08-25,0,4.593311747815939
2011-08-26,0,4.526288772950677
2011-08-27,0,2.289616218889565
2011-08-28,0,-1.8868798551106987
2011-08-29,0,-2.2123223944671295
2011-08-30,0,-2.25691953586299
2011-08-31,0,-2.9011769457730012
2011-09-01,0,-3.1519687294678946
2011-09-02,0,-3.821192647146461
2011-09-03,0,-4.0360256981858935
2011-09-04,0,0.6475745564258979
2011-09-05,0,-0.6683229634538681
2011-09-06,0,1.0285035241816822
2011-09-07,0,0.18577614662647557
2011-09-08,0,5.175351182077488
2011-09-09,0,-1.493438023006164
2011-09-10,0,-2.985151212721088
2011-09-11,0,2.2723645052810526
2011-09-12,0,-2.2148277274573447
2011-09-13,0,-1.860659480509865
2011-09-14,0,-1.8043596263253157
2011-09-15,0,-2.4178443794923323
2011-09-16,0,-1.8499107728829145
2011-09-17,0,-0.5706352511755022
2011-09-18,0,3.2898936089120374
2011-09-19,0,2.7249448271233256
2011-09-20,0,-1.7159231883230572
2011-09-21,0,-1.484044128092073
2011-09-22,0,-1.3992759414468297
2011-09-23,0,-2.152510189314313
2011-09-24,0,-2.174147961375961
2011-09-25,0,-2.680390465928262
2011-09-26,0,-2.4267918091143703
2011-09-27,0,-2.3772547029706965
2011-09-28,0,-2.705345046436633
2011-09-29,0,-2.7321221985703392
2011-09-30,0,-2.970480962423324
2011-10-01,0,-2.886966266433311
2011-10-02,0,-2.600267914327696
2011-10-03,0,-2.446583256790977
2011-10-04,0,-1.2249411501806586
2011-10-05,0,-1.0848192337560452
2011-10-06,0,1.4964954465420282
2011-10-07,0,21.8282754480491
2011-10-08,0,5.677416053352111
2011-10-09,0,-0.19046127869310592
2011-10-10,0,-0.9772872539881661
2011-10-11,0,-0.5453485332328755
2011-10-12,0,-0.2741203856901532
2011-10-13,0,-1.234497173766565
2011-10-14,0,-1.3149724354434174
2011-10-15,0,-1.463539916811304
2011-10-16,0,-1.5484128120075704
2011-10-17,0,-1.229906846373388
2011-10-18,0,0.3728002856988243
2011-10-19,0,1.4727801033780623
2011-10-20,0,-0.6145652329770916
2011-10-21,0,-0.9876939135033598
2011-10-22,0,-1.1927821367218903
2011-10-23,0,-1.254486514013061
2011-10-24,0,-0.8195460388654644
2011-10-25,0,-0.3930296227847373
2011-10-26,0,-0.6588528081078853
2011-10-27,0,-1.2122253862368022
2011-10-28,0,-1.274635136578231
2011-10-29,0,-1.2172001182674934
2011-10-30,0,-1.1274706943615347
2011-10-31,0,-1.2204999993520513
2011-11-01,0,-0.7926606546322991
2011-11-02,0,-0.9859550557865778
2011-11-03,0,-0.5878574039091975
2011-11-04,0,-0.8234921984646746
2011-11-05,0,-1.0999616791505622
2011-11-06,0,-0.8800658133849061
2011-11-07,0,-0.3244419265177809
2011-11-08,0,-0.8187986186534606
2011-11-09,0,-1.0306231668107777
2011-11-10,0,-1.0975190922348845
2011-11-11,0,-0.45628149450357514
2011-11-12,0,-0.9790322835817316
2011-11-13,0,-0.8770452655978539
2011-11-14,0,-0.96208332965823
2011-11-15,0,-0.7918074394076434
2011-11-16,0,-0.7471577718931705
2011-11-17,0,-0.5574478132787217
2011-11-18,0,-0.6588414855276415
2011-11-19,0,-0.6879986019857844
2011-11-20,0,-0.6975461922652253
2011-11-21,0,-0.7616528028319187
2011-11-22,0,-0.7585218955622004
2011-11-23,0,-0.5831868516226623
2011-11-24,0,-0.6120191640321717
2011-11-25,0,-0.4531431194340872
2011-11-26,0,-0.37119254820896536
2011-11-27,0,-0.21522505973281725
2011-11-28,0,-0.5008403273886182
2011-11-29,0,-0.24232133661887867
2011-11-30,0,-0.4752294741391064
2011-12-01,0,1.3829494016713348
2011-12-02,0,4.897532068371701
2011-12-03,0,4.379700775111638
2011-12-04,0,18.982540388815668
2011-12-05,0,3.599407328497981
2011-12-06,0,0.6911198893539325
2011-12-07,0,17.485654734983363
2011-12-08,0,0.5377525697300212
2011-12-09,0,12.378932289992056
2011-12-10,0,-0.2711056151808709
2011-12-11,0,-0.34940925983817805
2011-12-12,0,6.194374562032494
2011-12-13,0,9.929975487172703
2011-12-14,0,9.860556284280795
2011-12-15,0,0.7275320952220932
2011-12-16,0,13.797903432319323
2011-12-17,0,0.123099838099679
2011-12-18,0,-0.11115316992166852
2011-12-19,0,-0.15073277785524572
2011-12-20,0,3.5785351581663885
2011-12-21,0,-0.15911063644365708
2011-12-22,0,0.07630747013826261
2011-12-23,0,1.4421821381062405
2011-12-24,0,5.484457230042606
2011-12-25,0,-0.058831760208177875
2011-12-26,0,-0.21564046670519726
2011-12-27,0,-0.26434952571741804
2011-12-28,0,0.3609514686128446
2011-12-29,0,15.979959940828374
2011-12-30,0,0.21198636800250104
2011-12-31,0,0.05162945285239756
2012-01-01,0,3.506664649213577
2012-01-02,0,9.70092775207396
2012-01-03,0,2.571821997046837
2012-01-04,0,4.070877442989763
2012-01-05,0,32.17758747727798
2012-01-06,0,6.612615337559405
2012-01-07,0,7.394077739038665
2012-01-08,0,1.909189696859629
2012-01-09,0,0.2761694146673355
2012-01-10,0,-0.2081054206808169
2012-01-11,0,-0.22208853748801127
2012-01-12,0,0.5683679432454668
2012-01-13,0,-0.18954646064013417
2012-01-14,0,-0.35698913515225883
2012-01-15,0,-0.3452649373659628
2012-01-16,0,-0.4260200865951006
2012-01-17,0,-0.5612850357039371
2012-01-18,0,0.13286936303325192
2012-01-19,0,21.095640048274227
2012-01-20,0,1.6719923290409568
2012-01-21,0,6.155325188731009
2012-01-22,0,0.7372730794641931
2012-01-23,0,4.948907184212548
2012-01-24,0,0.20489603751889943
2012-01-25,0,-0.2730166225879443
2012-01-26,0,-0.08453867121841484
2012-01-30,0,-0.1421469472809695
2012-01-31,0,-0.29443097631497417
2012-02-01,0,-0.24325088219484522
2012-02-02,0,-0.1855281931780639
2012-02-03,0,-0.18188559079782457
2012-02-04,0,-0.17972212738513943
2012-02-05,0,-0.1989221968013244
2012-02-06,0,-0.2599114530262399
2012-02-07,0,-0.10035208330384095
2012-02-08,0,-0.28048079330699055
2012-02-09,0,-0.28322935152988377
2012-02-10,0,-0.2949668269434912
2012-02-11,0,-0.1937365702483626
2012-02-12,0,-0.3862932294440838
2012-02-13,0,-0.3005205598727865
2012-02-14,0,-0.3251994123243495
2012-02-15,0,2.785146589599821
2012-02-16,0,-0.4560726101957519
2012-02-17,0,-0.36127520434084875
2012-02-18,0,1.6749498340485047
2012-02-19,0,2.7669948169294587
2012-02-20,0,-0.6168353977476221
2012-02-21,0,-0.7219254033591065
2012-02-22,0,-0.8913529983957047
2012-02-23,0,-0.7424155515652764
2012-02-24,0,-0.6468411202188418
2012-02-25,0,-0.8921948879067394
2012-02-26,0,-0.21594414478674062
2012-02-27,0,-0.8338040544621326
2012-02-28,0,-0.6482459779743351
2012-02-29,0,-1.0495044224364651
2012-03-01,0,-1.5967888712424765
2012-03-02,0,-0.8714506380010094
2012-03-03,0,-0.996596034379479
2012-03-04,0,-0.48455778537552585
2012-03-05,0,-0.6826606104177007
2012-03-06,0,-1.1039033743994093
2012-03-07,0,0.4590216643963265
2012-03-08,0,-0.7632253786593397
2012-03-09,0,-1.3517648311495922
2012-03-10,0,-0.3578767333131495
2012-03-11,0,-0.8676087536158739
2012-03-12,0,-1.2065430549870058
2012-03-13,0,-0.7551965979295575
2012-03-14,0,-1.442575201959681
2012-03-15,0,-2.5905449893573045
2012-03-16,0,-2.43151923463037
2012-03-17,0,-1.866318287731269
2012-03-18,0,-0.6267261214652349
2012-03-19,0,-1.4640962857746194
2012-03-20,0,-1.8638859889644637
2012-03-21,0,-2.0221957622574607
2012-03-22,0,-2.4449126732291817
2012-03-23,0,-2.512469692479904
2012-03-24,0,-2.42809443054398
2012-03-25,0,-2.536544938696906
2012-03-26,0,-2.4429345909950047
2012-03-27,0,-2.5641927926595476
2012-03-28,0,-2.5736685334324156
2012-03-29,0,-1.9931755203903296
2012-03-30,0,-0.9752129698297687
2012-03-31,0,-1.484736197417359
2012-04-01,0,-1.76296755873673
2012-04-02,0,-2.1419172670274675
2012-04-03,0,-1.7153618944554396
2012-04-04,0,-1.6333660696399075
2012-04-05,0,-0.7779582234087276
2012-04-06,0,-1.7008814958896037
2012-04-07,0,2.054867655550755
2012-04-08,0,-1.609061435971
2012-04-09,0,1.4142611718911398
2012-04-10,0,0.3768633541155446
2012-04-11,0,-1.9332701612737402
2012-04-12,0,-0.8029482933279541
2012-04-13,0,-1.9998513360774455
2012-04-14,0,0.12011649724565032
2012-04-15,0,1.7538600439952234
2012-04-16,0,-1.7874952662671302
2012-04-17,0,-1.8654000060601081
2012-04-18,0,-0.6813757256287789
2012-04-19,0,0.6116140691011043
2012-04-20,0,-2.4479506515805847
2012-04-21,0,4.87049615896985
2012-04-22,0,6.196561266692719
2012-04-23,0,-1.0660616889003784
2012-04-24,0,3.087428653785218
2012-04-25,0,5.001747364651328
2012-04-26,0,1.2359790662635806
2012-04-27,0,0.9365382450864939
2012-04-28,0,-3.9877104072569294
2012-04-29,0,-3.7378378678238686
2012-04-30,0,-3.739222020171614
2012-05-01,0,-2.469591166660009
2012-05-02,0,-1.2845217884118436
2012-05-03,0,-2.526731165084423
2012-05-04,0,3.755170254052758
2012-05-05,0,1.3416386720947995
2012-05-06,0,1.817421264263825
2012-05-07,0,-2.7431272903214685
2012-05-08,0,-3.9560639923526733
2012-05-09,0,-0.9851340254971732
2012-05-10,0,-4.325506123967186
2012-05-11,0,-1.5469550097306404
2012-05-12,0,-2.5503202931800857
2012-05-13,0,-2.893612307029536
2012-05-14,0,-3.96712075846052
2012-05-15,0,1.890788164775469
2012-05-16,0,2.5991178472725265
2012-05-17,0,-3.5382115828654466
2012-05-18,0,-1.4711380496934918
2012-05-19,0,-3.6214480228761925
2012-05-20,0,15.30265617788709
2012-05-21,0,-4.085472836164946
2012-05-22,0,-4.287583995076249
2012-05-23,0,-4.884802819891013
2012-05-24,0,-1.6136293221515015
2012-05-25,0,-4.5860988464858945
2012-05-26,0,-4.7482404578100565
2012-05-27,0,-4.67525745356296
2012-05-28,0,-4.935081515175056
2012-05-29,0,13.823066586432418
2012-05-30,0,-4.028835418810469
2012-05-31,0,-2.821830056767461
2012-06-01,0,-2.701554445460846
2012-06-02,0,-3.2951256903134034
2012-06-03,0,-1.8729389410450414
2012-06-04,0,2.842584987216427
2012-06-05,0,-3.2858399355772763
2012-06-06,0,4.462764028850944
2012-06-07,0,-3.4491011890761047
2012-06-08,0,-2.2413830982323795
2012-06-09,0,-3.2829742019605668
2012-06-10,0,-3.8893164219777443
2012-06-11,0,2.793296524935558
2012-06-12,0,11.492278951892953
2012-06-13,0,4.7953774241945775
2012-06-14,0,-3.0843697262159613
2012-06-15,0,-0.6220930797639475
2012-06-16,0,1.4457080038758034
2012-06-17,0,-4.280553278782349
2012-06-18,0,-3.586805631352962
2012-06-19,0,-2.7725169474730667
2012-06-20,0,7.477065200207337
2012-06-21,0,7.851826192805584
2012-06-22,0,-2.096126629233539
2012-06-25,0,-3.358338493432971
2012-06-26,0,-4.510185495662599
2012-06-27,0,-3.2565019435993277
2012-06-28,0,-5.530083790506147
2012-06-29,0,10.119497836084484
2012-06-30,0,-4.345239264148451
2012-07-01,0,-3.9817631375294065
2012-07-02,0,-4.105967368500558
2012-07-03,0,-4.497414799646852
2012-07-04,0,-4.580083107799081
2012-07-05,0,10.389045794376068
2012-07-06,0,-4.163382949633541
2012-07-07,0,-4.260377464796639
2012-07-08,0,4.872897235199824
2012-07-09,0,-3.3215558781958525
2012-07-10,0,12.59273526613586
2012-07-11,0,0.3688639171539565
2012-07-12,0,0.8908997216074548
2012-07-13,0,5.55474007364786
2012-07-14,0,6.486649781550435
2012-07-15,0,2.904129995508885
2012-07-16,0,-2.065957651264668
2012-07-17,0,-2.048942280432309
2012-07-18,0,-3.877226220718231
2012-07-19,0,-1.0540970843378301
2012-07-20,0,-3.0099097955324052
2012-07-21,0,-3.2499021127105014
2012-07-22,0,-4.1875695699241655
2012-07-23,0,-4.737596645970917
2012-07-24,0,-5.143019561149208
2012-07-25,0,-5.334059721619376
2012-07-26,0,-4.934533450693055
2012-07-27,0,18.20012844392154
2012-07-28,0,4.256906040440777
2012-07-29,0,-2.9828405709847736
2012-07-30,0,-0.2499434157791014
2012-07-31,0,-3.5613338744873
2012-08-01,0,-5.20703881229137
2012-08-02,0,-0.09093368949515268
2012-08-03,0,-3.0958600690753353
2012-08-04,0,-3.5901165738100542
2012-08-05,0,5.774354614145082
2012-08-06,0,-2.027160668341909
2012-08-07,0,-2.9996945080231376
2012-08-08,0,-3.36426187406381
2012-08-09,0,-3.624219459835218
2012-08-10,0,-3.509270522946311
2012-08-11,0,-3.7875528374920346
2012-08-12,0,-4.035304924573152
2012-08-13,0,-2.1939071443006775
2012-08-14,0,3.136086029942412
2012-08-15,0,-4.162195420863953
2012-08-16,0,-3.582302709915158
2012-08-17,0,-4.2681908021704125
2012-08-18,0,-5.340868405502006
2012-08-19,0,-5.53103109815815
2012-08-20,0,-3.6162458366507613
2012-08-21,0,-4.133822595056249
2012-08-22,0,-2.162712430717407
2012-08-23,0,-3.6664634947521066
2012-08-24,0,1.8411280624870034
2012-08-25,0,-2.6967727376226738
2012-08-26,0,29.36286174810943
2012-08-27,0,-3.3164716819600377
2012-08-28,0,-2.899019614429848
2012-08-29,0,-3.6337342545282154
2012-08-30,0,-2.4967685224611653
2012-09-03,0,-2.3671652453978713
2012-09-04,0,-3.3132622842077644
2012-09-05,0,-2.473616247574845
2012-09-06,0,-2.6537784779391953
2012-09-07,0,-3.2437147327043645
2012-09-08,0,-3.6916041341892134
2012-09-09,0,-3.59165988337765
2012-09-10,0,-3.184276026541031
2012-09-11,0,-0.502058502636066
2012-09-12,0,3.5206557457467405
2012-09-13,0,-1.6214344576154391
2012-09-14,0,-1.2949429527823961
2012-09-15,0,-2.08777301016381
2012-09-16,0,-2.651197858618723
2012-09-17,0,-2.412991408421743
2012-09-18,0,-2.008129297565445
2012-09-19,0,-0.4123102388453972
2012-09-20,0,-1.7719995372342396
2012-09-21,0,-2.1932455162977536
2012-09-22,0,-1.5836758110330829
2012-09-23,0,-2.03729373028254
2012-09-24,0,2.3771367475313667
2012-09-25,0,2.495435013962886
2012-09-26,0,2.024980067219923
2012-09-27,0,4.239479109544491
2012-09-28,0,-1.608908631863143
2012-09-29,0,-1.7067764899374238
2012-09-30,0,-1.8808256666968233
2012-10-01,0,-2.007058585812297
2012-10-02,0,-1.1585987986387973
2012-10-03,0,16.744874879000548
2012-10-04,0,12.67998353894068
2012-10-05,0,17.491887453097128
2012-10-06,0,8.943121425927405
2012-10-07,0,-0.5664482427808311
2012-10-08,0,-0.16248445393652666
2012-10-09,0,-1.263622279569478
2012-10-10,0,-1.2185365270459931
2012-10-11,0,-0.18123376105841404
2012-10-12,0,1.4003426517327824
2012-10-13,0,6.403612104945038
2012-10-14,0,0.6371990325281613
2012-10-15,0,-0.8304170261121844
2012-10-16,0,-0.6157207543386964
2012-10-17,0,-1.1381572301565681
2012-10-18,0,-1.1456737160627644
2012-10-19,0,-1.1787225468407536
2012-10-20,0,-1.3172471570415434
2012-10-21,0,-1.63453297107143
2012-10-22,0,-1.8327701696049556
2012-10-23,0,-1.443282920188316
2012-10-24,0,-1.3794074282402609
2012-10-25,0,-1.0111571541672877
2012-10-26,0,18.010487514610737
2012-10-27,0,-0.55228223344749
2012-10-28,0,-0.7211802830582137
2012-10-29,0,0.8799189543826957
2012-10-30,0,6.441655650867491
2012-10-31,0,-0.665942794878156
2012-11-01,0,6.96394241566027
2012-11-02,0,2.4972913242624166
2012-11-03,0,5.0301425621573355
2012-11-04,0,1.7775860108233759
2012-11-05,0,1.749158008712649
2012-11-06,0,0.973502814856989
2012-11-07,0,1.4846060169850135
2012-11-08,0,-0.33034571124404183
2012-11-09,0,-0.42810060447907566
2012-11-10,0,0.6875672945232167
2012-11-11,0,-0.5982914180818327
2012-11-12,0,-0.5088021588554293
2012-11-13,0,-0.5338396522107317
2012-11-14,0,-0.6983811587120013
2012-11-15,0,-0.2564179599811045
2012-11-16,0,-0.5622955602555818
2012-11-17,0,-0.421431724954114
2012-11-18,0,0.2026964460791848
2012-11-19,0,-0.41562801607342215
2012-11-20,0,-0.6842386229687459
2012-11-21,0,-0.4177605066501306
2012-11-22,0,-0.3409857528334754
2012-11-23,0,3.5737719648309936
2012-11-24,0,0.15243644220382013
2012-11-25,0,-0.16614811095536608
2012-11-26,0,0.9131811664643803
2012-11-27,0,-0.42356211565517876
2012-11-28,0,-0.2625619084669298
2012-11-29,0,0.7125892796404455
2012-11-30,0,-0.3127525029027719
2012-12-01,0,-0.05670857286144637
2012-12-02,0,0.31643366507601556
2012-12-03,0,1.1672781907386338
2012-12-04,0,-0.0024784191409707723
2012-12-05,0,0.012022187108362281
2012-12-06,0,-0.11888111668622359
2012-12-07,0,-0.1734743988289272
2012-12-08,0,-0.24982031959643905
2012-12-09,0,4.585814845806491
2012-12-10,0,1.4736621953185374
2012-12-11,0,-0.21482417063651993
2012-12-12,0,-0.23211597944606016
2012-12-13,0,-0.2935665502539524
2012-12-14,0,3.685179040312638
2012-12-15,0,4.343023076382206
2012-12-16,0,3.1951606970879145
2012-12-17,0,4.337891542145651
2012-12-18,0,-0.19471672604190257
2012-12-19,0,-0.31189712945651177
2012-12-20,0,4.0400312809911485
2012-12-21,0,0.25309580428112816
2012-12-22,0,9.663600005830263
2012-12-23,0,7.878884205379482
2012-12-24,0,-0.3772788015949878
2012-12-25,0,8.64174140745149
2012-12-26,0,9.321325780681589
2012-12-27,0,13.887028006586773
2012-12-28,0,1.888009226823841
2012-12-29,0,0.5421342415417187
2012-12-30,0,2.71227806817635
2012-12-31,0,-0.17100064972307147
2013-01-01,0,5.319314880806792
2013-01-02,0,-0.03795346247632328
2013-01-03,0,1.6759352607088038
2013-01-04,0,-0.2879816725800195
2013-01-05,0,-0.1845028852864905
2013-01-06,0,-0.20443712458053165
2013-01-07,0,-0.2629710611462913
2013-01-08,0,-0.2584555662893269
2013-01-09,0,2.0317936422220675
2013-01-10,0,-0.22822604784968567
2013-01-11,0,-0.31747064115504686
2013-01-12,0,-0.1486063448214458
2013-01-13,0,-0.23192068903356144
2013-01-14,0,-0.21948802925306463
2013-01-15,0,-0.20631359501190297
2013-01-16,0,-0.13230204042428648
2013-01-17,0,-0.1191763492322373
2013-01-18,0,-0.16102436404548084
2013-01-19,0,-0.14455694872846225
2013-01-20,0,3.372937635299337
2013-01-21,0,-0.2522328986624219
2013-01-22,0,-0.25311645253131837
2013-01-23,0,-0.26829572979232647
2013-01-24,0,-0.22708768782758693
2013-01-25,0,-0.1179446338965727
2013-01-26,0,-0.3188963275753166
2013-01-27,0,2.3410301731194427
2013-01-28,0,0.3958709048007723
2013-01-29,0,13.772721706831408
2013-01-30,0,6.443652146257951
2013-01-31,0,1.3892530539768555
2013-02-01,0,3.9173748929284553
2013-02-02,0,0.60712992128451
2013-02-03,0,1.7143547944132855
2013-02-04,0,2.5035617956785856
2013-02-05,0,1.8610854496946292
2013-02-06,0,7.470853168289882e-05
2013-02-07,0,0.6211591469734143
2013-02-08,0,-0.2796452884291145
2013-02-09,0,-0.48604419531643805
2013-02-10,0,-0.3354239018361526
2013-02-11,0,-0.3123995283747481
2013-02-12,0,-0.21874987621288655
2013-02-13,0,-0.45831436214462196
2013-02-14,0,0.8686271584324152
2013-02-15,0,-0.4856691500230522
2013-02-16,0,-0.5047004977547533
2013-02-17,0,-0.7013249947099479
2013-02-18,0,-0.7865313416191996
2013-02-19,0,-0.46346602492690825
2013-02-20,0,-0.39050358037982785
2013-02-21,0,-0.36398331829885966
2013-02-22,0,-0.2502247595835114
2013-02-23,0,-0.2856457179005451
2013-02-24,0,-0.34746443697028995
2013-02-25,0,-0.17122082735331512
2013-02-26,0,-0.3908092669600652
2013-02-27,0,-0.3450585973344676
2013-02-28,0,-0.429250560124027
2013-03-01,0,-0.3960165053825373
2013-03-02,0,-0.44850548048144606
2013-03-03,0,-0.6043861822119752
2013-03-04,0,-1.1898094995429918
2013-03-05,0,-1.5857433031347945
2013-03-06,0,-1.742531189214815
2013-03-07,0,0.9651776509791672
2013-03-08,0,-1.7347893412606794
2013-03-09,0,2.1711776921140498
2013-03-10,0,-1.0959900784994403
2013-03-11,0,-0.3784601212231518
2013-03-12,0,-0.22868900733414113
2013-03-13,0,-0.7231632691122745
2013-03-14,0,0.00332042721465875
2013-03-15,0,-0.8405566314759555
2013-03-16,0,-0.8795852872805547
2013-03-17,0,-0.5759229524166748
2013-03-18,0,-1.2942330347781061
2013-03-19,0,-0.5020077361381665
2013-03-20,0,-0.7654474395695665
2013-03-21,0,-0.7476374356676263
2013-03-22,0,-1.1682264966834206
2013-03-23,0,-0.6206106651964033
2013-03-24,0,-0.7667418654156258
2013-03-25,0,-0.8796930750858654
2013-03-26,0,-1.053316883004767
2013-03-27,0,-1.1841510344803756
2013-03-28,0,-1.0567203166440928
2013-03-29,0,-0.7909396483934759
2013-03-30,0,-0.945626711267504
2013-03-31,0,-1.0735846023570623
2013-04-01,0,-1.3056081349134154
2013-04-02,0,-1.368703516037507
2013-04-03,0,-1.0419727544923572
2013-04-04,0,-1.3655524522448355
2013-04-05,0,-0.7307939832510276
2013-04-06,0,-1.0478279239288328
2013-04-07,0,-1.8183340832483235
2013-04-08,0,-1.199915558181426
2013-04-09,0,-0.2875725921417296
2013-04-10,0,1.56037092967521
2013-04-11,0,-0.06323007730427377
2013-04-12,0,1.5373793811862484
2013-04-13,0,-1.9524012075257944
2013-04-14,0,-3.245803008258333
2013-04-15,0,-2.1033788198353927
2013-04-16,0,-2.9757927901716372
2013-04-17,0,-3.2327648288695667
2013-04-18,0,-2.662522220224564
2013-04-19,0,-1.9596894209537818
2013-04-20,0,-1.841515437274488
2013-04-21,0,-2.11491090411563
2013-04-22,0,-2.8694797150429463
2013-04-23,0,-2.549694449197142
2013-04-24,0,-3.924479689786178
2013-04-25,0,-4.065770212629962
2013-04-26,0,-1.5731558127156342
2013-04-27,0,-1.2004648103198856
2013-04-28,0,-1.8366318902023329
2013-04-29,0,-2.477033700939898
2013-04-30,0,-2.4927235382702286
2013-05-01,0,-1.467179180339905
2013-05-02,0,-3.3934341936112453
2013-05-03,0,-3.377861919173338
2013-05-04,0,-3.5896583079648465
2013-05-05,0,-3.8504706357111864
2013-05-06,0,-4.2205618320491025
2013-05-07,0,1.4111392440861446
2013-05-08,0,-0.28819986874075587
2013-05-09,0,-1.9945645301595354
2013-05-10,0,-2.487723804963753
2013-05-11,0,0.8709473847071374
2013-05-12,0,5.977192073239779
2013-05-13,0,-0.2892379813400159
2013-05-14,0,-2.143955379696628
2013-05-15,0,-1.6565771247204921
2013-05-16,0,-0.03606838369947818
2013-05-17,0,7.186478365157528
2013-05-18,0,-3.1179056712939577
2013-05-19,0,-1.356336389735047
2013-05-21,0,-0.5794410291661014
2013-05-22,0,-1.3463225204935527
2013-05-23,0,13.552753299235725
2013-05-24,0,1.3059816610311503
2013-05-25,0,-1.647054030478873
2013-05-26,0,1.9087931281575516
2013-05-27,0,-3.8027570676685265
2013-05-28,0,-4.4040708286521015
2013-05-29,0,5.330697224784437
2013-05-30,0,-2.6971205944130254
2013-05-31,0,2.2728068659393568
2013-06-01,0,-2.1474563073814004
2013-06-02,0,-3.3056911121819
2013-06-03,0,-3.292129536073762
2013-06-04,0,-3.7612484170176397
2013-06-05,0,-4.720681852937052
2013-06-06,0,-5.004079795824776
2013-06-07,0,-5.046418427317144
2013-06-08,0,5.143947600932575
2013-06-09,0,3.08814562431696
2013-06-10,0,-2.979832870815418
2013-06-11,0,-4.345460137768359
2013-06-12,0,-3.5558625735303777
2013-06-13,0,5.013223049161994
2013-06-14,0,-3.8451635223034857
2013-06-15,0,-3.3281604499762896
2013-06-16,0,-4.081026319691816
2013-06-17,0,-4.955098286558491
2013-06-18,0,-5.4823894714945824
2013-06-19,0,-5.721694994537468
2013-06-20,0,20.255312990242707
2013-06-21,0,-0.8039615656171377
2013-06-22,0,-3.177659815483292
2013-06-23,0,0.09726405888621725
2013-06-24,0,-1.6326822692231202
2013-06-25,0,-3.1692693076518594
2013-06-26,0,-3.3452057148517107
2013-06-27,0,4.837852766344408
2013-06-28,0,-1.376222309748326
2013-06-29,0,0.5548848944799785
2013-06-30,0,-4.248610072343118
2013-07-01,0,-4.4686532845889
2013-07-02,0,-4.81665578618354
2013-07-03,0,4.4094276018034
2013-07-04,0,-3.8962495902857905
2013-07-05,0,-3.967185114646838
2013-07-06,0,-4.808150171271936
2013-07-07,0,-5.0021050790425745
2013-07-08,0,-5.132738907202994
2013-07-09,0,-5.015040774060395
2013-07-10,0,-4.067991992092906
2013-07-11,0,-3.3057092414646427
2013-07-12,0,-4.223928350152917
2013-07-13,0,-4.013841423301624
2013-07-14,0,-4.704032038749905
2013-07-15,0,-4.833999383135091
2013-07-16,0,-4.986907096389744
2013-07-17,0,-4.948767992999848
2013-07-18,0,-5.263542626193483
2013-07-19,0,-4.873096475912554
2013-07-20,0,-4.110470027968182
2013-07-21,0,-5.85846083427044
2013-07-22,0,-2.872078942956798
2013-07-23,0,-0.8460588743374373
2013-07-24,0,-4.0330199267114235
2013-07-25,0,-1.6656586045875974
2013-07-26,0,-3.7778427329550244
2013-07-27,0,-3.714420713091279
2013-07-28,0,-3.5426296718126857
2013-07-29,0,-2.353566512052265
2013-07-30,0,3.4081460067719624
2013-07-31,0,-2.7483641471927815
2013-08-01,0,-5.730773344278949
2013-08-02,0,-5.970079992375886
2013-08-03,0,0.13053891105273419
2013-08-04,0,-4.528176081563973
2013-08-05,0,-1.601401438367155
2013-08-06,0,-3.657970872456165
2013-08-07,0,-1.8809310063162266
2013-08-08,0,-2.922240216941421
2013-08-09,0,13.130345297705183
2013-08-10,0,-2.9541087629321394
2013-08-11,0,-3.761462455545714
2013-08-12,0,-2.2090498950579405
2013-08-13,0,-3.212883127016675
2013-08-14,0,-3.6149314770922567
2013-08-15,0,-3.5967334294214512
2013-08-16,0,-4.441722068872757
2013-08-17,0,-3.2008094194578853
2013-08-18,0,0.9033085551779072
2013-08-19,0,-1.737941583163623
2013-08-20,0,-3.425353518349067
2013-08-21,0,-3.9646774613112634
2013-08-22,0,-3.9377127091089656
2013-08-23,0,-4.1208065170988455
2013-08-24,0,3.94904158802249
2013-08-25,0,-1.3036930240664777
2013-08-26,0,-2.7029635036581245
2013-08-27,0,-3.200219754255924
2013-08-28,0,-3.41762989184936
2013-08-29,0,-3.5141590929801048
2013-09-03,0,-3.376801307115329
2013-09-04,0,-3.8454678744648354
2013-09-05,0,-4.334459057286963
2013-09-06,0,-3.983387689341675
2013-09-07,0,6.40639395965074
2013-09-08,0,39.93201796645108
2013-09-09,0,0.561018564890285
2013-09-10,0,1.6688407421269102
2013-09-11,0,3.7163615622548605
2013-09-12,0,15.163942856569689
2013-09-13,0,-1.5977037411229578
2013-09-14,0,-1.597981582494172
2013-09-15,0,0.5818156360451159
2013-09-16,0,-1.370070899894409
2013-09-17,0,1.2105082814118344
2013-09-18,0,3.5825732822944194
2013-09-19,0,-0.76713281859942
2013-09-20,0,-0.9717477335373055
2013-09-21,0,-1.869878835995507
2013-09-22,0,-1.8547522444445763
2013-09-23,0,-2.189779398612898
2013-09-24,0,-2.5018794694858597
2013-09-25,0,-2.398135210045983
2013-09-26,0,-1.6057343769620571
2013-09-27,0,-1.9924806500371999
2013-09-28,0,-1.871238542943972
2013-09-29,0,-1.8408920482474067
2013-09-30,0,-1.702230197976073
2013-10-01,0,-1.7675414008209518
2013-10-02,0,-1.7971792076692168
2013-10-03,0,-1.9982293345083617
2013-10-04,0,4.334974752019189
2013-10-05,0,3.8922281712121514
2013-10-06,0,-1.5282700996940326
2013-10-07,0,-1.6957910457904901
2013-10-08,0,-0.9987312755189343
2013-10-09,0,1.0782384023656957
2013-10-10,0,2.7160430282365433
2013-10-11,0,2.942135464490799
2013-10-12,0,-1.050405070787578
2013-10-13,0,0.8288390834558182
2013-10-14,0,3.5205761301746588
2013-10-15,0,1.788480593385529
2013-10-16,0,-0.9730917031804485
2013-10-17,0,4.672907809862559
2013-10-18,0,2.0213411087510185
2013-10-19,0,-1.2715663658552612
2013-10-20,0,1.1203197029937406
2013-10-21,0,-0.9644066790016972
2013-10-22,0,7.12912680410854
2013-10-23,0,0.8478974659499536
2013-10-24,0,-1.1534391087095015
2013-10-25,0,3.2042192937009464
2013-10-26,0,-0.3946116560547558
2013-10-27,0,1.7081641283533084
2013-10-28,0,8.705202131970067
2013-10-29,0,-0.13942562934554859
2013-10-30,0,-0.8069310389681098
2013-10-31,0,-0.7577072881700057
2013-11-01,0,1.2149591976020333
2013-11-02,0,3.5427233201868975
2013-11-03,0,6.699804846897936
2013-11-04,0,6.8567344262871055
2013-11-05,0,7.682030952907134
2013-11-06,0,-0.32267684606369185
2013-11-07,0,8.190416165511335
2013-11-08,0,3.3648554281967855
2013-11-09,0,2.3227769809009007
2013-11-10,0,3.4228531645867157
2013-11-11,0,-0.604795030774468
2013-11-12,0,-0.38894174511993646
2013-11-13,0,-0.6507256904335248
2013-11-14,0,3.5139842794598173
2013-11-15,0,-0.38302645697677606
2013-11-16,0,-0.5828827769550661
2013-11-17,0,-0.4007007344034233
2013-11-18,0,-0.16530833643076573
2013-11-19,0,1.3365589228962782
2013-11-20,0,-0.26815471982683
2013-11-21,0,-0.02073796298774977
2013-11-22,0,0.09203733842387057
2013-11-23,0,-0.16559974888821652
2013-11-24,0,0.18056857255456615
2013-11-25,0,0.2886982030381727
2013-11-26,0,-0.3392483052641612
2013-11-27,0,-0.34038612600018425
2013-11-28,0,-0.28372573098994397
2013-11-29,0,2.778592370963212
2013-11-30,0,0.3854918527602103
2013-12-01,0,-0.2964562672324978
2013-12-02,0,-0.4106422508427749
2013-12-03,0,-0.487131405781207
2013-12-04,0,0.23919066181851434
2013-12-05,0,2.4738763463218514
2013-12-06,0,0.05385847704250832
2013-12-07,0,1.3990356219229214
2013-12-08,0,0.472069532334384
2013-12-09,0,-0.40323087009163305
2013-12-10,0,-0.5702005255664895
2013-12-11,0,-0.5942618460931594
2013-12-12,0,-0.3505031068679254
2013-12-13,0,-0.3515775347136783
2013-12-14,0,0.9803869966263523
2013-12-15,0,-0.05394400705123831
2013-12-16,0,-0.43627666460528713
2013-12-17,0,-0.3216468194660009
2013-12-18,0,-0.25204695455489234
2013-12-19,0,5.387165155571644
2013-12-20,0,-0.2609664779163353
2013-12-21,0,0.013070952024527238
2013-12-22,0,3.301896376737241
2013-12-23,0,-0.30379244829442587
2013-12-24,0,5.340475306628702
2013-12-25,0,4.401358646770317
2013-12-26,0,-0.195088690215228
2013-12-27,0,-0.38354967657698513
2013-12-28,0,8.773253751169491
2013-12-29,0,1.6144001789452376
2013-12-30,0,-0.1879363376112362
2013-12-31,0,-0.29161016450694827
2014-01-01,0,-0.0011799314989931475
2014-01-02,0,1.7712211885693994
2014-01-03,0,6.054418449351777
2014-01-04,0,-0.3094649889354244
2014-01-05,0,1.9477203886307142
2014-01-06,0,-0.10464541162820762
2014-01-07,0,-0.08563356271139133
2014-01-08,0,7.2927684368278625
2014-01-09,0,4.002942185101432
2014-01-10,0,-0.33560890910838875
2014-01-11,0,0.8910768221404276
2014-01-12,0,-0.42453473833532496
2014-01-13,0,-0.3828538345946747
2014-01-14,0,-0.11093065075064945
2014-01-15,0,0.007691707250942981
2014-01-16,0,-0.21879385090983677
2014-01-17,0,-0.3199701922397912
2014-01-18,0,-0.5397081659749269
2014-01-19,0,-0.5619114664804141
2014-01-20,0,1.5123018683143026
2014-01-21,0,-0.2594856020468616
2014-01-22,0,-0.31622359287630114
2014-01-23,0,-0.13457570921478162
2014-01-24,0,-0.20216002561183521
2014-01-25,0,1.3177829362365034
2014-01-26,0,2.3236852563675647
2014-01-27,0,1.0970872814093968
2014-01-28,0,-0.258339350084602
2014-01-29,0,-0.3771215933710446
2014-01-30,0,-0.5671316477147897
2014-01-31,0,-0.569186361806267
2014-02-01,0,2.2863538250012145
2014-02-03,0,-0.5323513021403501
2014-02-04,0,-0.4814795102457666
2014-02-10,0,-0.09916043699857423
2014-02-11,0,-0.013084958280880743
2014-02-12,0,0.1594042315813765
2014-02-13,0,3.7823281898915244
2014-02-14,0,1.9508673767884757
2014-02-15,0,0.47814906572639404
2014-02-16,0,2.0611726283442247
2014-02-17,0,-0.7742990827201
2014-02-18,0,-0.6243245600411323
2014-02-19,0,-0.033238586671436976
2014-02-20,0,0.043626795110520145
2014-02-21,0,2.1121951603385325
2014-02-22,0,-0.4760875812268124
2014-02-23,0,-0.8927922647351765
2014-02-24,0,-1.11079042254368
2014-02-25,0,-0.8115148582744204
2014-02-26,0,1.7585830632955628
2014-02-27,0,0.6979838718735263
2014-02-28,0,-0.5153059327351351
2014-03-01,0,-0.36860245156042293
2014-03-02,0,-0.7321890432244949
2014-03-03,0,-1.0294254522339232
2014-03-04,0,-1.2548303365759355
2014-03-05,0,-1.230149741511384
2014-03-06,0,-1.547182891123595
2014-03-07,0,-1.5623947054137861
2014-03-08,0,-1.7907671515691868
2014-03-09,0,-2.4350315301465306
2014-03-10,0,-2.0713587782381175
2014-03-11,0,-1.7677347701317185
2014-03-12,0,-2.0842528708238186
2014-03-13,0,-2.238024503955792
2014-03-14,0,-2.1652358434393033
2014-03-15,0,-0.4491017996011868
2014-03-16,0,-1.269603664618749
2014-03-17,0,-0.9055129056276401
2014-03-18,0,-0.13192908152450034
2014-03-19,0,-1.3211349053378576
2014-03-20,0,-2.4338796524069797
2014-03-21,0,-0.8657549684068122
2014-03-22,0,3.5659387115381236
2014-03-23,0,-0.043850528090130236
2014-03-24,0,1.3056993537600863
2014-03-25,0,-1.542919801169698
2014-03-26,0,-1.4017362840530248
2014-03-27,0,-2.1160009868045915
2014-03-28,0,-2.415897560611104
2014-03-29,0,-2.7005859476885195
2014-03-30,0,-3.0482336116665216
2014-03-31,0,-2.903620449301933
2014-04-01,0,-2.8792817408859546
2014-04-02,0,-2.9984487530866213
2014-04-03,0,-2.877915787239367
2014-04-04,0,-1.4326659421112202
2014-04-05,0,-2.3583070696209583
2014-04-06,0,-2.4883429762220763
2014-04-07,0,-0.5046206467432701
2014-04-08,0,-0.5196862706120453
2014-04-09,0,-1.8355355511201146
2014-04-10,0,-2.641408130389103
2014-04-11,0,-2.502710241224419
2014-04-12,0,-2.5242192979068805
2014-04-13,0,-1.8389204807921156
2014-04-14,0,-0.8749257888777435
2014-04-15,0,-1.6591785246642035
2014-04-16,0,-2.541007303254745
2014-04-17,0,-3.104751144782945
2014-04-18,0,-1.0352205779005357
2014-04-19,0,-2.616717357107158
2014-04-20,0,-3.205440710831813
2014-04-21,0,21.23841634826077
2014-04-22,0,-1.0338021478131667
2014-04-23,0,0.6916502452865676
2014-04-24,0,-3.3042936822881352
2014-04-25,0,-1.2583688774878312
2014-04-26,0,-2.082477491726605
2014-04-27,0,-2.6161601953620037
2014-04-28,0,-2.797669078961836
2014-04-29,0,-1.2049544606268587
2014-04-30,0,-2.9678373764114205
2014-05-01,0,-1.5645293717352566
2014-05-02,0,-1.9170802934995703
2014-05-03,0,-2.4952585078649427
2014-05-04,0,-3.030508962369352
2014-05-05,0,-4.0623582949468595
2014-05-06,0,19.855969077100333
2014-05-07,0,-1.285233929597434
2014-05-08,0,1.2418446656240143
2014-05-09,0,-1.406424161342108
2014-05-10,0,4.792373293645862
2014-05-11,0,-1.393397090129457
2014-05-12,0,-0.15837190130120815
2014-05-13,0,-0.992230221464383
2014-05-14,0,-2.5424944472099313
2014-05-15,0,-2.3952794304921348
2014-05-16,0,-3.316800423666216
2014-05-17,0,-3.7540754719584286
2014-05-18,0,-4.216963278905057
2014-05-19,0,-4.8835576432458225
2014-05-20,0,-5.055810331769156
2014-05-21,0,-4.041667139425343
2014-05-22,0,1.8788011691059854
2014-05-23,0,-3.536695057406457
2014-05-24,0,-3.2356184828746763
2014-05-25,0,-4.480472073281908
2014-05-26,0,-1.7518345817898773
2014-05-27,0,1.1431722845547263
2014-05-28,0,-3.1106673636904603
2014-05-29,0,-3.3173138435801857
2014-05-30,0,-3.5888661093269625
2014-05-31,0,-4.186493533433912
2014-06-01,0,-3.7009679531921007
2014-06-02,0,-4.4554274336929645
2014-06-03,0,-1.8160264096814744
2014-06-04,0,3.2874931282334336
2014-06-05,0,-3.4718399430007967
2014-06-06,0,-5.611393339816766
2014-06-07,0,-6.159099778514181
2014-06-08,0,-4.987334918792225
2014-06-09,0,18.963982308932156
2014-06-10,0,4.627802085628318
2014-06-11,0,6.388137667865114
2014-06-12,0,-4.416983432189019
2014-06-13,0,-4.387759262098719
2014-06-14,0,-3.145499070191861
2014-06-15,0,-3.7370872731286253
2014-06-16,0,-2.3991371899487284
2014-06-17,0,-3.2025491148286473
2014-06-18,0,-3.656362207366225
2014-06-19,0,-3.1703970001794026
2014-06-20,0,-2.826791722913544
2014-06-21,0,-3.904957395982731
2014-06-22,0,-4.154478202871283
2014-06-23,0,-4.19692654192613
2014-06-24,0,-3.660111789032066
2014-06-25,0,-3.7215833652350234
2014-06-26,0,-4.552250881500938
2014-06-27,0,4.881881672484982
2014-06-28,0,8.07614462046787
2014-06-29,0,0.6071862076473034
2014-06-30,0,-3.4720827841528243
2014-07-01,0,-4.133087846900223
2014-07-02,0,-4.5069631988047405
2014-07-03,0,-5.621584616031542
2014-07-04,0,-5.722431852469771
2014-07-05,0,0.5856000709266516
2014-07-06,0,-1.607550810348254
2014-07-07,0,-3.9258336361468675
2014-07-08,0,23.398853609067444
2014-07-09,0,31.09282376251766
2014-07-10,0,-2.076701344603233
2014-07-11,0,-3.6890735636764806
2014-07-12,0,-1.380070463609599
2014-07-13,0,-0.04502321039888857
2014-07-14,0,-3.8325994307977944
2014-07-15,0,-4.024764376480499
2014-07-16,0,-4.841745273457455
2014-07-17,0,-5.5106206940000115
2014-07-18,0,-6.352407624827217
2014-07-19,0,-6.104499056900024
2014-07-20,0,-1.1983715808952775
2014-07-21,0,16.068951942763192
2014-07-22,0,-4.1690748383803635
2014-07-23,0,-5.097713679092699
2014-07-24,0,0.26394931784345754
2014-07-25,0,-3.9907158060797987
2014-07-26,0,-4.170385624621476
2014-07-27,0,-4.536265727807358
2014-07-28,0,2.665065119956168
2014-07-29,0,26.653198764061578
2014-07-30,0,-2.8547392786661456
2014-07-31,0,-4.7733995120385835
2014-08-01,0,-4.936371301259841
2014-08-02,0,-2.5124015269462427
2014-08-03,0,1.7236669283810073
2014-08-05,0,-0.8535185805578865
2014-08-06,0,-0.7178401791263616
2014-08-07,0,-3.893211121825337
2014-08-08,0,-0.5654772913478419
2014-08-09,0,3.1511397586900927
2014-08-10,0,1.7614954404613012
2014-08-11,0,-0.8357341170880508
2014-08-12,0,-0.2783663533168541
2014-08-13,0,-1.4630281067742912
2014-08-14,0,0.7700054122869164
2014-08-15,0,3.0228115486046936
2014-08-16,0,2.424871345627473
2014-08-17,0,-1.8876383966736712
2014-08-18,0,-2.0573106198196176
2014-08-19,0,1.6670265237326767
2014-08-20,0,13.652495145896307
2014-08-21,0,-2.434372641925627
2014-08-22,0,-2.371326796698999
2014-08-23,0,0.22342621875827584
2014-08-24,0,-2.7516776297738668
2014-08-25,0,5.523438577438259
2014-08-26,0,21.27647450634097
2014-08-27,0,-2.6355514007495597
2014-08-28,0,-1.7003853666076516
2014-08-29,0,-1.2313683810861553
2014-08-30,0,-0.8534214934223008
2014-08-31,0,1.7645542401563348
2014-09-01,0,-2.4841721937483006
2014-09-02,0,-2.851085837384252
2014-09-03,0,-2.061476063271957
2014-09-04,0,-2.694326308418169
2014-09-05,0,-3.291364235522336
2014-09-06,0,-2.837540631377513
2014-09-07,0,-2.603090322106329
2014-09-08,0,-2.803970794067354
2014-09-09,0,-2.6110302371052443
2014-09-10,0,-1.5217546340999097
2014-09-11,0,-2.459736313908613
2014-09-12,0,-2.667970990588538
2014-09-13,0,-2.170960566190166
2014-09-14,0,-2.29037439180791
2014-09-15,0,-2.552813512063224
2014-09-16,0,-2.686233741841746
2014-09-17,0,-2.9900509471248355
2014-09-18,0,-0.9235060794069465
2014-09-19,0,1.507739647842191
2014-09-20,0,10.087656059617554
2014-09-21,0,34.019867825774895
2014-09-22,0,-1.7077369535665174
2014-09-23,0,-2.1028505318776887
2014-09-24,0,0.28305716712723106
2014-09-25,0,-0.8331066414553288
2014-09-26,0,-1.5293403755439656
2014-09-27,0,-2.1881907789393935
2014-09-28,0,-2.583860623520568
2014-09-29,0,-1.0477677368947536
2014-09-30,0,-1.975134218794194
2014-10-01,0,-2.0683053775827
2014-10-02,0,-2.079935997343026
2014-10-03,0,-2.1938565383012922
2014-10-04,0,-2.108831453127653
2014-10-05,0,-0.945601564596418
2014-10-06,0,-0.6727771280003834
2014-10-07,0,3.970197780679851
2014-10-08,0,14.901132445888605
2014-10-09,0,-0.04546620903552079
2014-10-10,0,-1.071374468821239
2014-10-11,0,-1.4809735332435516
2014-10-12,0,0.4663811346643263
2014-10-13,0,-1.3282276551726926
2014-10-14,0,-1.4771173784211573
2014-10-15,0,0.38112121679755173
2014-10-16,0,-0.6145824665805648
2014-10-17,0,2.3498333507766684
2014-10-18,0,-1.5215045397862803
2014-10-19,0,3.258683325854597
2014-10-20,0,-0.8400014204999092
2014-10-21,0,5.844677268662451
2014-10-22,0,8.956111432849873
2014-10-23,0,-0.8114591405893984
2014-10-24,0,-0.03475230009000818
2014-10-25,0,1.5814658930880066
2014-10-26,0,-1.0827240743872226
2014-10-27,0,-1.1883799865741307
2014-10-28,0,-0.8602381192569151
2014-10-29,0,-0.058162023290638465
2014-10-30,0,-0.9086159862025374
2014-10-31,0,-0.9699783114154892
2014-11-01,0,-1.1521057384666173
2014-11-02,0,10.139638808888655
2014-11-03,0,2.930345011255845
2014-11-04,0,4.176206723744921
2014-11-05,0,-0.6870565281630803
2014-11-06,0,-0.42335030007413377
2014-11-07,0,-0.1495135486558189
2014-11-08,0,-0.6694882138668545
2014-11-09,0,-0.32343226214357224
2014-11-10,0,-0.2890402315998867
2014-11-11,0,-0.8170848362151569
2014-11-12,0,-0.3900801786013103
2014-11-13,0,-0.755943765829257
2014-11-14,0,-0.09157999793324123
2014-11-15,0,0.5745660752744929
2014-11-16,0,4.288173244380205
2014-11-17,0,-0.41553251284154347
2014-11-18,0,-0.18805708866615456
2014-11-19,0,-0.4710063895995043
2014-11-20,0,-0.5155399783445224
2014-11-21,0,-0.5307174516022326
2014-11-22,0,-0.5687211881699521
2014-11-23,0,-0.5506409150895624
2014-11-24,0,-0.12505868399540332
2014-11-25,0,-0.49148083513773044
2014-11-26,0,0.16841081068648056
2014-11-27,0,0.874003175430796
2014-11-28,0,-0.6165605153099581
2014-11-29,0,-0.4040161965637871
2014-11-30,0,-0.4723472216182085
2014-12-01,0,-0.10935047151240307
2014-12-02,0,-0.0953122919643831
2014-12-03,0,-0.14592297783704047
2014-12-04,0,-0.16973510024393076
2014-12-05,0,-0.19755018531914992
2014-12-06,0,-0.09929900618137208
2014-12-07,0,3.7363832072278975
2014-12-08,0,-0.1588097295184056
2014-12-09,0,-0.019184307037589193
2014-12-10,0,0.631909583584963
2014-12-11,0,5.792091736916814
2014-12-12,0,18.137813374246882
2014-12-13,0,1.8252106778341628
2014-12-14,0,-0.26529289318122884
2014-12-15,0,0.11110689560086084
2014-12-16,0,0.527776064157703
2014-12-17,0,0.4770976555183088
2014-12-18,0,-0.24751729812680062
2014-12-19,0,13.773704962199348
2014-12-20,0,-0.125977961101546
2014-12-21,0,-0.21233669965080856
2014-12-22,0,-0.24164100449138454
2014-12-23,0,-0.28899305851193585
2014-12-24,0,2.1428518038119675
2014-12-25,0,2.974040568093031
2014-12-26,0,-0.14036091924422547
2014-12-27,0,-0.21607457049549977
2014-12-28,0,-0.17776035973444243
2014-12-29,0,-0.11248884466950854
2014-12-30,0,-0.1754008971943966
2014-12-31,0,-0.27481487885374517
