Tag;"Tag im
Monat";Monat;"S Ndschlag
[mm]";"S Nettostra
[W/m�]";"S Globalstra
[W/m�]";"Lufttemp
[�C]";"Luftfeuchte
[%]";"Windgesch
[m/s]";"Bodentemp1
[�C] 10 cm";"Bodentemp2
[�C] 20 cm";"Bodentemp3
[�C] 30 cm";"Bodentemp4
[�C] 40 cm";"Bodentemp5
[�C] 50 cm";"Bodentemp6
[�C] 10 cm";"Lufttemp
Max [�C]";"Lufttemp
Min [�C]";"S Ndschlag
ab 7 Uhr
[mm]";;;;;;;
1;1;1;0,40;162,00;563,54;7,70;99,22;2,37;5,83;5,54;5,12;4,88;4,77;5,91;8,91;5,37;0,40;;;;;;;
2;2;1;0,20;59,06;723,30;7,65;88,09;5,64;5,43;5,55;5,38;5,24;5,12;5,54;9,35;5,68;1,19;;;;;;;
3;3;1;5,17;-66,90;351,72;7,70;88,10;8,37;5,88;5,89;5,63;5,45;5,32;6,00;9,15;6,29;4,98;;;;;;;
4;4;1;1,39;-99,46;655,07;6,47;81,73;8,87;5,02;5,49;5,49;5,45;5,43;5,21;7,49;4,91;0,40;;;;;;;
5;5;1;3,78;-11,61;349,06;6,62;80,47;9,62;4,89;5,28;5,29;5,30;5,35;5,08;7,71;5,14;5,57;;;;;;;
6;6;1;2,19;-60,68;347,29;5,22;89,94;6,52;4,67;5,12;5,16;5,19;5,28;4,86;6,48;3,36;1,00;;;;;;;
7;7;1;6,57;-18,00;521,65;7,53;91,86;6,61;5,27;5,33;5,19;5,17;5,24;5,42;11,43;4,37;5,97;;;;;;;
8;8;1;2,59;-55,80;326,56;8,57;86,79;7,92;5,87;5,90;5,68;5,54;5,46;6,04;11,06;6,93;2,59;;;;;;;
9;9;1;0,00;6,69;248,97;11,08;89,94;7,34;7,55;7,04;6,44;6,10;5,82;7,70;11,48;10,20;0,00;;;;;;;
10;10;1;0,00;-182,70;1076,73;9,20;91,22;3,42;6,91;7,05;6,80;6,55;6,26;7,03;12,67;7,35;0,00;;;;;;;
11;11;1;0,00;-342,26;1135,34;7,73;75,10;3,55;5,31;5,97;6,15;6,20;6,19;5,44;11,68;4,85;0,00;;;;;;;
12;12;1;0,00;-214,77;1014,13;6,65;84,49;3,29;4,50;5,16;5,45;5,63;5,83;4,61;9,59;4,90;0,00;;;;;;;
13;13;1;0,00;-7,05;1006,75;7,07;83,01;2,82;4,39;4,93;5,16;5,32;5,55;4,47;10,41;4,69;0,00;;;;;;;
14;14;1;0,40;120,61;1002,66;8,60;81,22;4,72;5,30;5,38;5,33;5,36;5,48;5,38;10,36;7,03;0,60;;;;;;;
15;15;1;0,20;29,28;875,04;6,32;87,49;5,69;5,20;5,55;5,54;5,53;5,58;5,38;8,18;4,47;0,20;;;;;;;
16;16;1;1,19;2,84;715,67;7,09;95,20;4,18;5,55;5,75;5,65;5,60;5,64;5,72;9,19;5,45;1,39;;;;;;;
17;17;1;0,40;57,54;998,79;5,48;90,26;6,93;5,00;5,51;5,59;5,62;5,69;5,20;6,43;3,84;0,00;;;;;;;
18;18;1;0,80;53,05;468,16;5,11;79,90;6,84;4,52;5,14;5,29;5,39;5,56;4,79;6,81;3,01;0,80;;;;;;;
19;19;1;4,38;-169,82;182,54;4,99;92,48;6,47;4,25;4,81;4,98;5,13;5,37;4,50;5,90;3,66;7,16;;;;;;;
20;20;1;6,37;41,98;162,89;2,55;99,58;5,24;3,91;4,59;4,80;4,95;5,21;4,15;4,20;1,04;3,58;;;;;;;
21;21;1;0,00;-9,62;279,06;-0,33;94,75;2,44;2,79;3,83;4,27;4,55;4,94;3,03;1,22;-0,97;0,00;;;;;;;
22;22;1;0,00;88,72;378,88;-0,32;93,28;1,96;1,97;3,03;3,56;3,95;4,50;2,25;0,90;-1,28;0,00;;;;;;;
23;23;1;0,00;79,43;260,23;0,98;95,81;2,39;2,30;3,06;3,39;3,69;4,19;2,59;1,63;0,26;0,40;;;;;;;
24;24;1;5,37;19,70;176,28;0,66;99,79;4,31;2,11;2,93;3,28;3,57;4,03;2,37;1,44;-0,20;4,98;;;;;;;
25;25;1;0,00;-465,39;981,41;-1,88;91,85;2,73;1,37;2,42;2,92;3,27;3,80;1,67;-0,37;-3,68;0,00;;;;;;;
26;26;1;0,00;-2,65;435,33;-4,02;101,55;1,85;0,99;1,95;2,48;2,85;3,46;1,22;-2,72;-5,44;0,00;;;;;;;
27;27;1;0,00;285,99;1433,20;-4,88;97,68;2,19;0,72;1,66;2,16;2,53;3,14;0,97;-1,95;-7,08;0,00;;;;;;;
28;28;1;0,00;89,72;214,96;-0,10;98,43;4,04;0,59;1,48;1,95;2,33;2,91;0,83;1,50;-2,56;0,00;;;;;;;
29;29;1;0,00;534,22;1544,70;-0,25;101,65;1,99;0,60;1,42;1,85;2,19;2,74;0,83;2,39;-2,16;0,00;;;;;;;
30;30;1;0,00;174,69;280,56;1,45;101,46;4,89;0,60;1,39;1,78;2,10;2,62;0,84;2,58;0,22;0,80;;;;;;;
31;31;1;0,80;-178,40;1713,17;-2,68;69,02;2,61;0,58;1,34;1,70;1,99;2,50;0,84;1,71;-5,73;0,00;;;;;;;
32;1;2;0,00;-176,46;1443,10;-6,43;76,04;1,99;0,36;1,18;1,57;1,85;2,38;0,61;-3,81;-9,07;0,00;;;;;;;
33;2;2;0,00;-60,41;1216,49;-4,84;77,30;4,78;0,06;0,99;1,41;1,72;2,26;0,36;-0,50;-8,68;0,00;;;;;;;
34;3;2;0,00;-507,40;1452,83;-0,58;88,83;5,75;0,08;0,91;1,30;1,62;2,14;0,34;1,73;-2,69;0,00;;;;;;;
35;4;2;0,00;-70,33;1739,86;-0,14;82,75;4,12;0,09;0,89;1,25;1,55;2,05;0,35;2,81;-2,75;0,00;;;;;;;
36;5;2;0,00;324,28;1085,71;1,93;96,79;3,48;0,14;0,88;1,22;1,51;1,98;0,38;3,85;-0,25;0,00;;;;;;;
37;6;2;0,00;314,22;435,43;3,62;91,81;3,64;0,18;0,88;1,20;1,48;1,93;0,42;5,22;2,61;0,00;;;;;;;
38;7;2;0,00;284,74;1177,09;2,53;87,68;4,58;0,19;0,87;1,17;1,44;1,87;0,43;4,78;1,25;0,00;;;;;;;
39;8;2;0,00;636,72;1484,90;3,45;95,25;4,55;0,21;0,89;1,18;1,43;1,85;0,46;4,89;2,02;0,00;;;;;;;
40;9;2;0,00;496,22;1167,90;5,38;78,45;4,15;0,24;0,92;1,19;1,44;1,83;0,52;7,98;3,78;0,00;;;;;;;
41;10;2;0,00;279,79;1661,15;5,10;78,64;3,34;0,27;0,94;1,19;1,42;1,80;0,58;9,60;2,91;0,00;;;;;;;
42;11;2;0,00;366,47;1127,42;6,03;90,07;4,48;1,02;1,28;1,32;1,49;1,82;1,40;10,51;2,59;0,00;;;;;;;
43;12;2;0,00;618,80;1359,33;11,49;81,75;7,39;5,00;3,89;2,97;2,57;2,37;5,11;13,68;9,92;0,00;;;;;;;
44;13;2;0,00;169,89;254,90;11,15;96,81;4,91;7,29;6,21;5,06;4,33;3,64;7,40;12,31;10,59;0,00;;;;;;;
45;14;2;0,00;651,51;1744,75;11,73;87,89;4,53;7,96;7,09;6,08;5,38;4,62;8,03;15,20;9,61;0,00;;;;;;;
46;15;2;0,00;392,34;1222,99;11,17;81,29;4,39;7,54;7,14;6,45;5,91;5,27;7,65;13,76;9,08;0,00;;;;;;;
47;16;2;0,00;36,01;412,81;10,95;75,85;6,79;7,32;7,14;6,61;6,17;5,63;7,47;12,45;8,45;0,00;;;;;;;
48;17;2;0,20;888,38;2103,82;5,80;89,81;4,50;6,70;6,83;6,51;6,18;5,78;6,86;8,55;3,85;0,20;;;;;;;
49;18;2;0,00;448,12;1231,96;6,30;91,63;3,70;5,77;6,07;5,96;5,82;5,65;5,98;10,43;4,68;0,00;;;;;;;
50;19;2;0,00;24,65;830,66;6,54;84,75;4,53;5,06;5,53;5,57;5,53;5,48;5,27;7,88;5,31;0,00;;;;;;;
51;20;2;0,00;571,82;1673,77;7,78;91,86;2,94;5,72;5,69;5,46;5,34;5,29;5,87;12,52;3,21;0,00;;;;;;;
52;21;2;0,00;497,00;1964,44;11,34;76,50;4,32;6,71;6,40;5,98;5,71;5,48;6,76;15,01;8,29;0,00;;;;;;;
53;22;2;0,00;452,45;1441,89;9,44;85,29;2,42;7,57;7,23;6,69;6,28;5,88;7,64;12,62;6,75;0,00;;;;;;;
54;23;2;0,00;822,68;2463,85;6,99;85,37;4,36;6,83;6,94;6,69;6,42;6,13;6,93;9,20;4,81;0,00;;;;;;;
55;24;2;0,00;342,18;535,31;9,09;97,63;5,30;7,32;7,13;6,73;6,46;6,20;7,49;10,20;7,83;0,00;;;;;;;
56;25;2;0,00;322,06;501,25;8,99;101,63;3,44;8,17;7,86;7,29;6,88;6,48;8,33;10,25;8,21;0,00;;;;;;;
57;26;2;0,00;333,06;599,53;9,07;94,20;3,79;8,02;7,93;7,50;7,15;6,76;8,21;10,40;8,22;0,00;;;;;;;
58;27;2;0,00;413,41;719,30;8,41;85,04;8,19;7,45;7,65;7,40;7,16;6,86;7,67;9,20;6,60;0,20;;;;;;;
59;28;2;1,39;622,96;1463,55;4,35;88,23;7,91;5,82;6,63;6,78;6,75;6,69;6,07;8,79;0,81;1,19;;;;;;;
60;1;3;0,00;432,34;1527,90;2,05;91,87;6,38;3,57;4,77;5,35;5,67;6,03;3,86;4,62;0,76;0,00;;;;;;;
61;2;3;11,30;694,37;1338,73;5,93;88,83;6,49;4,36;4,78;4,95;5,14;5,48;4,62;9,29;1,69;11,30;;;;;;;
62;3;3;0,00;243,49;410,51;9,00;95,45;8,01;6,26;6,03;5,71;5,58;5,56;6,44;13,55;6,92;0,00;;;;;;;
63;4;3;9,30;749,62;1273,53;12,72;81,88;9,86;8,91;8,01;7,10;6,56;6,10;8,95;16,03;5,98;9,30;;;;;;;
64;5;3;0,00;366,36;1486,16;4,96;90,38;6,93;6,43;7,16;7,13;6,93;6,65;6,70;6,53;3,08;0,00;;;;;;;
65;6;3;8,97;393,75;748,99;2,97;99,48;3,77;4,90;5,71;5,98;6,11;6,25;5,23;4,01;2,08;8,97;;;;;;;
66;7;3;8,97;537,05;902,59;8,62;98,10;6,44;6,57;6,41;6,11;6,01;6,02;6,84;10,86;3,24;8,97;;;;;;;
67;8;3;8,97;44,09;600,72;4,71;94,24;4,91;6,51;6,94;6,74;6,52;6,31;6,75;8,18;-0,81;8,97;;;;;;;
68;9;3;0,00;1258,19;3313,17;0,90;83,23;3,38;3,46;4,71;5,32;5,65;5,96;3,70;5,38;-2,62;0,00;;;;;;;
69;10;3;0,00;417,76;1232,44;1,55;99,08;2,44;3,13;4,07;4,53;4,86;5,30;3,41;3,92;-0,35;0,00;;;;;;;
70;11;3;0,00;1154,02;2631,17;3,36;75,84;3,77;3,17;3,95;4,27;4,55;4,95;3,50;6,51;0,59;0,00;;;;;;;
71;12;3;0,00;688,17;1715,13;2,29;86,15;3,34;3,51;4,21;4,38;4,52;4,82;3,82;5,05;-0,12;0,00;;;;;;;
72;13;3;0,00;973,51;2037,14;2,23;92,10;4,74;2,80;3,59;3,98;4,25;4,64;3,02;5,69;-1,12;0,00;;;;;;;
73;14;3;0,00;761,99;860,87;5,69;94,25;5,82;4,67;4,67;4,49;4,46;4,61;4,86;6,75;5,12;0,00;;;;;;;
74;15;3;0,00;698,28;830,33;7,43;99,25;4,66;5,94;5,68;5,27;5,07;4,98;6,13;9,92;5,23;0,00;;;;;;;
75;16;3;0,00;551,91;672,34;8,40;101,58;3,96;7,08;6,71;6,15;5,80;5,50;7,24;10,55;6,70;0,00;;;;;;;
76;17;3;0,00;722,32;927,68;8,93;95,73;4,43;7,79;7,44;6,85;6,43;6,02;7,94;10,25;7,52;0,00;;;;;;;
77;18;3;0,00;490,62;894,84;8,60;89,06;4,53;7,73;7,63;7,17;6,81;6,41;7,90;10,34;3,92;0,00;;;;;;;
78;19;3;0,00;1077,40;2198,02;4,55;85,92;4,64;5,89;6,57;6,63;6,57;6,44;6,15;6,87;2,84;0,00;;;;;;;
79;20;3;0,00;1159,73;2070,70;4,84;82,76;6,13;5,46;6,04;6,11;6,14;6,17;5,72;6,82;3,10;0,00;;;;;;;
80;21;3;7,80;2281,10;3960,06;3,19;72,51;2,92;4,70;5,33;5,56;5,69;5,87;4,82;7,82;-2,28;7,80;;;;;;;
81;22;3;0,00;1057,50;1740,20;3,50;82,28;1,87;5,07;5,46;5,49;5,53;5,66;5,29;6,68;0,32;0,00;;;;;;;
82;23;3;0,00;1713,88;3321,36;2,16;80,51;5,08;4,51;5,41;5,51;5,54;5,64;5,01;5,22;0,18;0,00;;;;;;;
83;24;3;0,00;1988,77;4284,55;1,95;73,07;1,77;3,78;4,53;4,83;5,05;5,36;4,02;7,48;-2,91;0,00;;;;;;;
84;25;3;0,00;2267,13;4346,20;3,24;68,43;1,68;4,26;4,63;4,75;4,86;5,11;4,34;9,98;-3,46;0,00;;;;;;;
85;26;3;0,00;2147,18;4286,73;5,37;61,58;3,11;4,61;4,94;4,99;5,01;5,16;4,73;11,60;-1,40;0,00;;;;;;;
86;27;3;0,00;552,49;797,69;8,33;90,60;4,83;6,23;6,07;5,71;5,51;5,43;6,41;10,32;6,79;0,00;;;;;;;
87;28;3;0,00;719,95;1164,57;10,66;93,57;2,24;7,99;7,37;6,68;6,26;5,93;8,09;13,08;8,50;0,00;;;;;;;
88;29;3;0,00;295,02;4196,37;13,47;79,86;3,07;9,61;8,54;7,62;7,04;6,51;9,50;20,14;7,68;0,00;;;;;;;
89;30;3;0,00;239,08;3983,42;13,33;75,72;2,96;10,33;9,59;8,69;8,00;7,29;10,33;20,06;7,15;0,00;;;;;;;
90;31;3;0,00;230,96;2143,70;13,27;91,93;2,47;10,92;10,25;9,34;8,66;7,92;11,00;18,08;9,42;0,00;;;;;;;
91;1;4;6,40;52,98;1443,43;9,26;999,00;999,00;999,00;999,00;999,00;999,00;999,00;999,00;12,07;5,07;6,40;;;;;;;
92;2;4;8,80;178,24;1258,75;9,89;999,00;999,00;999,00;999,00;999,00;999,00;999,00;999,00;11,16;8,57;8,80;;;;;;;
93;3;4;2,3;220,16;1326,07;10,84;999,00;999,00;999,00;999,00;999,00;999,00;999,00;999,00;14,41;8,38;2,3;;;;;;;
94;4;4;0,9;593,22;1925,07;10,14;999,00;999,00;999,00;999,00;999,00;999,00;999,00;999,00;11,73;8,29;0,9;;;;;;;
95;5;4;3,9;990,99;2563,74;9,96;999,00;999,00;999,00;999,00;999,00;999,00;999,00;999,00;13,45;7,14;3,9;;;;;;;
96;6;4;5,40;1230,20;2947,83;9,51;999,00;999,00;999,00;999,00;999,00;999,00;999,00;999,00;12,49;6,95;5,40;;;;;;;
97;7;4;11,90;896,44;2411,93;8,64;999,00;999,00;999,00;999,00;999,00;999,00;999,00;999,00;11,16;6,85;11,90;;;;;;;
98;8;4;2,20;408,91;1629,12;8,24;999,00;999,00;999,00;999,00;999,00;999,00;999,00;999,00;10,49;5,99;2,20;;;;;;;
99;9;4;3,10;678,43;2061,89;7,06;999,00;999,00;999,00;999,00;999,00;999,00;999,00;999,00;8,57;5,71;3,10;;;;;;;
100;10;4;0,70;1336,83;3119,05;9,19;999,00;999,00;999,00;999,00;999,00;999,00;999,00;999,00;13,36;4,75;0,70;;;;;;;
101;11;4;2,50;875,49;2378,30;9,20;999,00;999,00;999,00;999,00;999,00;999,00;999,00;999,00;12,40;6,47;2,50;;;;;;;
102;12;4;0,00;1128,94;2785,25;6,38;999,00;999,00;999,00;999,00;999,00;999,00;999,00;999,00;9,53;3,79;0,00;;;;;;;
103;13;4;0,10;1997,03;4179,10;5,71;999,00;999,00;999,00;999,00;999,00;999,00;999,00;999,00;9,53;1,88;0,10;;;;;;;
104;14;4;0,00;1862,05;3962,37;5,84;999,00;999,00;999,00;999,00;999,00;999,00;999,00;999,00;9,53;1,88;0,00;;;;;;;
105;15;4;0,60;720,80;2129,91;7,12;999,00;999,00;999,00;999,00;999,00;999,00;999,00;999,00;11,44;2,84;0,60;;;;;;;
106;16;4;0,50;1517,03;3408,38;6,81;999,00;999,00;999,00;999,00;999,00;999,00;999,00;999,00;10,49;2,84;0,50;;;;;;;
107;17;4;0,00;1937,80;4084,00;9,27;999,00;999,00;999,00;999,00;999,00;999,00;999,00;999,00;14,31;3,79;0,00;;;;;;;
108;18;4;0,00;888,25;2398,78;8,01;999,00;999,00;999,00;999,00;999,00;999,00;999,00;999,00;10,49;5,71;0,00;;;;;;;
109;19;4;0,00;1987,35;4163,56;8,88;999,00;999,00;999,00;999,00;999,00;999,00;999,00;999,00;13,36;4,75;0,00;;;;;;;
110;20;4;5,00;1434,10;3275,22;9,43;999,00;999,00;999,00;999,00;999,00;999,00;999,00;999,00;14,31;3,79;5,00;;;;;;;
111;21;4;3,50;1436,72;3279,44;10,09;999,00;999,00;999,00;999,00;999,00;999,00;999,00;999,00;14,31;6,47;3,50;;;;;;;
112;22;4;0,00;2670,02;5259,69;10,98;999,00;999,00;999,00;999,00;999,00;999,00;999,00;999,00;17,18;3,79;0,00;;;;;;;
113;23;4;0,50;2946,25;5703,22;14,32;999,00;999,00;999,00;999,00;999,00;999,00;999,00;999,00;20,05;7,62;0,50;;;;;;;
114;24;4;0,70;1201,72;2902,11;13,75;999,00;999,00;999,00;999,00;999,00;999,00;999,00;999,00;16,22;11,44;0,70;;;;;;;
115;25;4;0,00;1323,03;3096,89;13,95;999,00;999,00;999,00;999,00;999,00;999,00;999,00;999,00;17,18;10,49;0,00;;;;;;;
116;26;4;10,00;265,38;1398,67;12,99;999,00;999,00;999,00;999,00;999,00;999,00;999,00;999,00;15,27;10,30;10,00;;;;;;;
117;27;4;6,40;609,96;1951,94;11,12;999,00;999,00;999,00;999,00;999,00;999,00;999,00;999,00;13,36;8,57;6,40;;;;;;;
118;28;4;7,00;75,15;1093,23;10,84;999,00;999,00;999,00;999,00;999,00;999,00;999,00;999,00;12,40;9,53;7,00;;;;;;;
119;29;4;2,90;-39,55;909,06;9,69;999,00;999,00;999,00;999,00;999,00;999,00;999,00;999,00;10,49;8,57;2,90;;;;;;;
120;30;4;1,30;1142,49;2807,00;14,33;999,00;999,00;999,00;999,00;999,00;999,00;999,00;999,00;19,09;9,53;1,30;;;;;;;
121;1;5;0,00;2682,55;5279,81;17,26;999,00;999,00;999,00;999,00;999,00;999,00;999,00;999,00;23,87;10,49;0,00;;;;;;;
122;2;5;0,00;1497,89;3377,65;14,94;999,00;999,00;999,00;999,00;999,00;999,00;999,00;999,00;19,09;11,25;0,00;;;;;;;
123;3;5;0,00;238,04;1354,77;10,51;999,00;999,00;999,00;999,00;999,00;999,00;999,00;999,00;13,36;6,95;0,00;;;;;;;
124;4;5;0,00;1651,66;3624,56;9,16;999,00;999,00;999,00;999,00;999,00;999,00;999,00;999,00;13,36;4,75;0,00;;;;;;;
125;5;5;1,10;1166,41;2845,41;10,74;999,00;999,00;999,00;999,00;999,00;999,00;999,00;999,00;14,31;6,66;1,10;;;;;;;
126;6;5;0,00;575,78;1897,07;10,92;999,00;999,00;999,00;999,00;999,00;999,00;999,00;999,00;12,40;8,57;0,00;;;;;;;
127;7;5;0,00;1601,09;3053,93;13,85;999,00;999,00;999,00;999,00;999,00;999,00;999,00;999,00;16,03;11,44;0,00;;;;;;;
128;8;5;0,10;3570,29;6826,32;16,11;75,77;2,02;13,65;12,73;11,91;11,36;10,88;13,57;21,33;12,14;2,59;;;;;;;
129;9;5;0,00;2802,47;5362,72;17,76;77,83;2,05;14,60;13,80;12,93;12,22;11,51;14,53;25,45;8,87;1,39;;;;;;;
130;10;5;0,10;3694,13;6836,59;19,76;74,36;1,51;15,90;14,79;13,75;12,90;12,08;15,75;26,15;11,64;2,39;;;;;;;
131;11;5;0,00;4061,44;6746,72;19,92;76,93;1,41;16,90;15,81;14,71;13,74;12,79;16,74;26,44;12,22;0,80;;;;;;;
132;12;5;0,00;4181,90;6731,25;20,41;77,03;1,59;17,42;16,41;15,36;14,37;13,42;17,30;27,37;11,82;0,20;;;;;;;
133;13;5;0,00;3639,86;6730,20;15,31;79,73;3,79;17,23;16,75;15,87;14,89;14,02;17,32;19,38;10,06;0,20;;;;;;;
134;14;5;0,00;4019,80;7509,04;13,94;71,04;3,63;15,88;15,87;15,36;14,67;14,13;16,11;19,81;7,11;0,20;;;;;;;
135;15;5;0,00;3676,21;7050,93;14,23;70,38;2,64;15,87;15,68;15,10;14,43;14,01;16,10;20,60;7,38;0,20;;;;;;;
136;16;5;0,00;3988,18;7496,65;12,72;70,14;2,56;15,91;15,76;15,18;14,47;14,06;16,14;17,83;6,75;0,20;;;;;;;
137;17;5;0,00;3811,86;6747,38;14,16;76,77;1,75;16,09;15,81;15,19;14,46;14,09;16,30;20,94;6,16;0,00;;;;;;;
138;18;5;0,00;4039,56;7024,95;15,46;75,85;1,33;16,84;16,33;15,55;14,70;14,24;17,04;21,62;7,06;0,00;;;;;;;
139;19;5;0,00;4025,05;7057,83;15,54;77,18;2,36;17,38;16,90;16,06;15,11;14,58;17,64;21,75;8,17;0,00;;;;;;;
140;20;5;0,00;2547,00;4499,76;12,40;87,44;2,56;16,98;16,94;16,34;15,46;15,00;17,33;16,77;8,82;0,00;;;;;;;
141;21;5;1,10;2009,99;3712,29;10,75;82,38;3,29;16,21;16,47;16,06;15,32;15,02;16,64;13,47;8,59;0,00;;;;;;;
142;22;5;0,00;2360,44;4677,87;9,10;79,42;4,55;14,48;15,19;15,11;14,66;14,64;15,03;12,38;5,60;0,00;;;;;;;
143;23;5;0,00;3943,06;6820,36;9,49;79,91;3,44;14,36;14,66;14,44;14,00;14,09;14,89;15,17;3,97;0,00;;;;;;;
144;24;5;2,20;1421,45;2619,24;11,22;88,38;2,78;14,73;15,04;14,73;14,14;14,07;15,19;14,38;8,72;1,59;;;;;;;
145;25;5;5,70;1416,51;2294,04;11,76;99,28;2,50;14,74;14,93;14,60;14,04;13,99;15,17;14,30;9,87;0,20;;;;;;;
146;26;5;0,00;2185,45;3854,64;13,75;92,12;2,46;15,42;15,23;14,73;14,10;13,95;15,70;17,50;10,46;1,39;;;;;;;
147;27;5;4,20;2676,55;4853,28;14,34;91,31;1,78;16,39;15,92;15,24;14,46;14,14;16,62;19,07;9,96;0,60;;;;;;;
148;28;5;1,50;2998,06;4773,85;14,87;93,22;1,60;16,51;16,16;15,56;14,79;14,41;16,78;21,13;9,54;14,53;;;;;;;
149;29;5;0,00;2934,11;4871,69;16,31;96,89;2,29;18,16;17,36;16,41;15,41;14,80;18,30;21,79;11,44;1,99;;;;;;;
150;30;5;5,10;1858,26;2944,35;16,06;98,28;3,11;18,31;17,84;17,05;16,07;15,39;18,47;18,61;13,75;0,20;;;;;;;
151;31;5;0,30;3514,81;5825,20;17,74;93,57;1,66;19,46;18,44;17,37;16,34;15,60;19,69;23,30;14,96;3,18;;;;;;;
152;1;6;3,60;1197,91;2285,26;14,68;97,34;2,80;18,51;18,52;17,93;16,99;16,25;18,90;17,02;12,41;3,60;;;;;;;
153;2;6;9,80;1486,52;3359,39;15,28;93,80;1,97;16,95;17,13;16,87;16,30;15,96;17,27;19,92;10,13;9,80;;;;;;;
154;3;6;0,10;3485,26;6568,68;17,57;86,20;2,72;18,63;17,90;17,08;16,29;15,79;19,01;21,75;14,57;0,10;;;;;;;
155;4;6;0,00;3513,07;6613,34;16,50;83,39;3,08;18,98;18,45;17,65;16,71;16,04;19,12;21,04;11,94;0;;;;;;;
156;5;6;0,00;3306,84;5517,28;16,61;88,60;2,78;18,50;18,15;17,58;16,77;16,19;18,59;22,55;11,34;0;;;;;;;
157;6;6;0,10;2406,24;4659,26;19,40;90,82;2,07;19,23;18,66;17,88;16,98;16,32;19,39;25,00;13,19;0,1;;;;;;;
158;7;6;4,00;2076,33;3638,31;18,56;95,84;2,27;19,56;19,09;18,31;17,39;16,67;19,79;23,71;15,11;4;;;;;;;
159;8;6;0,00;3482,06;6499,92;16,39;84,28;3,65;19,21;18,88;18,29;17,46;16,85;19,32;19,45;13,04;0;;;;;;;
160;9;6;0,00;1349,66;2490,18;16,79;87,02;3,44;17,60;17,84;17,66;17,09;16,73;17,81;20,20;11,55;0,00;;;;;;;
161;10;6;3,60;953,22;2362,95;16,98;92,66;2,55;17,76;17,66;17,32;16,73;16,42;17,90;18,78;12,36;3,60;;;;;;;
162;11;6;5,40;2974,91;5347,07;14,89;93,72;1,73;18,05;17,74;17,26;16,62;16,30;18,23;20,11;10,95;5,40;;;;;;;
163;12;6;0,50;1054,05;2028,00;11,86;98,83;3,68;16,89;17,38;17,32;16,79;16,50;17,03;14,11;8,53;0,50;;;;;;;
164;13;6;0,00;3502,55;6537,93;10,79;78,86;1,76;15,94;15,99;15,98;15,69;15,78;16,04;15,78;4,71;0,00;;;;;;;
165;14;6;0,00;2433,19;4442,26;13,10;79,10;2,15;16,01;16,24;16,11;15,67;15,59;16,28;17,70;5,22;0,00;;;;;;;
166;15;6;0,90;3010,92;5477,34;14,81;87,42;1,67;17,54;17,07;16,50;15,84;15,60;17,71;20,21;10,35;0,90;;;;;;;
167;16;6;0,10;2842,34;4935,17;14,25;90,51;3,74;17,37;17,31;16,93;16,27;15,94;17,52;18,74;10,34;0,10;;;;;;;
168;17;6;9,80;1872,29;3379,14;12,43;91,28;4,02;16,57;16,81;16,70;16,17;15,98;16,67;14,97;10,26;9,80;;;;;;;
169;18;6;0,70;1961,48;3253,77;12,47;99,24;2,47;15,71;15,94;15,90;15,56;15,58;16,04;16,69;8,25;0,70;;;;;;;
170;19;6;0,00;1621,80;2556,83;16,12;98,29;2,46;17,00;16,69;16,22;15,66;15,43;17,22;19,80;13,11;0,00;;;;;;;
171;20;6;0,00;3680,63;6069,32;19,48;90,87;1,28;19,33;18,18;17,12;16,26;15,69;19,52;25,16;14,42;0,00;;;;;;;
172;21;6;3,90;4664,51;7067,14;23,21;83,97;1,37;21,65;20,29;19,47;17,64;16,62;21,94;30,28;15,03;3,90;;;;;;;
173;22;6;0,10;2824,72;4779,16;18,89;88,30;3,79;21,84;21,25;24,60;18,85;17,73;22,09;21,76;12,75;0,10;;;;;;;
174;23;6;3,20;1810,10;3195,95;14,61;94,38;2,73;19,00;19,38;22,13;18,44;17,92;19,33;18,40;10,96;3,20;;;;;;;
175;24;6;0,80;1551,74;2340,54;16,56;99,15;2,75;18,42;18,47;19,76;17,67;17,38;18,89;19,98;13,73;0,80;;;;;;;
176;25;6;0,60;4225,42;5211,38;19,26;90,30;2,55;19,69;19,10;19,70;17,63;17,16;19,99;26,57;13,03;0,60;;;;;;;
177;26;6;0,10;4479,97;6399,16;18,51;78,32;1,95;20,71;20,07;20,94;18,26;17,57;20,95;23,84;12,71;0,10;;;;;;;
178;27;6;6,30;3740,09;5371,08;19,61;79,86;1,78;21,24;20,61;21,75;18,72;17,98;21,46;23,77;14,21;6,30;;;;;;;
179;28;6;0,70;2459,20;4047,47;15,62;90,73;3,24;20,26;20,34;21,79;18,98;18,37;20,56;18,86;12,94;0,70;;;;;;;
180;29;6;0,50;3853,07;5928,78;15,73;86,58;3,25;19,28;19,33;20,18;18,34;18,04;19,62;20,50;11,12;0,50;;;;;;;
181;30;6;3,20;1024,16;1876,94;14,54;97,96;2,08;18,60;18,98;19,83;18,22;17,96;18,91;16,46;13,30;3,20;;;;;;;
182;1;7;;2251,04;3957,48;14,71;91,81;2,95;14,44;18,34;18,83;18,21;18,47;17,65;18,07;10,72;;;;;;;;
183;2;7;;3364,75;5598,83;14,58;88,60;2,39;12,52;17,03;18,15;18,18;18,82;17,41;19,45;9,56;;;;;;;;
184;3;7;;1515,58;2506,11;13,58;90,77;2,65;12,50;14,33;17,56;17,97;18,75;17,41;15,81;9,30;;;;;;;;
185;4;7;;1100,38;1816,75;14,05;96,36;3,93;12,49;14,59;16,81;17,26;17,98;16,94;15,75;11,98;;;;;;;;
186;5;7;;1492,14;2455,35;15,28;96,27;4,13;12,48;15,95;16,92;17,08;17,68;16,59;18,72;13,09;;;;;;;;
187;6;7;;2526,86;4223,18;15,41;88,93;3,95;12,47;16,95;17,36;17,32;17,87;16,60;18,62;10,33;;;;;;;;
188;7;7;;2035,12;3607,71;11,29;91,09;3,17;12,43;12,39;16,35;16,89;17,66;16,57;14,64;6,80;;;;;;;;
189;8;7;;2139,89;3118,61;12,03;96,32;4,42;12,42;12,84;15,76;16,19;16,97;16,07;16,69;9,46;;;;;;;;
190;9;7;;598,01;1066,70;12,64;102,07;2,79;12,40;12,50;14,97;15,61;16,48;15,68;15,08;8,39;;;;;;;;
191;10;7;;461,47;1497,15;16,08;88,48;2,11;12,40;18,94;17,35;16,60;16,93;15,57;20,69;12,59;;;;;;;;
192;11;7;;1997,32;3623,77;15,60;91,76;3,66;12,38;17,01;17,98;17,89;18,78;16,68;18,72;10,80;;;;;;;;
193;12;7;;912,86;1653,02;14,49;100,44;2,75;12,35;14,47;16,54;16,96;18,01;16,53;17,69;10,10;;;;;;;;
194;13;7;;990,73;1810,16;16,42;98,75;3,31;12,34;16,93;17,34;17,28;18,07;16,48;17,68;13,16;;;;;;;;
195;14;7;;1721,44;3308,48;13,75;87,33;5,46;12,31;14,46;16,04;16,60;17,65;16,36;16,43;11,42;;;;;;;;
196;15;7;;2155,02;3775,11;14,31;91,05;3,28;12,29;15,40;16,14;16,31;17,13;15,95;17,75;11,58;;;;;;;;
197;16;7;;1548,67;3011,06;14,31;95,72;2,46;12,27;15,36;16,56;16,68;17,52;16,09;17,07;12,07;;;;;;;;
198;17;7;;3167,80;4962,77;16,43;89,35;2,45;12,27;18,19;17,46;17,15;17,87;16,22;20,83;11,80;;;;;;;;
199;18;7;;2451,59;4162,40;16,08;89,50;3,50;12,25;17,61;17,95;17,83;18,74;16,79;18,57;13,03;;;;;;;;
200;19;7;;3706,91;5170,44;16,56;84,33;3,39;12,23;18,81;17,73;17,59;18,45;16,72;21,31;11,87;;;;;;;;
201;20;7;;3979,44;5651,98;22,07;80,86;1,97;12,23;24,24;19,37;18,58;19,29;17,08;31,37;11,72;;;;;;;;
202;21;7;;3266,92;4771,05;24,18;74,40;2,58;12,22;26,15;21,49;20,47;21,68;18,20;30,66;17,76;;;;;;;;
203;22;7;;3356,07;5271,58;20,14;75,75;1,84;12,19;23,02;21,18;20,68;22,57;18,81;25,06;14,02;;;;;;;;
204;23;7;;1703,11;2553,50;18,78;93,62;1,86;12,17;19,87;20,38;20,28;22,17;18,87;25,43;13,11;;;;;;;;
205;24;7;;2890,67;4385,63;18,11;83,12;2,71;12,15;19,88;19,99;19,90;21,42;18,65;21,32;14,70;;;;;;;;
206;25;7;;3298,67;4927,64;16,03;81,97;1,74;12,13;18,85;19,62;19,63;21,10;18,51;21,14;11,71;;;;;;;;
207;26;7;;3133,47;4437,60;16,38;80,00;1,37;12,11;18,46;19,08;19,14;20,50;18,25;23,09;7,50;;;;;;;;
208;27;7;;3079,86;4409,95;19,66;78,06;1,54;12,11;22,19;20,25;19,78;21,03;18,33;23,99;14,85;;;;;;;;
209;28;7;;1372,27;2285,18;16,52;95,51;2,10;12,08;17,61;19,79;19,89;21,51;18,71;19,31;14,39;;;;;;;;
210;29;7;;1520,69;2301,06;16,25;93,78;3,06;12,06;17,24;18,73;19,05;20,48;18,33;19,01;13,44;;;;;;;;
211;30;7;;2256,23;3783,05;17,28;81,80;4,29;12,05;18,60;18,39;18,58;19,72;17,93;21,64;13,14;;;;;;;;
212;31;7;;1223,88;2405,95;15,55;87,74;4,04;12,02;15,96;17,40;17,93;19,04;17,63;19,55;12,92;;;;;;;;
213;1;8;;2854,80;3717,37;17,17;84,57;1,60;12,02;19,37;18,11;17,99;18,79;17,26;22,00;11,87;;;;;;;;
214;2;8;;1154,86;1564,76;16,09;97,23;1,45;11,99;17,27;18,60;18,62;19,71;17,69;18,64;14,32;;;;;;;;
215;3;8;;2820,93;4036,19;17,88;89,26;1,69;11,98;20,35;19,23;18,90;19,82;17,73;22,94;13,91;;;;;;;;
216;4;8;;1479,13;3167,61;17,25;80,37;2,93;999,00;999,00;999,00;999,00;999,00;999,00;21,20;12,97;;;;;;;;
217;5;8;;1222,73;2935,83;15,83;76,27;3,27;999,00;999,00;999,00;999,00;999,00;999,00;19,86;11,83;;;;;;;;
218;6;8;;3098,83;5948,20;18,38;67,64;2,84;999,00;999,00;999,00;999,00;999,00;999,00;24,06;12,49;;;;;;;;
219;7;8;;1722,79;3738,77;19,06;68,69;2,23;999,00;999,00;999,00;999,00;999,00;999,00;23,30;13,83;;;;;;;;
220;8;8;;3187,11;6089,95;21,67;69,85;2,72;999,00;999,00;999,00;999,00;999,00;999,00;28,94;13,83;;;;;;;;
221;9;8;;3481,56;6562,74;19,47;60,60;2,73;999,00;999,00;999,00;999,00;999,00;999,00;24,16;15,94;;;;;;;;
222;10;8;;3526,56;6634,99;21,04;49,98;2,79;999,00;999,00;999,00;999,00;999,00;999,00;27,70;13,36;;;;;;;;
223;11;8;;3033,33;5843,03;24,15;55,39;2,40;999,00;999,00;999,00;999,00;999,00;999,00;30,66;17,75;;;;;;;;
224;12;8;;2295,19;4657,84;23,80;83,66;2,50;999,00;999,00;999,00;999,00;999,00;999,00;31,24;16,61;;;;;;;;
225;13;8;;1678,37;3667,43;16,41;101,39;3,29;999,00;999,00;999,00;999,00;999,00;999,00;19,38;13,16;;;;;;;;
226;14;8;;1341,19;3126,05;16,21;101,15;2,62;999,00;999,00;999,00;999,00;999,00;999,00;19,38;10,96;;;;;;;;
227;15;8;;2137,42;4404,52;20,02;101,19;2,97;999,00;999,00;999,00;999,00;999,00;999,00;25,40;14,69;;;;;;;;
228;16;8;;2782,72;5440,65;17,13;101,46;2,13;999,00;999,00;999,00;999,00;999,00;999,00;21,67;12,11;;;;;;;;
229;17;8;;2844,52;5539,87;18,10;68,96;1,95;999,00;999,00;999,00;999,00;999,00;999,00;24,83;10,68;;;;;;;;
230;18;8;;990,35;2562,72;16,69;79,84;2,08;999,00;999,00;999,00;999,00;999,00;999,00;19,95;13,55;;;;;;;;
231;19;8;;2777,60;5432,42;14,94;72,81;1,96;999,00;999,00;999,00;999,00;999,00;999,00;20,14;9,43;;;;;;;;
232;20;8;;2635,21;5203,79;17,55;65,42;2,85;999,00;999,00;999,00;999,00;999,00;999,00;24,16;10,77;;;;;;;;
233;21;8;;259,62;1389,42;14,24;87,35;4,19;999,00;999,00;999,00;999,00;999,00;999,00;16,22;12,21;;;;;;;;
234;22;8;;1254,05;2986,13;12,98;85,21;3,69;999,00;999,00;999,00;999,00;999,00;999,00;16,41;11,16;;;;;;;;
235;23;8;;1990,48;4168,58;13,77;77,36;3,92;999,00;999,00;999,00;999,00;999,00;999,00;18,04;10,77;;;;;;;;
236;24;8;;1015,41;2602,96;13,32;84,94;4,07;999,00;999,00;999,00;999,00;999,00;999,00;14,98;11,06;;;;;;;;
237;25;8;;1123,62;2776,71;12,96;78,76;3,43;999,00;999,00;999,00;999,00;999,00;999,00;15,75;10,77;;;;;;;;
238;26;8;;359,29;1549,45;11,63;91,39;1,59;999,00;999,00;999,00;999,00;999,00;999,00;13,16;9,63;;;;;;;;
239;27;8;;1742,73;3770,77;11,08;86,84;2,54;999,00;999,00;999,00;999,00;999,00;999,00;13,26;9,15;;;;;;;;
240;28;8;;809,80;2272,82;11,44;88,67;2,84;999,00;999,00;999,00;999,00;999,00;999,00;14,41;9,34;;;;;;;;
241;29;8;;906,06;2427,37;12,29;88,87;1,78;999,00;999,00;999,00;999,00;999,00;999,00;14,69;10,77;;;;;;;;
242;30;8;;1481,30;3351,02;12,71;83,54;1,54;999,00;999,00;999,00;999,00;999,00;999,00;16,70;8,29;;;;;;;;
243;31;8;;2303,73;4671,56;14,04;80,66;1,82;999,00;999,00;999,00;999,00;999,00;999,00;19,95;9,24;;;;;;;;
244;1;9;;;;;;;;;;;;;;;;;;;;;;
245;2;9;;;;;;;;;;;;;;;;;;;;;;
246;3;9;;;;;;;;;;;;;;;;;;;;;;
247;4;9;;;;;;;;;;;;;;;;;;;;;;
248;5;9;;;;;;;;;;;;;;;;;;;;;;
249;6;9;;;;;;;;;;;;;;;;;;;;;;
250;7;9;;;;;;;;;;;;;;;;;;;;;;
251;8;9;;;;;;;;;;;;;;;;;;;;;;
252;9;9;;;;;;;;;;;;;;;;;;;;;;
253;10;9;;;;;;;;;;;;;;;;;;;;;;
254;11;9;;;;;;;;;;;;;;;;;;;;;;
255;12;9;;;;;;;;;;;;;;;;;;;;;;
256;13;9;;;;;;;;;;;;;;;;;;;;;;
257;14;9;;;;;;;;;;;;;;;;;;;;;;
258;15;9;;;;;;;;;;;;;;;;;;;;;;
259;16;9;;;;;;;;;;;;;;;;;;;;;;
260;17;9;;;;;;;;;;;;;;;;;;;;;;
261;18;9;;;;;;;;;;;;;;;;;;;;;;
262;19;9;;;;;;;;;;;;;;;;;;;;;;
263;20;9;;;;;;;;;;;;;;;;;;;;;;
264;21;9;;;;;;;;;;;;;;;;;;;;;;
265;22;9;;;;;;;;;;;;;;;;;;;;;;
266;23;9;;;;;;;;;;;;;;;;;;;;;;
267;24;9;;;;;;;;;;;;;;;;;;;;;;
268;25;9;;;;;;;;;;;;;;;;;;;;;;
269;26;9;;;;;;;;;;;;;;;;;;;;;;
270;27;9;;;;;;;;;;;;;;;;;;;;;;
271;28;9;;;;;;;;;;;;;;;;;;;;;;
272;29;9;;;;;;;;;;;;;;;;;;;;;;
273;30;9;;;;;;;;;;;;;;;;;;;;;;
274;1;10;;;;;;;;;;;;;;;;;;;;;;
275;2;10;;;;;;;;;;;;;;;;;;;;;;
276;3;10;;;;;;;;;;;;;;;;;;;;;;
277;4;10;;;;;;;;;;;;;;;;;;;;;;
278;5;10;;;;;;;;;;;;;;;;;;;;;;
279;6;10;;;;;;;;;;;;;;;;;;;;;;
280;7;10;;;;;;;;;;;;;;;;;;;;;;
281;8;10;;;;;;;;;;;;;;;;;;;;;;
282;9;10;;;;;;;;;;;;;;;;;;;;;;
283;10;10;;;;;;;;;;;;;;;;;;;;;;
284;11;10;;;;;;;;;;;;;;;;;;;;;;
285;12;10;;;;;;;;;;;;;;;;;;;;;;
286;13;10;;;;;;;;;;;;;;;;;;;;;;
287;14;10;;;;;;;;;;;;;;;;;;;;;;
288;15;10;;;;;;;;;;;;;;;;;;;;;;
289;16;10;;;;;;;;;;;;;;;;;;;;;;
290;17;10;;;;;;;;;;;;;;;;;;;;;;
291;18;10;;;;;;;;;;;;;;;;;;;;;;
292;19;10;;;;;;;;;;;;;;;;;;;;;;
293;20;10;;;;;;;;;;;;;;;;;;;;;;
294;21;10;;;;;;;;;;;;;;;;;;;;;;
295;22;10;;;;;;;;;;;;;;;;;;;;;;
296;23;10;;;;;;;;;;;;;;;;;;;;;;
297;24;10;;;;;;;;;;;;;;;;;;;;;;
298;25;10;;;;;;;;;;;;;;;;;;;;;;
299;26;10;;;;;;;;;;;;;;;;;;;;;;
300;27;10;;;;;;;;;;;;;;;;;;;;;;
301;28;10;;;;;;;;;;;;;;;;;;;;;;
302;29;10;;;;;;;;;;;;;;;;;;;;;;
303;30;10;;;;;;;;;;;;;;;;;;;;;;
304;31;10;;;;;;;;;;;;;;;;;;;;;;
305;1;11;;;;;;;;;;;;;;;;;;;;;;
306;2;11;;;;;;;;;;;;;;;;;;;;;;
307;3;11;;;;;;;;;;;;;;;;;;;;;;
308;4;11;;;;;;;;;;;;;;;;;;;;;;
309;5;11;;;;;;;;;;;;;;;;;;;;;;
310;6;11;;;;;;;;;;;;;;;;;;;;;;
311;7;11;;;;;;;;;;;;;;;;;;;;;;
312;8;11;;;;;;;;;;;;;;;;;;;;;;
313;9;11;;;;;;;;;;;;;;;;;;;;;;
314;10;11;;;;;;;;;;;;;;;;;;;;;;
315;11;11;;;;;;;;;;;;;;;;;;;;;;
316;12;11;;;;;;;;;;;;;;;;;;;;;;
317;13;11;;;;;;;;;;;;;;;;;;;;;;
318;14;11;;;;;;;;;;;;;;;;;;;;;;
319;15;11;;;;;;;;;;;;;;;;;;;;;;
320;16;11;;;;;;;;;;;;;;;;;;;;;;
321;17;11;;;;;;;;;;;;;;;;;;;;;;
322;18;11;;;;;;;;;;;;;;;;;;;;;;
323;19;11;;;;;;;;;;;;;;;;;;;;;;
324;20;11;;;;;;;;;;;;;;;;;;;;;;
325;21;11;;;;;;;;;;;;;;;;;;;;;;
326;22;11;;;;;;;;;;;;;;;;;;;;;;
327;23;11;;;;;;;;;;;;;;;;;;;;;;
328;24;11;;;;;;;;;;;;;;;;;;;;;;
329;25;11;;;;;;;;;;;;;;;;;;;;;;
330;26;11;;;;;;;;;;;;;;;;;;;;;;
331;27;11;;;;;;;;;;;;;;;;;;;;;;
332;28;11;;;;;;;;;;;;;;;;;;;;;;
333;29;11;;;;;;;;;;;;;;;;;;;;;;
334;30;11;;;;;;;;;;;;;;;;;;;;;;
335;1;12;;;;;;;;;;;;;;;;;;;;;;
336;2;12;;;;;;;;;;;;;;;;;;;;;;
337;3;12;;;;;;;;;;;;;;;;;;;;;;
338;4;12;;;;;;;;;;;;;;;;;;;;;;
339;5;12;;;;;;;;;;;;;;;;;;;;;;
340;6;12;;;;;;;;;;;;;;;;;;;;;;
341;7;12;;;;;;;;;;;;;;;;;;;;;;
342;8;12;;;;;;;;;;;;;;;;;;;;;;
343;9;12;;;;;;;;;;;;;;;;;;;;;;
344;10;12;;;;;;;;;;;;;;;;;;;;;;
345;11;12;;;;;;;;;;;;;;;;;;;;;;
346;12;12;;;;;;;;;;;;;;;;;;;;;;
347;13;12;;;;;;;;;;;;;;;;;;;;;;
348;14;12;;;;;;;;;;;;;;;;;;;;;;
349;15;12;;;;;;;;;;;;;;;;;;;;;;
350;16;12;;;;;;;;;;;;;;;;;;;;;;
351;17;12;;;;;;;;;;;;;;;;;;;;;;
352;18;12;;;;;;;;;;;;;;;;;;;;;;
353;19;12;;;;;;;;;;;;;;;;;;;;;;
354;20;12;;;;;;;;;;;;;;;;;;;;;;
355;21;12;;;;;;;;;;;;;;;;;;;;;;
356;22;12;;;;;;;;;;;;;;;;;;;;;;
357;23;12;;;;;;;;;;;;;;;;;;;;;;
358;24;12;;;;;;;;;;;;;;;;;;;;;;
359;25;12;;;;;;;;;;;;;;;;;;;;;;
360;26;12;;;;;;;;;;;;;;;;;;;;;;
361;27;12;;;;;;;;;;;;;;;;;;;;;;
362;28;12;;;;;;;;;;;;;;;;;;;;;;
363;29;12;;;;;;;;;;;;;;;;;;;;;;
364;30;12;;;;;;;;;;;;;;;;;;;;;;
365;31;12;;;;;;;;;;;;;;;;;;;;;;
