day_of_year,day,month,woche,precipitation,radiation_net,radiation_global,air_temp_average,humidity,wind_speed,soil_temp_10cm,soil_temp_20cm,soil_temp_30cm,soil_temp_40cm,soil_temp_50cm,air_temp_max,air_temp_min
1,1,1,1,0.00,-113.14,416.91,-10.41,92.83,3.47,-0.57,0.46,0.93,,1.80,-6.05,-15.13
2,2,1,1,0.00,-75.05,398.98,-6.58,93.36,4.15,-0.26,0.41,0.86,,1.71,-5.19,-7.86
3,3,1,1,0.00,-77.91,738.01,-8.38,97.30,2.34,-0.17,0.39,0.83,,1.64,-5.63,-9.73
4,4,1,1,0.00,-84.55,652.47,-8.33,100.13,1.93,-0.26,0.37,0.80,,1.58,-5.58,-10.31
5,5,1,1,0.00,-97.21,718.74,-5.90,98.27,3.47,-0.17,0.36,0.78,,1.53,-5.01,-7.45
6,6,1,1,0.00,-297.35,757.22,-8.33,95.16,2.86,-0.32,0.34,0.75,,1.48,-7.23,-10.21
7,7,1,1,0.00,-61.87,305.79,-5.91,99.41,2.98,-0.38,0.30,0.72,,1.44,-3.92,-8.28
8,8,1,2,0.00,-98.27,483.19,-4.38,97.40,1.55,-0.16,0.31,0.70,,1.40,-3.62,-4.88
9,9,1,2,0.00,-193.67,652.96,-4.08,97.75,0.94,-0.11,0.33,0.69,,1.37,-2.92,-5.10
10,10,1,2,0.00,-49.72,982.51,-5.37,92.60,4.13,-0.34,0.28,0.67,,1.33,-0.84,-11.06
11,11,1,2,1.39,-31.63,923.15,1.13,92.86,4.15,0.03,0.34,0.69,,1.33,2.56,-0.52
12,12,1,2,0.00,-457.84,1142.02,0.66,81.89,2.94,0.22,0.38,0.69,,1.31,3.77,-1.59
13,13,1,2,0.00,-689.43,1158.05,-0.14,81.43,3.33,,0.39,0.69,,1.28,1.86,-3.87
14,14,1,2,0.00,-576.61,1209.92,-2.49,86.29,2.37,,0.35,0.67,,1.25,2.97,-6.47
15,15,1,3,0.00,-670.18,1244.64,0.95,75.15,3.54,,0.31,0.66,,1.24,5.67,-3.43
16,16,1,3,0.00,186.24,377.02,2.47,93.09,3.71,0.21,0.36,0.65,,1.21,3.28,1.56
17,17,1,3,3.38,311.78,353.65,2.04,102.03,1.85,0.35,0.41,0.56,,0.92,2.90,1.27
18,18,1,3,0.60,139.07,105.45,1.40,105.36,1.80,0.39,0.43,0.50,,0.79,2.36,0.68
19,19,1,3,0.00,136.97,223.67,1.26,99.91,2.14,0.41,0.43,0.59,,1.01,1.99,0.87
20,20,1,3,0.00,120.08,759.23,2.91,92.43,4.37,1.01,0.45,0.62,,1.07,5.15,-0.01
21,21,1,3,0.00,230.59,1196.85,5.14,97.42,4.22,1.26,0.48,0.65,,1.08,8.56,3.17
22,22,1,4,3.38,234.64,187.58,3.06,105.13,1.52,1.66,0.47,0.66,,1.09,3.75,2.55
23,23,1,4,0.20,143.77,131.23,1.74,105.61,1.78,0.92,0.48,0.65,,1.07,2.65,0.27
24,24,1,4,0.00,-326.36,1090.03,-0.56,93.23,3.24,0.71,0.46,0.66,,1.07,0.92,-2.00
25,25,1,4,0.00,199.56,839.02,-1.64,98.93,1.33,2.05,0.47,0.67,,1.06,0.49,-4.14
26,26,1,4,0.20,169.87,359.89,0.63,101.24,3.16,2.39,0.50,0.69,,1.07,2.37,-1.13
27,27,1,4,0.20,243.15,349.34,1.48,102.77,2.69,3.11,0.52,0.71,,1.08,2.11,0.90
28,28,1,4,0.40,187.68,321.92,2.01,99.16,2.55,2.66,0.54,0.72,,1.09,3.07,0.96
29,29,1,5,0.20,237.37,648.82,2.27,94.79,3.82,1.82,0.55,0.73,,1.09,4.15,0.54
30,30,1,5,0.00,233.85,1664.59,-0.49,89.90,0.85,0.78,0.56,0.73,,1.07,2.29,-2.68
31,31,1,5,0.00,265.34,1704.14,-0.65,80.67,1.89,0.95,0.56,0.74,,1.07,3.29,-3.60
32,1,2,5,0.20,92.70,310.80,0.40,98.67,2.35,0.73,0.58,0.75,,1.07,1.10,-1.14
33,2,2,5,1.99,178.73,502.36,2.70,87.95,6.19,0.48,0.61,0.79,,1.09,4.74,0.78
34,3,2,5,6.17,174.84,401.49,2.05,101.22,3.30,0.49,0.59,0.74,,1.02,5.45,0.14
35,4,2,5,0.00,410.51,1504.96,3.09,94.58,4.81,0.48,0.62,0.78,,1.05,6.18,0.48
36,5,2,6,0.40,224.49,1075.84,5.01,82.29,5.02,0.50,0.65,0.81,,1.09,7.75,2.14
37,6,2,6,0.00,397.78,1800.55,4.49,90.60,2.88,0.50,0.66,0.82,,1.09,7.59,1.70
38,7,2,6,0.00,661.39,1507.81,6.33,92.38,4.26,0.55,0.69,0.84,,1.10,10.14,1.70
39,8,2,6,1.79,328.61,1028.22,8.81,83.13,5.60,2.26,1.52,1.25,,1.22,10.41,6.66
40,9,2,6,3.98,256.41,1514.67,5.83,76.64,8.35,3.29,2.82,2.35,,1.75,8.87,3.57
41,10,2,6,8.76,149.48,230.52,7.51,95.16,5.12,4.05,3.38,2.88,,2.23,11.25,3.34
42,11,2,6,1.59,298.22,760.28,7.49,90.62,7.03,5.79,5.02,4.22,,2.99,10.47,3.85
43,12,2,7,0.00,318.34,1252.10,3.94,86.37,6.64,4.21,4.24,4.08,,3.41,5.32,1.09
44,13,2,7,1.19,317.09,1004.60,2.93,92.34,3.66,3.10,3.32,3.40,,3.24,5.10,0.86
45,14,2,7,0.20,353.00,1134.46,2.05,97.19,2.49,3.35,3.38,3.31,,3.10,3.46,0.30
46,15,2,7,1.39,292.69,1480.79,2.90,89.37,3.58,2.71,2.91,3.01,,3.02,6.34,0.05
47,16,2,7,6.77,-0.42,619.69,6.58,90.64,6.41,4.16,3.75,3.43,,3.06,9.79,3.81
48,17,2,7,1.99,673.00,1766.10,4.82,80.43,6.74,3.94,3.90,3.76,,3.35,6.51,3.07
49,18,2,7,0.20,879.64,2271.67,6.91,76.12,9.13,4.42,4.18,3.92,,3.48,9.12,4.18
50,19,2,8,4.58,119.13,596.60,8.55,88.45,8.49,5.79,5.15,4.58,,3.80,10.33,7.46
51,20,2,8,0.00,406.81,1229.20,8.55,92.93,4.70,6.13,5.61,5.10,,4.24,10.54,6.03
52,21,2,8,0.00,569.97,1692.74,8.78,87.94,3.31,6.33,5.91,5.44,,4.58,11.53,5.38
53,22,2,8,6.77,274.40,892.96,10.31,86.08,6.86,7.27,6.62,5.97,,4.92,12.93,7.18
54,23,2,8,14.53,479.43,1222.36,11.44,81.95,10.28,8.15,7.44,6.68,,5.41,13.35,8.86
55,24,2,8,15.72,567.73,1429.09,7.45,90.11,7.22,7.27,7.12,6.78,,5.83,9.71,5.35
56,25,2,8,0.80,758.81,1625.06,4.83,91.50,3.70,6.12,6.23,6.19,,5.73,6.67,1.40
57,26,2,9,0.40,777.74,2740.83,8.38,73.77,5.70,5.96,5.91,5.79,,5.47,13.10,4.11
58,27,2,9,0.00,1209.51,2876.95,9.79,80.81,3.88,7.13,6.64,6.18,,5.50,12.67,6.81
59,28,2,9,1.19,1115.75,2621.42,12.31,79.46,6.42,8.53,7.71,6.94,,5.85,17.18,7.42
60,1,3,9,0.00,846.78,2908.68,6.95,79.40,3.92,7.27,7.36,7.14,,6.29,9.89,4.56
61,2,3,9,0.00,1112.03,3217.64,6.81,82.58,1.60,6.55,6.56,6.43,,6.04,12.31,1.67
62,3,3,9,0.00,952.57,2740.43,9.48,93.43,2.57,7.33,6.95,6.59,,6.00,14.87,5.02
63,4,3,9,0.00,147.70,815.20,7.74,94.48,2.52,7.85,7.64,7.25,,6.36,10.80,2.60
64,5,3,10,0.20,1182.49,3271.80,5.60,91.37,1.70,6.26,6.43,6.43,,6.18,13.10,-1.21
65,6,3,10,0.00,1162.83,2646.16,8.66,88.70,2.46,6.86,6.64,6.40,,6.02,14.10,3.93
66,7,3,10,0.00,746.23,1844.49,9.51,90.97,1.83,8.46,7.87,7.26,,6.34,12.46,7.47
67,8,3,10,0.00,1138.93,3485.21,9.48,82.06,2.01,7.65,7.50,7.19,,6.52,17.47,2.28
68,9,3,10,0.00,91.50,679.17,4.81,99.62,2.38,6.53,6.93,7.01,,6.60,7.58,3.27
69,10,3,10,0.00,879.68,2052.42,5.62,99.65,2.54,6.66,6.60,6.51,,6.29,11.11,2.56
70,11,3,10,0.00,247.68,943.19,8.91,93.46,3.95,7.18,6.99,6.75,,6.32,12.05,6.62
71,12,3,11,0.40,586.92,1117.44,9.00,91.13,4.88,7.79,7.47,7.12,,6.50,10.18,8.23
72,13,3,11,0.40,478.90,904.87,9.56,95.65,5.16,8.37,7.93,7.49,,6.73,11.08,8.71
73,14,3,11,15.32,378.08,795.51,3.67,98.88,2.48,7.40,7.55,7.44,,6.87,8.51,2.26
74,15,3,11,0.80,137.22,507.72,2.41,100.60,1.54,5.98,6.43,6.62,,6.59,3.17,1.53
75,16,3,11,3.98,1131.79,2085.30,3.52,94.50,3.08,5.18,5.56,5.83,,6.11,7.18,-0.57
76,17,3,11,4.38,510.95,1018.98,5.43,96.50,4.84,6.36,6.29,6.15,,5.98,8.55,0.79
77,18,3,11,2.59,1190.11,2618.26,1.19,83.88,2.63,5.14,5.58,5.79,,5.90,3.51,-0.75
78,19,3,12,7.56,572.53,1350.87,3.33,97.06,3.62,5.08,5.37,5.50,,5.65,5.61,0.98
79,20,3,12,0.00,1011.53,2538.88,2.50,89.14,2.81,4.39,4.85,5.12,,5.42,6.26,-0.39
80,21,3,12,4.98,386.33,1139.36,1.71,98.35,2.87,3.76,4.39,4.76,,5.16,3.73,0.18
81,22,3,12,0.20,709.67,1311.79,3.14,97.87,2.86,4.35,4.46,4.56,,4.88,5.08,1.42
82,23,3,12,0.80,361.66,752.17,4.22,97.03,2.40,4.93,4.98,4.94,,4.95,5.77,2.52
83,24,3,12,0.60,1539.83,3107.81,8.04,86.00,4.72,6.12,5.62,5.28,,5.07,12.38,3.02
84,25,3,12,3.58,2001.28,3900.28,10.65,75.34,6.44,8.28,7.47,6.69,,5.69,12.87,8.75
85,26,3,13,8.96,1485.72,2822.68,7.27,87.15,10.35,7.64,7.46,7.13,,6.29,12.13,3.41
86,27,3,13,2.99,1487.60,2976.84,5.40,88.13,7.39,6.19,6.40,6.44,,6.22,7.59,4.01
87,28,3,13,0.20,1226.34,2376.54,6.99,90.57,3.66,6.69,6.49,6.33,,6.07,10.80,3.98
88,29,3,13,0.00,2168.65,4847.73,8.01,87.59,3.32,7.61,7.17,6.74,,6.17,12.84,3.32
89,30,3,13,0.00,1297.55,3097.11,7.22,82.66,2.41,,,,,,11.25,2.75
90,31,3,13,0.00,2276.96,4628.57,8.10,76.46,2.40,,,,,,12.88,3.60
91,1,4,13,0.00,2900.57,5949.34,9.37,78.65,2.65,,,,,,15.27,2.28
92,2,4,14,0.20,2045.91,4369.14,8.52,84.61,1.55,8.41,8.00,7.51,,6.70,13.66,2.34
93,3,4,14,2.19,741.70,1806.89,7.08,91.89,4.62,7.79,7.85,7.65,,6.96,12.87,3.55
94,4,4,14,1.00,1336.39,3217.29,4.00,87.05,7.20,6.17,6.65,6.88,,6.77,7.86,1.47
95,5,4,14,9.15,160.02,593.85,4.57,98.78,6.10,5.16,5.64,6.00,,6.30,10.00,0.49
96,6,4,14,0.80,1841.03,4187.53,4.51,76.89,6.55,6.31,6.30,6.21,,6.09,9.18,1.46
97,7,4,14,0.00,2524.89,5705.90,3.03,73.94,1.45,5.67,5.75,5.78,,5.88,8.10,-2.13
98,8,4,14,0.00,2300.43,5408.87,5.68,62.84,1.64,6.28,6.16,5.98,,5.83,12.34,-0.22
99,9,4,15,0.00,1969.83,4891.86,8.57,68.11,1.84,7.44,7.01,6.55,,6.04,15.63,1.97
100,10,4,15,0.00,1650.22,3900.42,7.81,79.66,3.25,7.80,7.53,7.15,,6.47,12.05,3.72
101,11,4,15,2.99,943.34,2593.45,6.85,79.81,7.71,,7.40,7.27,,6.73,9.79,3.50
102,12,4,15,0.00,2213.05,4961.82,5.44,82.31,5.13,,6.46,6.51,,6.48,9.01,2.23
103,13,4,15,1.99,1858.28,4044.36,4.71,77.67,2.71,,6.64,6.57,,6.39,9.26,-1.69
104,14,4,15,0.80,567.63,1084.48,7.36,94.49,5.61,,7.14,6.89,,6.48,9.19,4.71
105,15,4,15,0.00,2550.52,5763.18,5.28,67.19,5.93,,6.86,6.78,,6.53,8.37,2.76
106,16,4,16,0.00,2487.05,5596.96,4.94,67.78,3.08,,6.48,6.45,,6.36,9.88,-0.73
107,17,4,16,0.00,2038.34,4632.59,6.31,71.36,2.12,,6.66,6.50,,6.29,12.82,0.64
108,18,4,16,1.00,1898.93,4209.83,6.37,85.90,4.60,,6.88,6.71,,6.40,12.79,1.11
109,19,4,16,0.60,2538.34,5304.96,5.07,81.06,2.53,,7.53,7.12,,6.58,8.40,1.66
110,20,4,16,0.00,1942.56,4691.16,3.47,76.55,2.04,,7.29,7.17,,6.77,6.86,-0.93
111,21,4,16,0.00,2367.66,5320.49,3.82,72.97,2.03,,6.80,6.75,,6.61,9.46,-2.17
112,22,4,16,0.00,1531.17,3386.65,5.29,79.92,3.13,,6.94,6.83,,6.59,8.25,2.46
113,23,4,17,0.00,2596.51,5903.15,4.96,74.30,1.91,,6.83,6.67,,6.49,10.83,-1.15
114,24,4,17,0.00,2261.09,5270.87,8.73,65.86,4.98,,7.24,6.98,,6.59,14.64,1.62
115,25,4,17,0.60,683.84,1657.48,9.68,82.01,3.59,,7.92,7.54,,6.92,11.34,7.52
116,26,4,17,0.00,1442.65,2627.10,9.48,85.87,3.19,,8.22,7.80,,7.14,12.95,6.46
117,27,4,17,1.79,754.02,1651.50,10.37,96.66,2.28,,8.65,8.17,,7.41,13.73,8.20
118,28,4,17,4.78,1125.80,2210.01,12.08,95.61,4.63,,9.39,8.72,,7.73,14.95,9.89
119,29,4,17,9.95,476.83,1011.91,10.43,99.01,4.88,,9.78,9.23,,8.19,12.14,8.70
120,30,4,18,0.00,1506.20,2758.74,10.20,90.98,4.80,,9.58,9.15,,8.32,13.26,7.42
121,1,5,18,0.00,1699.12,3509.08,9.41,94.56,2.60,,9.61,9.18,,8.39,14.26,6.21
122,2,5,18,0.00,3047.58,6178.45,13.46,85.07,2.68,,10.00,9.36,,8.43,20.41,7.05
123,3,5,18,0.00,2890.75,6075.17,13.14,86.45,2.40,,10.91,10.13,,8.89,17.59,8.90
124,4,5,18,1.19,2335.01,4470.24,14.47,88.32,2.94,,11.16,10.44,,9.25,19.74,9.49
125,5,5,18,10.75,814.86,1886.42,14.25,96.08,3.17,,11.87,11.07,,9.69,16.00,12.00
126,6,5,18,6.57,902.20,2095.13,11.17,93.95,4.96,,11.73,11.18,,10.01,16.10,3.91
127,7,5,19,0.40,2481.87,5463.72,6.57,77.56,3.41,11.49,11.39,11.08,,10.20,10.84,3.26
128,8,5,19,0.00,1539.83,3671.37,7.89,81.65,2.64,12.52,12.01,11.41,,10.32,12.79,4.35
129,9,5,19,1.19,2009.83,4352.79,8.33,82.99,3.85,12.97,12.41,11.73,,10.52,12.80,4.06
130,10,5,19,0.60,2218.40,4894.90,10.71,84.04,3.89,13.81,13.06,12.24,,10.83,15.44,6.08
131,11,5,19,0.60,1680.94,3535.75,14.25,81.33,3.16,14.67,13.86,12.93,,11.28,19.95,10.33
132,12,5,19,0.00,2319.80,4967.84,14.31,80.18,2.28,15.86,14.92,13.82,,11.85,17.69,11.20
133,13,5,19,0.00,3738.56,7220.29,14.73,73.08,1.83,17.34,16.06,14.71,,12.41,20.80,6.73
134,14,5,20,0.80,2838.84,5223.27,16.57,87.44,2.22,18.64,17.42,16.02,,13.40,22.93,9.91
135,15,5,20,0.00,3553.26,6781.57,14.54,88.08,2.60,19.71,18.42,16.95,,14.16,18.77,8.94
136,16,5,20,0.00,2604.65,4945.92,17.57,91.15,3.18,19.81,18.66,17.34,,14.70,24.45,13.10
137,17,5,20,6.17,3054.67,5671.65,20.31,86.19,2.14,21.11,19.66,18.12,,15.23,26.62,14.59
138,18,5,20,44.58,3259.48,5649.45,18.77,93.72,1.84,21.83,20.31,18.79,,15.85,25.03,14.45
139,19,5,20,7.76,3695.12,6424.38,18.17,90.62,2.52,20.94,19.49,18.19,,15.76,21.78,15.12
140,20,5,20,1.99,1885.72,3665.24,16.43,94.83,2.05,20.46,19.33,18.20,,15.89,19.43,13.44
141,21,5,21,2.59,1518.10,3238.07,13.37,94.86,2.77,18.23,17.63,17.00,,15.51,16.57,10.76
142,22,5,21,5.17,557.89,1135.15,10.62,101.72,2.01,16.37,16.21,15.91,,14.95,11.84,9.35
143,23,5,21,1.99,2275.18,4049.75,9.80,93.27,2.46,16.11,15.48,14.99,,14.21,12.72,7.60
144,24,5,21,0.20,3005.18,6044.07,9.46,82.04,1.86,16.42,15.57,14.87,,13.88,13.52,5.38
145,25,5,21,0.00,3599.19,7180.94,10.21,72.49,1.25,16.84,15.74,14.85,,13.69,15.31,2.93
146,26,5,21,0.60,2667.66,5000.00,9.91,87.41,2.04,16.74,15.86,15.05,,13.83,14.06,4.51
147,27,5,21,1.00,1604.49,2898.14,10.20,91.53,4.92,15.78,15.28,14.77,,13.77,11.84,8.70
148,28,5,22,0.00,2455.59,4594.71,11.16,84.52,3.26,15.35,14.58,13.98,,13.19,15.88,7.07
149,29,5,22,0.00,2901.51,5288.63,10.35,90.23,3.57,16.31,15.32,14.49,,13.33,14.20,6.93
150,30,5,22,0.00,4035.05,7855.61,12.17,71.65,3.05,17.73,16.22,15.02,,13.49,16.77,7.80
151,31,5,22,0.00,3626.02,7285.72,10.81,67.15,2.08,18.03,16.59,15.39,,13.78,15.61,3.26
152,1,6,22,0.00,3084.90,5896.72,12.20,75.90,3.11,17.89,16.53,15.42,,13.91,17.73,6.19
153,2,6,22,0.00,4083.01,8005.14,14.87,62.84,2.69,19.05,17.25,15.85,,14.07,19.68,8.29
154,3,6,22,0.00,3893.90,7412.46,14.38,70.97,1.39,19.72,17.94,16.45,,14.47,20.48,7.32
155,4,6,23,0.00,3774.29,6908.93,16.31,72.94,1.28,20.18,18.45,16.95,,14.85,22.75,8.07
156,5,6,23,0.00,4116.30,7753.28,18.21,68.99,2.41,21.08,19.12,17.52,,15.26,23.60,9.41
157,6,6,23,0.60,3882.62,7820.38,19.05,68.47,3.38,21.34,19.40,17.82,,15.55,24.33,11.88
158,7,6,23,0.00,3861.10,7647.17,19.78,66.42,2.99,22.03,19.92,18.25,,15.86,25.53,12.19
159,8,6,23,2.59,2061.02,4209.98,18.32,81.99,2.00,21.79,20.20,18.77,,16.38,23.87,12.72
160,9,6,23,0.00,4052.58,7494.73,17.68,83.39,2.58,21.31,20.22,19.07,467.89,16.72,21.53,13.85
161,10,6,23,0.00,3970.08,7633.96,17.21,79.88,1.35,21.41,20.36,19.22,17.96,16.99,22.99,9.34
162,11,6,24,0.20,3829.13,7307.27,20.26,67.60,2.84,21.67,20.45,19.15,17.76,16.87,26.39,13.08
163,12,6,24,0.00,3351.93,5932.25,20.08,83.18,1.79,22.40,20.98,19.53,18.02,17.09,23.94,15.11
164,13,6,24,8.56,3157.66,5601.30,18.71,87.51,1.72,22.42,21.25,19.92,18.40,17.47,23.29,14.26
165,14,6,24,30.85,2102.19,3751.20,16.60,96.64,2.26,19.75,19.62,19.15,18.10,17.52,20.89,14.52
166,15,6,24,0.40,2211.78,4046.15,14.38,92.69,3.36,18.18,18.35,18.13,17.31,17.04,16.46,11.68
167,16,6,24,0.00,3389.88,6012.86,12.45,83.96,1.81,17.01,17.06,16.99,16.38,16.37,16.22,7.02
168,17,6,24,0.00,4280.57,7592.20,12.19,82.12,2.03,16.79,16.71,16.55,15.91,15.90,17.82,5.62
169,18,6,25,0.00,2888.13,5292.01,11.27,85.50,1.98,15.88,16.17,16.21,15.66,15.68,16.15,5.29
170,19,6,25,0.00,4395.88,7659.74,13.67,76.50,1.75,16.89,16.34,15.93,15.25,15.28,18.99,6.25
171,20,6,25,0.80,2266.14,4236.76,14.22,89.54,2.07,17.47,17.21,16.70,15.83,15.59,17.47,11.32
172,21,6,25,1.59,1849.08,3187.06,15.49,89.76,3.57,16.58,16.54,16.30,15.60,15.55,18.51,12.95
173,22,6,25,2.59,2509.80,4609.73,14.78,87.44,2.82,16.58,16.37,16.07,15.37,15.38,18.18,12.20
174,23,6,25,7.16,2282.99,4040.84,13.09,96.15,3.70,16.30,16.31,16.09,15.42,15.41,16.23,10.95
175,24,6,25,1.59,1956.18,3524.42,12.86,92.14,4.19,15.50,15.67,15.64,15.11,15.21,15.58,10.79
176,25,6,26,0.00,3266.80,6043.90,12.83,79.92,1.85,16.12,15.66,15.33,14.74,14.86,17.53,9.58
177,26,6,26,2.39,1481.55,2938.09,14.02,91.67,2.20,16.34,16.22,15.89,15.17,15.08,16.69,10.81
178,27,6,26,9.75,2239.60,3822.34,16.01,93.18,2.16,17.08,16.49,15.92,15.16,15.05,21.43,13.00
179,28,6,26,0.00,4218.11,7175.12,17.22,84.50,2.12,17.85,17.07,16.35,15.49,15.25,23.76,9.88
180,29,6,26,21.30,3916.12,6255.58,19.59,90.29,2.28,19.54,18.39,17.33,16.24,15.72,28.09,10.67
181,30,6,26,0.20,1830.78,3521.35,16.83,92.82,3.15,19.38,18.98,18.17,17.05,16.43,19.40,14.35
182,1,7,26,5.97,1904.37,3549.49,15.30,93.30,1.76,18.13,17.88,17.49,16.71,16.45,19.31,12.09
183,2,7,27,4.78,3925.60,6544.57,17.37,85.12,1.90,18.85,18.10,17.43,16.59,16.29,23.92,11.37
184,3,7,27,3.98,2525.93,4139.05,17.80,91.97,1.18,19.90,19.08,18.18,17.15,16.62,21.19,15.09
185,4,7,27,0.20,3055.51,5202.68,17.25,86.63,1.60,20.12,19.36,18.50,17.47,16.93,21.22,13.28
186,5,7,27,0.20,3323.11,5667.29,16.42,84.15,1.94,19.40,18.99,18.41,17.52,17.09,21.28,11.26
187,6,7,27,0.00,2080.30,3814.59,14.40,88.78,2.76,18.17,18.21,17.97,17.26,17.03,18.58,10.66
188,7,7,27,0.00,3157.44,5352.36,17.01,90.08,3.33,18.28,17.91,17.52,16.82,16.66,21.30,12.93
189,8,7,27,0.00,3406.70,5825.72,17.43,88.00,3.67,18.75,18.30,17.77,16.96,16.68,21.31,14.65
190,9,7,28,0.00,3297.92,5620.15,16.45,88.22,2.55,18.74,18.37,17.89,17.08,16.78,20.24,13.21
191,10,7,28,0.00,4423.74,7407.95,18.20,79.50,1.62,18.88,18.44,17.94,17.13,16.82,23.62,11.10
192,11,7,28,0.00,4520.18,7665.39,19.43,73.22,1.15,18.95,18.52,18.01,17.19,16.91,25.53,10.29
193,12,7,28,0.00,4291.04,7143.03,18.93,79.22,1.09,19.09,18.67,18.15,17.29,17.03,25.61,11.08
194,13,7,28,0.00,4449.92,5492.49,19.95,74.39,1.30,19.05,18.66,18.18,17.32,17.10,26.37,11.67
195,14,7,28,3.78,2241.05,4059.63,17.76,89.51,1.67,19.12,18.81,18.35,17.46,17.24,23.35,13.67
196,15,7,28,0.00,3414.67,5827.85,18.45,88.67,2.31,19.31,18.86,18.35,17.46,17.25,23.16,14.46
197,16,7,29,4.78,1166.00,2196.78,16.24,99.58,1.28,18.68,18.62,18.33,17.54,17.36,19.67,13.19
198,17,7,29,4.98,1667.26,2750.85,16.82,96.34,1.15,18.41,18.24,17.97,17.27,17.16,20.17,13.95
199,18,7,29,10.15,1957.71,2622.22,16.41,99.88,2.11,18.38,18.20,17.92,17.23,17.10,20.43,14.58
200,19,7,29,4.18,1834.33,3125.77,16.19,97.47,2.93,18.42,18.22,17.91,17.23,17.07,19.77,13.92
201,20,7,29,19.30,1648.34,2949.15,15.70,97.44,2.70,17.78,17.78,17.65,17.09,16.99,20.24,11.73
202,21,7,29,12.54,1186.52,1822.62,16.61,101.90,2.69,17.73,17.62,17.45,16.92,16.82,21.20,14.50
203,22,7,29,0.00,3344.96,5457.67,19.09,92.07,1.00,17.91,17.63,17.36,16.84,16.65,25.70,13.33
204,23,7,30,13.54,2259.26,3786.89,18.70,94.99,1.29,18.69,18.32,17.87,17.19,16.86,23.16,15.59
205,24,7,30,0.00,3158.95,5280.85,18.78,85.01,1.28,18.56,18.30,17.97,17.36,17.04,23.88,13.77
206,25,7,30,18.11,1033.40,1918.92,17.05,98.52,1.94,18.84,18.63,18.28,17.62,17.29,18.51,15.77
207,26,7,30,4.78,965.79,1791.50,16.37,98.63,2.89,18.18,18.15,18.00,17.50,17.27,20.46,14.70
208,27,7,30,0.00,2519.91,4185.27,18.70,84.65,3.95,17.95,17.83,17.65,17.21,17.02,22.72,15.22
209,28,7,30,1.00,3187.03,5458.64,17.25,83.50,2.66,17.86,17.76,17.58,17.14,16.97,22.87,11.95
210,29,7,30,0.00,2708.85,4731.05,17.58,86.99,2.01,17.90,17.75,17.55,17.08,16.90,22.27,12.58
211,30,7,31,0.60,3413.86,5694.23,19.29,79.78,1.87,17.56,17.52,17.41,16.98,16.85,26.22,10.97
212,31,7,31,5.57,1677.93,3079.86,16.27,94.78,2.72,18.13,17.98,17.72,17.16,16.96,20.13,12.59
213,1,8,31,4.58,1704.62,2827.93,15.17,95.19,2.28,17.25,17.34,17.33,16.97,16.92,19.77,11.02
214,2,8,31,1.00,2222.07,3236.97,17.71,93.39,1.56,17.43,17.28,17.12,16.73,16.64,21.99,14.27
215,3,8,31,2.19,2612.44,3890.44,19.63,88.29,1.15,17.97,17.67,17.36,16.88,16.66,24.82,14.44
216,4,8,31,0.00,2614.37,4165.76,19.76,90.04,1.81,18.66,18.23,17.79,17.19,16.85,24.63,16.21
217,5,8,31,0.00,3752.31,6259.62,19.85,76.29,1.84,18.68,18.37,17.99,17.40,17.05,26.15,13.10
218,6,8,32,0.00,3513.03,5784.30,20.18,77.85,1.94,18.50,18.31,18.03,17.43,17.17,25.93,12.28
219,7,8,32,0.00,3245.73,5741.96,20.69,77.49,2.08,18.83,18.48,18.11,17.47,17.22,26.61,14.52
220,8,8,32,0.00,2982.49,5562.56,20.89,78.83,1.81,19.47,18.91,18.40,17.65,17.38,27.11,12.71
221,9,8,32,0.00,2955.28,5521.16,21.75,76.29,1.16,20.00,19.38,18.78,17.94,17.61,28.90,13.28
222,10,8,32,0.00,3153.27,5977.23,22.64,69.80,2.25,20.28,19.72,19.13,18.19,17.87,29.48,15.10
223,11,8,32,0.00,3020.86,6031.32,22.72,63.38,2.77,20.02,19.63,19.18,18.28,18.05,29.94,12.88
224,12,8,32,0.00,2994.36,5907.00,22.41,65.62,1.96,20.06,19.64,19.18,18.29,18.11,30.05,13.66
225,13,8,33,0.00,3113.72,5917.93,22.90,67.98,1.31,20.35,19.83,19.32,18.40,18.21,31.47,13.86
226,14,8,33,0.00,2873.10,5510.04,22.52,72.29,3.30,20.70,20.19,19.64,18.64,18.39,28.21,17.35
227,15,8,33,11.34,1394.66,2541.46,19.86,91.17,2.72,20.51,20.21,19.76,18.82,18.57,24.10,17.01
228,16,8,33,0.00,2411.68,4253.08,18.76,90.24,0.97,20.06,19.78,19.47,18.66,18.57,24.73,13.30
229,17,8,33,0.00,2931.60,5166.32,21.07,78.28,1.46,20.46,20.04,19.59,18.68,18.55,27.97,14.49
230,18,8,33,0.60,3220.60,5887.35,20.39,67.78,1.80,19.99,19.84,19.56,18.73,18.62,26.42,13.05
231,19,8,33,5.57,959.00,1805.48,17.66,95.70,1.36,19.69,19.62,19.42,18.68,18.61,21.06,15.68
232,20,8,34,0.00,2527.61,4119.07,20.82,82.46,1.95,19.81,19.49,19.19,18.42,18.42,27.25,14.34
233,21,8,34,0.00,2951.15,4897.19,21.53,76.74,1.31,20.06,19.73,19.36,18.54,18.47,29.88,13.92
234,22,8,34,0.00,1256.04,2255.45,20.68,86.75,2.03,20.10,19.86,19.53,18.67,18.56,25.41,15.97
235,23,8,34,0.20,1381.42,2099.75,21.20,93.78,1.67,20.43,20.00,19.57,18.71,18.58,24.57,18.68
236,24,8,34,0.00,3027.67,4820.81,24.77,79.45,1.94,21.09,20.46,19.87,18.96,18.70,31.09,19.05
237,25,8,34,0.00,2835.79,4869.92,24.96,73.93,2.07,21.44,20.88,20.30,19.32,18.99,31.97,17.88
238,26,8,34,12.94,866.97,1602.36,20.35,95.82,1.80,20.98,20.77,20.42,19.50,19.23,23.27,18.07
239,27,8,35,0.00,2179.38,3582.74,21.79,88.86,1.70,21.29,20.78,20.30,19.45,19.19,26.58,18.80
240,28,8,35,8.16,941.25,1795.43,19.44,92.53,2.58,20.91,20.77,20.46,19.66,19.39,26.02,15.28
241,29,8,35,1.00,1446.36,2837.98,16.49,86.40,3.40,19.63,19.82,19.84,19.30,19.26,19.45,14.37
242,30,8,35,0.00,2584.41,5071.90,16.98,78.06,2.29,18.91,19.00,19.04,18.63,18.76,22.83,11.66
243,31,8,35,0.00,2157.84,4057.48,19.72,79.38,2.21,19.47,19.26,19.05,18.48,18.49,24.19,16.78
244,1,9,35,0.60,2628.69,5192.05,22.03,77.76,2.12,20.04,19.57,19.20,18.54,18.47,29.06,14.56
245,2,9,35,0.40,478.40,999.54,17.39,98.90,2.27,20.07,20.07,19.82,19.05,18.87,18.72,16.06
246,3,9,36,0.00,1612.31,2972.20,17.50,90.80,1.15,19.44,19.30,19.16,18.63,18.64,21.30,13.07
247,4,9,36,0.00,1476.25,2657.32,18.97,87.87,1.41,19.67,19.45,19.20,18.61,18.55,23.15,14.45
248,5,9,36,6.77,1368.84,2597.57,18.71,88.68,1.59,19.66,19.47,19.24,18.64,18.57,23.45,13.71
249,6,9,36,0.80,1914.59,3203.20,16.29,88.86,3.12,19.47,19.42,19.24,18.67,18.60,19.52,12.87
250,7,9,36,0.80,768.21,1487.90,14.33,92.63,4.33,17.88,18.33,18.57,18.26,18.44,17.03,12.00
251,8,9,36,0.20,1703.80,2942.40,16.43,86.59,5.73,17.60,17.73,17.84,17.59,17.85,19.79,12.98
252,9,9,36,0.20,1512.34,3087.79,14.87,80.80,6.57,17.10,17.47,17.64,17.39,17.64,18.89,10.44
253,10,9,37,0.00,1076.62,2574.01,12.71,77.44,5.37,15.54,16.24,16.76,16.73,17.24,16.43,9.60
254,11,9,37,0.00,1736.60,3427.68,14.26,78.79,2.46,15.93,16.06,16.26,16.13,16.62,18.92,8.78
255,12,9,37,1.00,797.50,1899.23,16.79,77.50,3.91,16.35,16.45,16.50,16.21,16.51,20.22,13.57
256,13,9,37,0.40,1172.65,2782.94,13.60,80.85,5.01,16.21,16.50,16.61,16.31,16.58,16.47,7.85
257,14,9,37,0.00,1523.43,3560.16,12.08,75.34,5.03,14.77,15.37,15.79,15.75,16.25,16.44,8.08
258,15,9,37,0.00,1505.93,3699.17,12.87,76.59,3.22,14.54,14.97,15.32,15.24,15.78,19.18,6.88
259,16,9,37,0.00,1877.06,4385.98,16.24,61.53,2.71,14.92,15.13,15.30,15.11,15.55,24.05,10.10
260,17,9,38,0.00,1322.14,3133.25,16.45,69.98,3.33,15.40,15.52,15.56,15.22,15.56,21.63,11.46
261,18,9,38,0.00,1660.52,3274.00,15.14,89.00,1.22,16.08,15.97,15.85,15.42,15.66,21.28,10.61
262,19,9,38,0.00,1358.01,3147.37,12.68,76.95,2.31,16.17,16.34,16.28,15.80,15.93,16.11,5.73
263,20,9,38,0.00,1293.86,2880.22,8.81,83.96,1.29,14.02,14.83,15.34,15.26,15.72,14.56,2.27
264,21,9,38,0.00,1843.34,4035.43,8.28,84.82,0.93,13.25,14.02,14.55,14.56,15.16,15.49,1.49
265,22,9,38,0.00,1835.68,3936.36,10.06,81.21,0.97,12.93,13.60,14.09,14.11,14.74,19.23,2.07
266,23,9,38,0.00,1577.43,3136.86,10.85,87.66,2.31,13.12,13.63,14.01,13.94,14.53,17.24,3.77
267,24,9,39,0.00,1297.83,2737.46,13.34,87.69,1.44,14.51,14.56,14.51,14.17,14.55,17.97,7.75
268,25,9,39,0.00,1779.13,3730.68,12.25,82.41,0.97,13.67,14.18,14.41,14.21,14.60,20.83,4.96
269,26,9,39,0.00,1699.16,3609.77,12.52,87.04,1.58,13.61,14.12,14.32,14.10,14.52,20.28,6.26
270,27,9,39,0.00,635.67,1532.03,11.28,91.79,1.20,14.36,14.60,14.64,14.30,14.63,14.37,4.90
271,28,9,39,0.00,1520.38,3232.20,9.53,89.72,1.26,,13.66,14.04,13.95,14.42,18.52,2.52
272,29,9,39,2.19,1235.65,2709.74,12.86,86.18,2.39,13.91,13.47,13.75,13.63,14.15,20.70,5.82
273,30,9,39,0.60,930.62,1667.32,13.97,94.35,2.47,,14.51,14.36,13.95,14.24,17.22,11.79
274,1,10,40,0.40,686.23,1272.71,13.61,96.55,3.31,,14.76,14.66,14.27,14.48,17.08,10.36
275,2,10,40,0.60,927.85,2156.43,12.09,82.85,7.44,,14.53,14.65,14.35,14.58,14.94,8.69
276,3,10,40,0.00,865.86,1865.37,10.82,81.09,4.14,12.84,13.31,13.73,13.70,14.23,14.14,7.28
277,4,10,40,0.00,614.26,1417.59,13.92,84.10,5.90,13.45,13.59,13.70,13.50,13.94,16.04,11.27
278,5,10,40,0.00,467.16,907.06,14.26,89.92,4.71,14.07,14.07,14.02,13.70,13.98,15.95,13.30
279,6,10,40,0.00,1366.90,2988.63,14.68,88.11,1.76,14.61,14.37,14.25,13.88,14.06,20.17,9.14
280,7,10,40,3.18,986.31,2071.78,17.80,82.83,4.33,15.96,14.76,14.51,14.07,14.16,21.72,13.79
281,8,10,41,1.19,688.97,1549.10,15.15,87.18,4.81,17.22,14.90,14.81,14.40,14.47,17.70,12.37
282,9,10,41,4.58,645.02,1237.30,17.89,87.76,7.67,16.48,15.29,14.97,14.48,14.48,19.86,16.60
283,10,10,41,12.34,731.66,1644.02,14.36,88.67,6.90,15.40,15.22,15.13,14.71,14.72,16.42,10.14
284,11,10,41,2.99,507.77,1410.19,10.89,91.66,6.17,12.86,13.72,14.20,14.15,14.53,12.92,9.20
285,12,10,41,1.00,782.43,1671.27,8.59,96.09,3.30,11.90,12.72,13.28,13.36,13.94,12.35,4.52
286,13,10,41,4.98,353.84,1194.56,7.83,95.26,4.78,10.96,11.89,12.56,12.73,13.42,10.11,6.04
287,14,10,41,0.40,1140.22,2516.89,7.49,94.54,3.43,10.28,11.16,11.85,12.10,12.87,11.18,4.84
288,15,10,42,5.57,322.34,791.54,7.06,99.85,2.41,11.10,11.19,11.72,11.86,12.56,9.24,4.93
289,16,10,42,0.00,946.39,2180.48,3.56,95.31,0.88,9.74,10.17,11.01,11.33,12.16,8.80,-1.16
290,17,10,42,0.00,415.05,782.75,7.90,94.62,2.49,9.85,9.73,10.45,10.80,11.69,11.95,2.81
291,18,10,42,0.00,995.32,2442.27,12.48,85.29,3.68,10.92,10.73,10.92,10.97,11.54,17.64,8.81
292,19,10,42,0.20,1061.86,2387.46,13.08,92.35,2.44,11.31,11.44,11.51,11.40,11.75,19.00,10.04
293,20,10,42,0.00,304.45,1075.20,8.49,90.76,2.06,12.17,11.65,11.86,11.75,12.05,10.57,3.96
294,21,10,42,0.20,836.49,2305.18,2.60,87.02,1.31,8.42,9.60,10.55,10.92,11.68,7.81,-1.22
295,22,10,43,0.20,751.66,1889.74,2.61,87.66,1.95,6.72,8.03,9.14,9.74,10.83,8.66,-1.64
296,23,10,43,0.20,282.38,826.32,6.32,91.59,3.48,7.58,8.25,8.92,9.33,10.30,9.30,2.81
297,24,10,43,0.00,399.61,1357.50,5.22,88.70,3.62,7.68,8.47,9.08,9.36,10.17,7.14,1.88
298,25,10,43,1.39,122.08,599.27,5.81,92.39,5.07,7.72,8.36,8.93,9.20,9.99,8.58,2.42
299,26,10,43,0.20,161.03,588.11,4.28,95.91,2.07,7.74,8.07,8.69,8.99,9.79,6.85,1.66
300,27,10,43,0.00,708.00,1455.21,0.27,85.81,1.15,5.96,6.96,8.00,8.50,9.46,5.18,-3.62
301,28,10,43,0.00,796.55,1423.56,-1.29,89.33,1.00,3.77,5.19,6.58,7.39,8.69,4.78,-5.53
302,29,10,44,0.00,538.16,867.98,0.34,83.58,1.72,3.27,4.55,5.74,6.52,7.90,6.20,-3.87
303,30,10,44,0.00,800.74,1335.38,2.19,85.08,1.44,3.48,4.64,5.65,6.29,7.53,9.10,-2.92
304,31,10,44,0.00,338.70,423.36,1.45,103.11,2.61,4.12,4.78,5.61,6.14,7.28,3.60,-1.55
305,1,11,44,0.00,96.48,214.78,2.68,96.29,1.71,5.27,5.58,6.07,6.38,7.28,3.07,1.68
306,2,11,44,0.00,228.09,276.73,3.29,100.38,2.95,5.39,5.89,6.34,6.59,7.39,5.82,0.09
307,3,11,44,0.00,112.72,594.61,4.58,87.35,2.67,6.21,6.59,6.85,6.95,7.55,7.26,-0.08
308,4,11,44,1.59,-46.10,1051.00,0.88,79.06,4.40,3.92,5.18,6.09,6.55,7.43,4.49,-1.65
309,5,11,45,1.79,211.26,331.78,5.98,95.60,3.71,4.81,5.20,5.72,6.11,7.01,9.18,-0.17
310,6,11,45,6.57,219.87,380.17,9.46,96.11,2.26,7.27,7.00,6.93,6.87,7.31,11.57,8.08
311,7,11,45,0.60,353.60,820.98,11.70,87.59,4.81,8.76,8.32,8.00,7.73,7.84,14.08,9.19
312,8,11,45,0.60,-2.44,849.86,9.56,87.70,3.24,8.33,8.46,8.42,8.25,8.36,13.61,7.12
313,9,11,45,2.19,110.81,924.19,9.13,92.27,4.67,8.20,8.33,8.37,8.28,8.49,11.35,7.48
314,10,11,45,0.60,345.95,1138.76,9.14,88.17,4.44,8.27,8.43,8.46,8.38,8.58,11.13,7.85
315,11,11,45,0.00,215.18,1105.67,8.88,86.55,3.33,7.94,8.26,8.40,8.38,8.63,10.70,7.24
316,12,11,46,12.74,55.78,337.58,6.22,97.61,1.56,7.72,8.07,8.25,8.25,8.57,7.93,5.38
317,13,11,46,2.79,322.51,1014.17,5.83,100.84,3.31,7.67,7.98,8.15,8.16,8.50,8.45,2.22
318,14,11,46,0.20,225.91,1075.42,2.38,102.85,2.43,5.77,6.60,7.27,7.59,8.20,5.18,-0.15
319,15,11,46,7.76,-22.45,91.47,6.16,101.55,2.89,6.01,6.35,6.78,7.09,7.76,7.76,3.14
320,16,11,46,0.00,63.46,355.21,5.72,101.72,2.72,7.16,7.26,7.32,7.36,7.76,7.94,1.89
321,17,11,46,0.20,341.05,1003.61,3.33,97.92,2.45,5.58,6.35,6.87,7.13,7.70,5.97,0.17
322,18,11,46,0.00,-145.74,366.63,3.77,90.66,4.35,5.77,6.31,6.66,6.86,7.43,5.44,0.01
323,19,11,47,0.00,-305.35,1164.67,-0.78,88.15,5.20,3.37,4.71,5.65,6.19,7.04,1.09,-2.33
324,20,11,47,0.00,140.12,1053.63,-0.70,90.18,3.33,2.28,3.50,4.50,5.18,6.27,1.55,-3.06
325,21,11,47,0.00,401.80,745.70,1.35,96.82,2.47,2.83,3.51,4.17,4.72,5.74,3.35,-0.16
326,22,11,47,0.00,125.91,230.36,1.22,101.63,2.51,3.72,4.19,4.59,4.91,5.67,1.97,0.76
327,23,11,47,0.20,64.28,135.40,1.30,105.54,1.93,4.04,4.43,4.79,5.04,5.71,1.76,0.83
328,24,11,47,0.00,48.41,175.67,2.04,101.83,2.61,4.38,4.61,4.93,5.14,5.74,2.94,1.24
329,25,11,47,0.00,152.45,316.93,1.67,98.70,3.79,4.02,4.51,4.89,5.13,5.73,2.72,0.64
330,26,11,48,0.00,83.23,212.94,2.31,100.33,4.16,4.13,4.56,4.88,5.10,5.67,2.90,1.98
331,27,11,48,0.00,164.43,428.08,1.39,99.78,4.44,3.98,4.48,4.84,5.06,5.63,2.28,0.83
332,28,11,48,1.79,66.33,305.95,2.24,101.67,3.20,3.72,4.21,4.63,4.91,5.51,4.77,-0.34
333,29,11,48,1.79,41.89,325.84,7.17,100.80,2.59,5.02,5.01,5.04,5.13,5.55,8.47,4.43
334,30,11,48,3.78,134.34,651.60,7.79,97.52,2.55,5.96,5.92,5.81,5.73,5.91,9.81,6.12
335,1,12,48,0.00,42.87,821.33,2.67,99.35,2.53,5.21,5.75,5.95,5.95,6.16,7.07,-1.55
336,2,12,48,0.00,-18.03,297.15,-2.04,104.64,1.97,2.66,3.80,4.64,5.08,5.77,-0.50,-4.53
337,3,12,49,0.20,81.71,283.72,-0.30,101.23,3.00,2.40,3.22,3.90,4.37,5.17,0.16,-0.67
338,4,12,49,3.18,-24.87,186.33,-0.07,101.32,2.19,2.63,3.28,3.79,4.16,4.89,0.97,-2.96
339,5,12,49,0.40,21.25,403.51,-0.88,97.38,3.92,2.02,2.83,3.47,3.89,4.65,1.43,-5.04
340,6,12,49,4.98,0.45,444.81,1.82,94.72,6.21,2.17,2.75,3.26,3.65,4.40,3.84,0.24
341,7,12,49,0.40,28.94,337.59,4.40,97.45,4.51,3.79,3.78,3.83,3.95,4.44,5.73,2.16
342,8,12,49,0.00,-174.30,406.19,4.21,91.40,4.91,3.59,3.93,4.15,4.28,4.67,5.61,2.73
343,9,12,49,1.00,-1.75,452.63,6.38,95.08,4.18,4.22,4.30,4.37,4.45,4.78,8.06,5.18
344,10,12,50,4.38,45.06,176.52,9.54,95.63,7.30,5.96,5.53,5.20,5.04,5.12,12.18,7.21
345,11,12,50,3.58,-200.92,141.64,10.70,93.70,5.24,7.60,7.07,6.48,6.08,5.82,12.13,9.49
346,12,12,50,2.39,-90.00,159.41,7.89,99.85,4.19,7.17,7.10,6.83,6.57,6.36,9.82,5.94
347,13,12,50,3.78,137.73,439.09,5.46,97.44,4.37,6.35,6.60,6.60,6.51,6.48,6.37,4.55
348,14,12,50,2.59,-94.38,282.94,4.14,98.20,4.66,5.62,6.06,6.21,6.24,6.37,6.92,2.28
349,15,12,50,0.00,-114.95,106.65,0.09,89.85,4.64,3.81,4.77,5.34,5.61,6.01,2.36,-2.26
350,16,12,50,0.00,-178.34,533.02,-6.46,83.96,6.90,1.91,3.16,4.05,4.56,5.30,-2.42,-9.43
351,17,12,51,0.00,-567.14,766.32,-8.57,81.67,7.26,0.60,1.95,2.95,3.58,4.52,-6.09,-10.72
352,18,12,51,0.00,154.92,310.84,-3.03,90.39,4.40,0.23,1.36,2.26,2.90,3.87,-0.22,-6.72
353,19,12,51,1.00,83.25,481.60,-0.17,98.31,3.00,0.34,1.24,1.99,2.56,3.45,3.42,-3.01
354,20,12,51,6.37,7.36,248.19,0.52,102.48,1.72,0.40,1.20,1.85,2.36,3.18,3.17,-1.48
355,21,12,51,14.73,40.25,72.33,0.09,104.53,1.07,0.49,1.17,1.75,2.20,2.98,0.47,-0.30
356,22,12,51,2.79,74.23,352.47,0.18,105.56,0.67,0.60,1.18,1.68,2.09,2.81,0.70,-0.10
357,23,12,51,0.00,14.67,139.44,1.04,102.60,1.65,0.63,1.22,1.68,2.06,2.72,1.50,0.59
358,24,12,52,4.38,175.16,103.62,4.78,102.23,4.44,0.74,1.28,1.71,2.07,2.67,9.07,1.66
359,25,12,52,3.18,-17.42,387.44,10.29,87.07,6.71,2.83,2.38,2.22,2.34,2.74,12.08,8.83
360,26,12,52,2.99,-118.12,311.86,8.75,84.89,9.30,5.34,4.71,4.06,3.71,3.54,10.70,6.69
361,27,12,52,3.98,-67.41,318.52,5.84,96.82,4.82,5.08,4.96,4.66,4.42,4.25,6.96,4.57
362,28,12,52,2.39,-15.43,303.76,5.29,97.58,3.42,4.78,4.79,4.66,4.55,4.51,6.23,4.28
363,29,12,52,4.18,-71.41,149.65,4.26,96.91,4.72,4.37,4.56,4.57,4.55,4.60,5.37,3.13
364,30,12,52,0.00,-228.63,548.91,4.08,94.38,3.36,3.96,4.31,4.42,4.48,4.61,5.55,2.97
365,31,12,53,0.40,113.60,707.90,7.00,90.39,4.77,4.19,4.22,4.24,4.33,4.51,10.01,3.62
