"Tag";"Tag im
Monat";Woche;Monat;"S Ndschlag
[mm]";"S Nettostra
[W/m�]";"S Globalstra
[W/m�]";"Lufttemp
[�C]";"Luftfeuchte
[%]";"Windgesch
[m/s]";"Bodentemp1
[�C] 10 cm";"Bodentemp2
[�C] 20 cm";"Bodentemp3
[�C] 30 cm";"Bodentemp4
[�C] 40 cm";"Bodentemp5
[�C] 50 cm";"Bodentemp6
[�C] 10 cm";"Lufttemp
Max [�C]";"Lufttemp
Min [�C]";"S Ndschlag
ab 7 Uhr
[mm]";;;;;;;
1;1;1;1;0,00;-490,48;185,02;-6,61;99,00;4,28;999,00;0,33;0,72;1,10;1,53;-0,87;-5,84;-7,39;0,00;;;;;;;
2;2;1;1;0,00;-386,93;351,28;-5,63;94,92;3,26;999,00;0,20;0,62;0,99;1,42;-0,77;-5,28;-6,00;0,00;;;;;;;
3;3;1;1;0,00;-408,93;315,97;-3,97;96,05;0,98;999,00;0,17;0,57;0,92;1,34;-0,53;-2,48;-5,66;0,00;;;;;;;
4;4;1;1;0,00;-314,24;468,01;-4,02;102,64;3,01;999,00;0,19;0,54;0,88;1,28;-0,38;-2,62;-5,97;0,00;;;;;;;
5;5;1;1;0,20;-65,49;867,41;-6,37;93,91;4,10;999,00;-0,06;0,48;0,82;1,22;-1,26;-5,01;-7,85;0,20;;;;;;;
6;6;1;1;0,00;-345,29;418,15;-6,01;92,86;5,34;999,00;-0,42;0,39;0,74;1,14;-1,70;-4,77;-7,22;0,00;;;;;;;
7;7;1;1;0,60;-328,67;444,83;-0,39;92,39;4,18;999,00;-0,28;0,34;0,68;1,09;-0,90;3,55;-4,94;0,60;;;;;;;
8;8;2;1;0,00;-295,79;497,63;3,25;100,23;4,27;999,00;0,22;0,37;0,69;1,07;0,14;4,05;2,39;0,00;;;;;;;
9;9;2;1;0,00;-51,00;890,68;1,95;98,77;2,53;999,00;0,31;0,38;0,68;1,04;0,25;5,14;-0,15;0,00;;;;;;;
10;10;2;1;0,00;-200,77;650,19;2,47;96,47;1,76;999,00;0,36;0,40;0,69;1,03;0,30;6,29;-0,54;0,00;;;;;;;
11;11;2;1;0,20;-21,59;937,89;0,98;100,38;2,37;999,00;0,37;0,40;0,68;1,00;0,31;3,79;-1,52;0,20;;;;;;;
12;12;2;1;0,00;-229,57;603,96;4,88;90,24;1,79;999,00;0,41;0,45;0,72;1,03;0,36;9,08;1,15;0,00;;;;;;;
13;13;2;1;0,00;-1,14;970,73;3,76;94,24;2,64;999,00;0,41;0,47;0,72;1,02;0,36;7,88;1,48;0,00;;;;;;;
14;14;2;1;0,20;-322,54;454,67;-0,44;104,40;2,39;999,00;0,39;0,46;0,70;0,98;0,33;1,06;-1,99;0,20;;;;;;;
15;15;3;1;0,00;-334,38;435,67;-0,04;100,44;3,31;999,00;0,40;0,48;0,71;0,99;0,35;0,50;-0,84;0,00;;;;;;;
16;16;3;1;0,00;-386,75;351,58;0,88;100,83;2,87;999,00;0,41;0,50;0,73;0,99;0,36;1,63;0,37;0,00;;;;;;;
17;17;3;1;0,00;-391,84;343,40;0,01;104,69;2,42;999,00;0,41;0,51;0,73;0,99;0,36;0,87;-1,27;0,00;;;;;;;
18;18;3;1;0,00;-433,91;275,86;-2,16;103,59;2,62;999,00;0,41;0,51;0,73;0,97;0,35;-1,04;-3,31;0,00;;;;;;;
19;19;3;1;0,00;-501,02;168,10;-3,29;100,96;4,17;999,00;0,40;0,51;0,73;0,97;0,34;-1,64;-4,27;0,00;;;;;;;
20;20;3;1;0,00;-238,02;590,38;-3,27;90,56;6,49;999,00;0,41;0,52;0,73;0,96;0,29;-1,32;-4,64;0,00;;;;;;;
21;21;3;1;0,00;-345,05;418,54;-4,67;90,03;6,04;999,00;0,39;0,52;0,72;0,95;-0,38;-3,52;-5,86;0,00;;;;;;;
22;22;4;1;0,00;-67,41;864,32;-6,88;93,79;5,39;999,00;0,11;0,49;0,70;0,94;-1,23;-5,99;-7,96;0,00;;;;;;;
23;23;4;1;0,00;-288,64;509,11;-7,09;88,65;6,70;999,00;-0,46;0,39;0,63;0,89;-2,04;-5,46;-8,16;0,00;;;;;;;
24;24;4;1;0,00;-17,97;943,71;-7,64;80,93;6,33;999,00;-1,01;0,26;0,52;0,82;-2,65;-5,73;-8,82;0,00;;;;;;;
25;25;4;1;0,00;168,32;1242,83;-10,32;71,62;6,71;999,00;-1,87;-0,12;0,40;0,72;-3,82;-7,07;-13,25;0,00;;;;;;;
26;26;4;1;0,00;-304,43;483,76;-11,34;88,70;5,83;999,00;-2,39;-0,75;0,25;0,61;-3,99;-9,85;-12,68;0,00;;;;;;;
27;27;4;1;0,00;-40,20;908,02;-9,66;87,44;5,10;999,00;-1,14;-0,52;0,10;0,50;-1,74;-8,53;-10,98;0,00;;;;;;;
28;28;4;1;0,00;207,62;1305,93;-10,24;89,68;2,13;999,00;-0,73;-0,34;0,05;0,44;-1,25;-5,24;-17,62;0,00;;;;;;;
29;29;5;1;0,00;-23,46;934,90;-6,66;88,02;3,70;999,00;-0,55;-0,27;0,04;0,40;-0,95;-4,59;-8,83;0,00;;;;;;;
30;30;5;1;0,00;346,03;1528,17;-5,93;87,21;5,05;999,00;-0,46;-0,22;0,04;0,37;-0,87;-2,75;-9,52;0,00;;;;;;;
31;31;5;1;0,00;260,81;1391,34;-6,08;92,61;3,32;999,00;-0,39;-0,18;0,05;0,36;-0,76;-3,36;-9,16;0,00;;;;;;;
32;1;5;2;0,00;353,94;1540,86;-9,22;91,95;2,60;999,00;-0,53;-0,24;0,03;0,34;-1,04;-5,42;-13,32;0,00;;;;;;;
33;2;5;2;0,00;-31,93;921,29;-6,93;89,63;1,23;999,00;-0,78;-0,38;-0,03;0,31;-1,36;-2,33;-14,09;0,00;;;;;;;
34;3;5;2;0,00;-390,08;346,23;-3,65;101,18;2,79;999,00;-0,45;-0,26;-0,02;0,28;-0,75;-2,89;-4,33;0,00;;;;;;;
35;4;5;2;0,00;-64,68;868,71;-4,31;100,38;2,20;999,00;-0,25;-0,15;0,03;0,27;-0,50;-2,69;-6,50;0,00;;;;;;;
36;5;6;2;0,40;44,46;1043,95;-3,75;95,25;2,71;999,00;-0,14;-0,08;0,06;0,29;-0,36;-1,89;-9,97;0,40;;;;;;;
37;6;6;2;0,00;301,94;1457,38;-10,19;91,91;3,56;999,00;-0,28;-0,12;0,04;0,27;-0,69;-7,68;-12,99;0,00;;;;;;;
38;7;6;2;0,00;471,20;1729,14;-10,97;77,00;5,11;999,00;-0,59;-0,28;-0,02;0,25;-1,15;-9,00;-14,14;0,00;;;;;;;
39;8;6;2;0,00;318,25;1483,56;-12,22;83,07;2,57;999,00;-0,94;-0,50;-0,13;0,20;-1,60;-9,65;-14,98;0,00;;;;;;;
40;9;6;2;0,00;232,51;1345,90;-11,78;88,61;2,72;999,00;-1,24;-0,71;-0,27;0,15;-1,97;-7,23;-17,16;0,00;;;;;;;
41;10;6;2;0,00;-32,74;920,00;-7,09;88,58;3,61;999,00;-1,09;-0,72;-0,35;0,08;-1,60;-1,99;-10,29;0,00;;;;;;;
42;11;6;2;0,60;260,22;1390,38;1,37;94,25;3,45;999,00;-0,62;-0,46;-0,23;0,09;-0,83;3,77;-2,30;0,80;;;;;;;
43;12;7;2;2,39;-177,42;687,68;3,22;91,39;4,66;999,00;-0,06;-0,11;-0,04;0,13;-0,03;4,92;1,88;2,20;;;;;;;
44;13;7;2;0,20;-504,05;163,24;0,15;101,64;2,88;999,00;0,13;0,03;0,06;0,16;0,13;1,79;-0,94;0,20;;;;;;;
45;14;7;2;0,20;-300,78;489,62;-0,33;95,78;3,63;999,00;0,25;0,12;0,13;0,20;0,22;0,19;-0,83;0,20;;;;;;;
46;15;7;2;0,00;271,46;1408,43;-1,22;90,73;4,24;999,00;0,36;0,25;0,23;0,29;0,32;-0,17;-2,09;1,80;;;;;;;
47;16;7;2;3,78;-490,61;184,81;2,89;98,10;7,73;999,00;0,40;0,29;0,27;0,32;0,34;5,30;-0,23;5,00;;;;;;;
48;17;7;2;8,36;-42,08;904,99;3,09;91,10;8,55;999,00;0,41;0,26;0,25;0,30;0,33;4,22;2,01;5,60;;;;;;;
49;18;7;2;6,56;-395,76;337,11;2,49;95,17;5,49;999,00;0,45;0,30;0,27;0,31;0,37;3,92;1,49;7,40;;;;;;;
50;19;8;2;1,19;-21,74;937,65;2,20;98,42;2,99;999,00;0,48;0,32;0,29;0,32;0,42;4,13;1,07;0,20;;;;;;;
51;20;8;2;0,00;-83,39;838,66;-2,05;99,58;4,07;999,00;0,47;0,31;0,28;0,31;0,42;0,75;-4,74;0,00;;;;;;;
52;21;8;2;0,00;347,56;1530,63;-5,78;92,48;3,72;999,00;0,47;0,29;0,26;0,31;0,41;-4,56;-7,37;0,00;;;;;;;
53;22;8;2;0,00;655,13;2024,47;-5,85;95,56;3,49;999,00;0,47;0,30;0,27;0,33;0,41;-3,40;-8,52;0,00;;;;;;;
54;23;8;2;1,19;827,48;2301,20;-5,68;95,66;1,71;999,00;0,48;0,31;0,28;0,35;0,42;-2,30;-9,27;1,20;;;;;;;
55;24;8;2;0,40;1073,29;2695,90;-4,68;86,33;4,76;999,00;0,49;0,33;0,29;0,36;0,43;0,26;-11,46;2,00;;;;;;;
56;25;8;2;2,78;724,06;2135,15;3,86;82,58;4,71;999,00;0,52;0,36;0,32;0,40;0,47;6,30;0,76;1,20;;;;;;;
57;26;9;2;0,00;1092,93;2727,43;6,86;72,64;4,32;999,00;0,54;0,39;0,34;0,43;0,49;11,55;4,76;0,00;;;;;;;
58;27;9;2;0,00;509,43;1790,53;3,69;96,43;1,33;999,00;0,52;0,37;0,32;0,40;0,61;7,57;0,41;0,00;;;;;;;
59;28;9;2;0,00;-212,11;631,99;0,94;103,45;2,43;999,00;0,51;0,35;0,31;0,39;0,64;1,93;0,14;0,00;;;;;;;
60;29;9;2;0,40;185,67;1270,68;0,80;99,26;3,21;999,00;0,52;0,36;0,32;0,40;0,84;4,60;-1,21;0,40;;;;;;;
61;1;9;3;0,20;758,69;2190,75;1,42;79,36;5,67;999,00;0,52;0,36;0,32;0,41;0,78;4,04;-0,77;0,00;;;;;;;
62;2;9;3;0,00;1241,14;2965,40;0,00;89,65;4,38;999,00;0,52;0,36;0,31;0,41;0,46;3,82;-2,14;0,00;;;;;;;
63;3;9;3;0,00;730,10;2144,85;-0,86;85,05;1,32;999,00;0,52;0,36;0,31;0,41;0,50;0,97;-3,13;0,00;;;;;;;
64;4;10;3;0,00;1139,90;2802,84;-0,94;81,73;1,99;999,00;0,53;0,36;0,32;0,42;0,51;1,78;-3,47;0,00;;;;;;;
65;5;10;3;0,00;-282,58;518,84;1,55;94,33;3,09;999,00;0,46;0,32;0,28;0,38;0,64;2,49;0,81;0,00;;;;;;;
66;6;10;3;1,00;392,29;663,45;1,81;99,83;3,67;999,00;0,42;0,29;0,26;0,36;0,85;4,31;-0,01;3,58;;;;;;;
67;7;10;3;2,59;326,89;1105,53;1,78;91,75;4,41;999,00;0,44;0,29;0,26;0,36;0,97;4,24;0,39;0,00;;;;;;;
68;8;10;3;0,00;738,33;3210,72;0,57;79,67;5,49;999,00;0,44;0,29;0,26;0,36;0,49;3,38;-1,69;0,00;;;;;;;
69;9;10;3;0,00;667,56;3189,68;0,02;78,55;5,83;999,00;0,42;0,29;0,26;0,36;0,37;2,93;-2,73;0,00;;;;;;;
70;10;10;3;0,00;746,23;3391,94;-0,51;73,00;4,93;999,00;0,42;0,29;0,27;0,37;0,36;3,17;-3,06;0,00;;;;;;;
71;11;11;3;0,00;805,25;2126,08;-2,48;78,96;4,34;999,00;0,40;0,27;0,26;0,36;0,34;-1,48;-3,25;0,00;;;;;;;
72;12;11;3;0,00;58,65;2023,76;-3,43;76,61;3,99;999,00;0,39;0,26;0,26;0,36;0,32;-1,35;-5,62;0,00;;;;;;;
73;13;11;3;0,00;359,26;1611,88;-3,14;81,55;3,64;999,00;0,39;0,26;0,27;0,36;0,31;-1,92;-4,74;0,00;;;;;;;
74;14;11;3;0,00;551,80;1249,81;-0,73;89,08;4,05;999,00;0,40;0,28;0,29;0,38;0,32;0,88;-2,99;0,00;;;;;;;
75;15;11;3;0,00;1255,53;2188,17;1,26;80,90;5,18;999,00;0,41;0,30;0,32;0,41;0,34;3,77;-0,24;0,00;;;;;;;
76;16;11;3;0,00;437,32;684,58;1,33;93,98;5,39;999,00;0,41;0,29;0,33;0,41;0,34;2,28;0,52;0,00;;;;;;;
77;17;11;3;0,00;480,74;721,91;1,52;93,79;3,54;999,00;0,41;0,28;0,34;0,42;0,35;2,99;0,58;0,00;;;;;;;
78;18;12;3;0,00;383,73;584,19;1,04;98,73;2,81;999,00;0,41;0,27;0,35;0,42;0,35;1,66;-0,06;0,00;;;;;;;
79;19;12;3;0,00;1199,94;2267,95;1,39;99,09;2,06;999,00;0,42;0,29;0,36;0,43;0,37;3,51;-0,95;0,00;;;;;;;
80;20;12;3;0,00;888,80;1523,14;0,87;102,27;2,56;999,00;0,42;0,28;0,36;0,43;0,43;3,23;-0,75;0,00;;;;;;;
81;21;12;3;0,00;1404,71;2296,83;0,63;100,95;3,24;999,00;0,47;0,28;0,37;0,44;1,10;4,45;-1,70;0,00;;;;;;;
82;22;12;3;2,39;804,89;1178,00;4,16;99,97;1,48;999,00;0,71;0,31;0,40;0,47;1,80;9,15;0,98;2,39;;;;;;;
83;23;12;3;1,99;1179,59;1737,88;5,29;101,80;1,68;999,00;1,16;0,32;0,41;0,48;2,61;10,08;-0,56;2,59;;;;;;;
84;24;12;3;0,80;643,40;724,78;7,43;99,71;3,36;999,00;2,36;0,60;0,52;0,60;4,28;8,57;4,95;0,20;;;;;;;
85;25;13;3;0,00;840,02;1365,41;3,80;98,95;3,35;999,00;2,99;2,09;1,51;1,32;3,73;5,50;2,43;0,00;;;;;;;
86;26;13;3;0,00;446,71;747,11;1,84;98,87;3,34;999,00;3,01;2,59;2,30;1,93;3,15;2,87;0,16;0,00;;;;;;;
87;27;13;3;0,00;2168,14;4853,08;1,30;66,52;3,61;999,00;2,69;2,36;2,21;2,01;2,94;5,54;-2,36;0,00;;;;;;;
88;28;13;3;0,00;938,64;2420,64;1,85;69,97;3,55;999,00;2,38;2,31;2,24;2,08;2,14;6,30;-2,04;0,40;;;;;;;
89;29;13;3;0,80;1298,90;2396,52;2,88;86,76;5,07;999,00;2,54;2,26;2,15;2,00;2,73;5,92;0,41;0,40;;;;;;;
90;30;13;3;0,00;1540,26;2987,85;1,07;84,88;4,90;999,00;2,54;2,37;2,28;2,11;2,50;3,95;-0,67;0,00;;;;;;;
91;31;13;3;0,00;1914,16;3969,82;0,25;90,24;4,17;999,00;2,62;2,35;2,25;2,12;2,79;3,42;-1,94;0,00;;;;;;;
92;1;14;4;1,39;1099,87;2810,69;-1,06;92,19;1,86;999,00;2,77;2,54;2,43;2,25;2,79;2,86;-6,09;1,39;;;;;;;
93;2;14;4;0,00;1387,94;3036,23;0,11;87,30;1,69;999,00;2,64;2,46;2,39;2,28;2,67;3,61;-3,57;0,00;;;;;;;
94;3;14;4;0,00;1609,50;3121,52;1,38;81,52;3,11;999,00;2,61;2,46;2,40;2,30;2,63;6,47;-2,74;0,00;;;;;;;
95;4;14;4;0,00;2268,13;4140,59;4,58;62,68;3,98;999,00;3,55;2,96;2,69;2,46;4,14;10,04;0,31;0,00;;;;;;;
96;5;14;4;0,00;442,01;1199,28;2,63;84,43;2,81;999,00;3,37;3,23;3,08;2,83;3,18;6,00;-1,21;0,00;;;;;;;
97;6;14;4;0,00;906,36;1558,49;5,61;94,21;2,80;999,00;4,18;3,56;3,26;2,94;4,79;7,93;3,68;0,00;;;;;;;
98;7;14;4;0,00;1996,40;3625,66;8,28;79,41;1,28;999,00;5,00;4,13;3,70;3,25;5,91;16,08;0,55;0,00;;;;;;;
99;8;15;4;0,00;2207,55;3824,14;8,28;83,55;3,45;999,00;6,58;5,55;4,87;4,11;7,48;12,61;5,47;0,00;;;;;;;
100;9;15;4;0,00;437,36;907,85;6,90;88,60;1,50;999,00;6,70;6,04;5,51;4,79;7,05;8,44;5,81;0,00;;;;;;;
101;10;15;4;0,00;2124,94;3954,63;8,94;77,61;1,61;999,00;6,98;6,02;5,48;4,87;7,98;14,20;2,39;0,00;;;;;;;
102;11;15;4;6,97;153,87;474,76;5,29;95,59;2,99;999,00;7,55;6,95;6,39;5,58;7,59;8,76;1,02;6,97;;;;;;;
103;12;15;4;0,00;1317,92;3209,37;0,32;75,55;3,06;999,00;5,08;5,29;5,36;5,19;4,53;2,67;-2,89;0,00;;;;;;;
104;13;15;4;0,00;1388,36;2351,09;3,76;81,01;3,36;999,00;4,66;4,61;4,64;4,59;4,61;7,69;0,15;0,00;;;;;;;
105;14;15;4;0,00;1799,83;3636,30;6,52;68,82;1,92;999,00;5,62;5,05;4,80;4,54;6,15;10,90;1,11;0,00;;;;;;;
106;15;16;4;0,00;2945,85;5875,01;6,68;65,53;1,32;999,00;6,23;5,49;5,12;4,74;6,94;14,15;-1,54;0,00;;;;;;;
107;16;16;4;0,00;2478,30;5793,79;9,88;58,51;1,80;999,00;7,58;6,55;5,94;5,29;8,55;17,04;1,39;0,00;;;;;;;
108;17;16;4;0,00;2434,26;5892,14;11,98;47,58;2,59;999,00;8,42;7,45;6,78;6,00;9,13;19,03;3,60;0,00;;;;;;;
109;18;16;4;0,40;2069,89;4799,46;12,21;67,21;2,38;999,00;8,68;7,83;7,24;6,46;9,36;18,32;5,60;0,00;;;;;;;
110;19;16;4;0,00;2455,70;5506,84;14,29;66,63;2,30;999,00;9,59;8,49;7,77;6,86;10,62;21,25;6,23;0,00;;;;;;;
111;20;16;4;0,00;2091,34;5173,79;17,25;55,59;2,07;999,00;10,77;9,48;8,61;7,52;11,98;24,78;9,49;0,00;;;;;;;
112;21;16;4;0,00;2152,53;5523,83;18,66;47,08;2,87;999,00;11,76;10,43;9,49;8,28;12,96;25,95;10,05;0,00;;;;;;;
113;22;17;4;0,00;2390,34;5713,61;19,15;50,78;2,40;999,00;12,55;11,19;10,22;8,95;13,81;26,68;11,45;0,00;;;;;;;
114;23;17;4;2,19;1825,50;4100,04;18,58;60,67;3,07;999,00;13,29;11,96;10,98;9,66;14,37;24,32;12,69;12,34;;;;;;;
115;24;17;4;10,35;2430,40;3993,14;12,93;84,73;2,98;999,00;13,44;12,37;11,53;10,29;14,06;16,07;10,10;0,20;;;;;;;
116;25;17;4;0,00;2364,64;4720,33;11,50;79,99;3,46;999,00;12,35;11,72;11,18;10,31;12,69;15,05;8,62;0,00;;;;;;;
117;26;17;4;0,00;1522,13;3089,10;10,79;84,78;3,62;999,00;11,38;11,03;10,70;10,07;11,44;14,53;4,87;0,00;;;;;;;
118;27;17;4;0,00;2322,38;4752,50;14,11;83,93;1,87;999,00;12,36;11,25;10,62;9,85;13,44;17,58;10,84;0,00;;;;;;;
119;28;17;4;0,00;1435,38;3269,33;12,09;83,05;2,73;999,00;12,76;11,97;11,33;10,43;13,21;15,02;8,62;0,20;;;;;;;
120;29;18;4;0,20;1611,01;3816,53;7,74;77,59;2,12;999,00;11,73;11,32;10,95;10,37;11,88;10,70;5,25;0,00;;;;;;;
121;30;18;4;0,00;2117,47;4886,29;9,62;77,21;2,06;999,00;11,65;11,00;10,60;10,08;12,23;13,56;6,34;0,00;;;;;;;
122;1;18;5;2,39;2100,70;4908,95;11,83;79,86;2,76;999,00;12,02;11,25;10,76;10,15;12,65;17,17;6,27;0,00;;;;;;;
123;2;18;5;1,19;922,20;2068,53;11,41;93,78;2,36;999,00;11,96;11,47;11,04;10,42;12,12;15,22;8,07;2,40;;;;;;;
124;3;18;5;0,20;1095,41;2183,32;9,43;98,26;2,15;999,00;11,34;11,02;10,74;10,28;11,38;13,15;5,30;1,20;;;;;;;
125;4;18;5;0,00;1769,69;3199,54;7,98;82,65;4,73;999,00;10,66;10,55;10,39;10,05;10,43;10,63;6,20;0,20;;;;;;;
126;5;18;5;0,00;1300,95;3436,12;5,96;76,67;3,15;999,00;9,37;9,55;9,62;9,54;8,92;9,36;1,05;0,00;;;;;;;
127;6;19;5;0,00;2267,66;5236,32;7,13;68,02;1,60;999,00;9,54;9,20;9,10;9,00;9,85;12,39;-1,27;0,00;;;;;;;
128;7;19;5;0,00;2002,62;4461,25;9,44;70,78;2,90;999,00;10,59;10,03;9,68;9,28;11,00;12,94;3,20;0,00;;;;;;;
129;8;19;5;7,16;863,46;1804,00;9,64;73,93;3,21;999,00;10,58;10,26;9,99;9,58;10,62;11,33;8,11;0,00;;;;;;;
130;9;19;5;1,99;1048,61;1861,59;6,09;86,90;3,92;999,00;9,80;9,80;9,71;9,47;9,42;8,78;3,80;8,80;;;;;;;
131;10;19;5;0,00;609,09;1012,94;5,12;100,73;2,65;999,00;8,51;8,77;8,94;8,96;8,00;6,52;3,60;0,40;;;;;;;
132;11;19;5;0,00;967,43;1561,65;7,35;98,39;1,31;999,00;8,92;8,70;8,65;8,59;9,17;9,44;5,41;0,00;;;;;;;
133;12;19;5;0,40;1019,87;1601,53;9,61;95,95;1,91;999,00;9,83;9,33;9,06;8,75;10,27;12,01;7,81;0,20;;;;;;;
134;13;20;5;0,00;650,58;933,13;9,84;99,78;3,87;999,00;10,18;9,75;9,47;9,07;10,41;11,85;8,17;0,20;;;;;;;
135;14;20;5;0,20;1134,72;1833,21;10,26;97,47;3,48;999,00;10,37;9,85;9,56;9,16;10,83;13,15;8,29;0,00;;;;;;;
136;15;20;5;0,00;1195,13;2144,74;8,33;89,60;3,74;999,00;10,40;10,05;9,79;9,37;10,48;9,81;6,70;0,20;;;;;;;
137;16;20;5;0,80;3248,41;6294,86;8,45;74,10;2,29;999,00;10,79;9,97;9,59;9,22;11,78;12,26;3,65;0,20;;;;;;;
138;17;20;5;2,39;2249,25;4199,21;14,30;83,72;2,88;999,00;12,52;11,38;10,67;9,87;13,65;19,91;8,82;0,80;;;;;;;
139;18;20;5;8,56;2457,73;4656,40;15,81;88,96;2,40;999,00;14,22;12,78;11,83;10,73;15,63;20,57;12,66;2,20;;;;;;;
140;19;20;5;1,99;2269,03;4262,15;15,74;88,85;2,68;999,00;14,73;13,50;12,64;11,54;15,79;20,59;12,09;10,30;;;;;;;
141;20;21;5;12,34;2650,53;4800,56;11,83;84,25;3,81;999,00;14,51;13,71;13,04;12,07;14,85;15,46;7,94;0,20;;;;;;;
142;21;21;5;0,00;1965,44;3900,07;10,67;86,75;2,03;999,00;13,30;12,87;12,50;11,89;13,38;16,09;5,10;12,30;;;;;;;
143;22;21;5;1,59;1636,37;3308,48;11,03;87,49;2,04;999,00;12,97;12,53;12,21;11,69;13,21;14,86;7,49;1,20;;;;;;;
144;23;21;5;1,00;1023,94;2136,35;11,87;93,09;3,42;999,00;12,93;12,51;12,18;11,63;13,07;14,87;9,63;0,60;;;;;;;
145;24;21;5;7,96;2102,82;3509,94;15,64;85,07;3,03;999,00;13,27;12,47;12,03;11,46;14,07;20,42;11,31;0,80;;;;;;;
146;25;21;5;2,19;1148,79;2146,64;13,72;95,49;3,55;999,00;14,12;13,35;12,78;11,98;14,55;16,12;11,08;8,20;;;;;;;
147;26;21;5;11,14;2261,79;4025,71;12,25;90,52;3,53;999,00;13,70;13,12;12,72;12,10;14,04;15,33;9,39;3,40;;;;;;;
148;27;22;5;0,00;1666,78;2840,35;12,29;95,59;4,72;999,00;13,72;13,16;12,78;12,15;13,97;14,57;7,69;9,80;;;;;;;
149;28;22;5;0,00;2833,93;5566,83;8,71;81,32;5,77;999,00;12,61;12,55;12,42;12,04;12,25;11,91;5,85;0,00;;;;;;;
150;29;22;5;0,00;2857,96;4919,48;13,69;81,98;3,20;999,00;12,70;12,17;11,91;11,57;13,28;19,79;6,27;0,00;;;;;;;
151;30;22;5;0,00;3089,37;6049,66;19,18;78,94;2,08;999,00;15,01;13,63;12,83;11,96;16,56;24,72;13,15;0,00;;;;;;;
152;31;22;5;7,36;3598,98;7216,78;20,82;76,46;3,28;999,00;16,90;15,36;14,32;13,07;18,40;27,65;14,76;0,00;;;;;;;
153;1;22;6;11,74;314,47;890,13;13,35;99,67;1,97;999,00;16,66;15,98;15,27;14,13;16,69;16,57;10,91;2,80;;;;;;;
154;2;22;6;1,00;532,25;1044,70;10,31;103,15;2,23;999,00;14,56;14,49;14,32;13,80;14,25;12,15;7,94;11,70;;;;;;;
155;3;23;6;0,20;793,00;1616,75;11,42;98,80;1,74;999,00;13,82;13,62;13,49;13,16;13,82;13,97;9,07;1,00;;;;;;;
156;4;23;6;0,00;3978,28;7075,73;14,42;87,21;2,36;999,00;14,33;13,60;13,22;12,76;15,18;20,90;7,11;0,00;;;;;;;
157;5;23;6;0,00;3930,96;7279,02;17,41;81,39;2,12;999,00;16,12;14,92;14,16;13,28;17,38;23,78;8,93;0,00;;;;;;;
158;6;23;6;0,00;3994,06;7563,63;21,35;75,42;1,45;999,00;17,46;16,08;15,15;14,01;18,91;29,09;11,83;0,00;;;;;;;
159;7;23;6;1,39;3921,89;7217,43;24,58;76,48;1,34;999,00;19,25;17,54;16,37;14,95;21,01;31,13;16,34;0,00;;;;;;;
160;8;23;6;0,40;3026,33;5775,95;23,62;79,22;2,46;999,00;20,21;18,67;17,50;15,96;21,45;29,41;18,19;1,40;;;;;;;
161;9;23;6;0,00;2103,55;4022,94;19,65;91,33;1,86;999,00;19,70;18,68;17,81;16,52;20,37;23,61;15,57;0,40;;;;;;;
162;10;24;6;0,00;3558,97;6929,92;19,44;81,43;1,21;999,00;19,58;18,51;17,70;16,57;20,53;25,57;13,80;0,00;;;;;;;
163;11;24;6;0,00;3850,19;6898,17;21,85;84,18;1,76;999,00;20,00;18,82;17,94;16,77;21,11;27,74;14,13;0,00;;;;;;;
164;12;24;6;0,00;2104,36;4541,89;18,63;82,63;3,58;999,00;20,10;19,19;18,35;17,15;20,51;21,64;11,66;0,00;;;;;;;
165;13;24;6;0,20;2852,78;5873,10;12,90;77,57;3,56;999,00;18,14;17,93;17,60;16,93;17,77;16,89;7,70;0,00;;;;;;;
166;14;24;6;0,00;2970,82;6006,58;11,93;78,55;4,09;999,00;16,86;16,74;16,58;16,20;16,60;16,21;7,23;0,20;;;;;;;
167;15;24;6;0,00;3552,04;7000,39;12,62;80,09;2,68;999,00;16,50;16,17;15,94;15,60;16,66;18,47;4,92;0,00;;;;;;;
168;16;24;6;0,00;2430,43;5175,83;13,09;85,43;2,44;999,00;16,67;16,25;15,92;15,48;16,81;16,98;9,50;0,00;;;;;;;
169;17;25;6;0,00;3935,75;7622,24;15,04;80,11;1,57;999,00;16,42;15,96;15,63;15,22;16,81;23,14;5,08;0,00;;;;;;;
170;18;25;6;1,19;2573,91;5550,68;14,67;76,48;3,04;999,00;16,89;16,34;15,90;15,34;17,09;18,19;9,98;0,00;;;;;;;
171;19;25;6;0,20;1348,70;2723,95;11,67;89,31;4,07;999,00;16,13;15,96;15,74;15,35;15,95;14,16;8,87;1,40;;;;;;;
172;20;25;6;0,20;2213,96;4248,77;11,55;83,30;3,22;999,00;15,51;15,30;15,15;14,91;15,52;14,53;8,84;0,20;;;;;;;
173;21;25;6;0,00;2259,50;4363,44;11,72;78,72;3,51;999,00;15,25;15,06;14,89;14,65;15,15;14,45;8,37;0,00;;;;;;;
174;22;25;6;0,00;1678,15;3578,67;11,55;87,68;2,62;999,00;14,79;14,62;14,53;14,34;14,78;14,88;7,61;0,00;;;;;;;
175;23;25;6;0,00;1548,55;2948,13;11,67;89,61;3,30;999,00;14,80;14,60;14,46;14,21;14,79;14,00;9,50;0,00;;;;;;;
176;24;26;6;0,00;1249,95;2485,93;11,06;91,44;2,51;999,00;14,42;14,32;14,25;14,05;14,33;13,48;8,42;0,00;;;;;;;
177;25;26;6;0,00;2720,12;5302,44;13,11;86,27;2,00;999,00;15,17;14,51;14,20;13,85;15,79;16,38;9,83;0,00;;;;;;;
178;26;26;6;0,00;2768,90;5726,77;13,49;84,55;1,05;999,00;15,91;15,19;14,74;14,17;16,56;19,26;4,90;0,00;;;;;;;
179;27;26;6;0,00;1050,51;2176,71;13,24;95,18;2,26;999,00;16,25;15,75;15,32;14,68;16,36;17,10;8,84;0,00;;;;;;;
180;28;26;6;0,20;3286,99;6098,74;13,94;79,75;1,34;999,00;15,94;15,30;14,94;14,47;16,58;20,66;4,42;0,80;;;;;;;
181;29;26;6;2,79;1416,13;2579,07;14,55;92,14;3,42;999,00;16,88;16,24;15,72;14,98;17,13;17,02;11,27;2,79;;;;;;;
182;30;26;6;1,19;1238,23;2246,47;12,81;95,13;3,69;999,00;15,64;15,47;15,30;14,90;15,52;15,19;11,01;0,80;;;;;;;
183;1;27;7;3,98;1615,13;2961,50;13,59;94,00;3,35;999,00;15,46;15,09;14,90;14,56;15,60;16,27;11,31;5,37;;;;;;;
184;2;27;7;9,75;2708,07;4711,50;12,17;94,03;4,00;999,00;15,54;15,12;14,88;14,50;15,77;16,14;8,77;8,16;;;;;;;
185;3;27;7;0,00;2826,40;4895,63;14,99;81,69;3,14;999,00;15,63;15,09;14,80;14,40;15,98;19,94;8,64;0,00;;;;;;;
186;4;27;7;9,95;2011,07;3743,79;17,79;82,39;4,03;999,00;16,66;15,83;15,31;14,67;17,24;21,12;13,68;9,95;;;;;;;
187;5;27;7;13,13;1652,19;3126,56;15,30;90,38;2,15;999,00;16,84;16,19;15,71;15,06;17,23;20,11;11,73;13,53;;;;;;;
188;6;27;7;2,39;1385,25;2610,60;13,36;97,20;1,89;999,00;16,65;16,17;15,80;15,23;16,81;16,30;11,63;1,99;;;;;;;
189;7;27;7;0,00;3540,61;6473,41;14,26;81,76;1,69;999,00;16,84;16,10;15,64;15,10;17,51;18,95;8,90;0,00;;;;;;;
190;8;28;7;1,99;1244,34;2788,41;12,45;92,67;2,94;999,00;16,81;16,49;16,11;15,52;16,68;16,13;9,29;1,99;;;;;;;
191;9;28;7;0,00;2280,20;3996,78;13,28;85,16;5,23;999,00;15,78;15,60;15,46;15,17;15,72;17,34;11,17;0,00;;;;;;;
192;10;28;7;0,00;2932,25;5592,61;14,56;84,35;3,17;999,00;16,21;15,59;15,25;14,88;16,72;18,86;11,19;0,00;;;;;;;
193;11;28;7;0,20;1918,31;3480,03;16,13;91,70;2,44;999,00;16,71;16,05;15,62;15,09;17,16;20,46;12,11;0,20;;;;;;;
194;12;28;7;2,99;2469,64;4465,08;17,50;92,66;1,98;999,00;17,57;16,64;16,04;15,34;18,44;22,00;13,87;3,38;;;;;;;
195;13;28;7;0,60;2968,21;5050,95;18,72;91,87;2,32;999,00;18,56;17,49;16,75;15,85;19,55;23,56;14,52;0,20;;;;;;;
196;14;28;7;0,00;3065,89;5895,79;18,76;91,60;3,22;999,00;19,00;18,03;17,29;16,36;19,77;21,92;15,05;0,00;;;;;;;
197;15;29;7;0,00;2302,54;4671,25;15,49;79,77;2,44;999,00;19,00;18,24;17,61;16,75;19,26;18,83;10,83;0,00;;;;;;;
198;16;29;7;0,00;2635,56;5331,23;12,73;85,26;3,06;999,00;17,64;17,38;17,09;16,60;17,49;17,56;8,12;0,00;;;;;;;
199;17;29;7;0,00;1997,54;3999,91;12,32;87,11;2,74;999,00;16,93;16,78;16,58;16,24;16,72;16,43;7,02;0,00;;;;;;;
200;18;29;7;0,00;1042,98;2481,19;12,63;88,86;3,27;999,00;16,18;16,16;16,08;15,86;15,78;15,91;10,21;0,00;;;;;;;
201;19;29;7;0,00;2775,91;5535,44;13,82;83,49;1,17;999,00;16,12;15,74;15,55;15,35;16,50;20,32;7,16;0,00;;;;;;;
202;20;29;7;0,00;3877,96;7624,16;14,88;71,90;1,82;999,00;17,06;16,44;16,01;15,53;17,57;20,65;6,51;0,00;;;;;;;
203;21;29;7;0,00;3352,14;6983,31;16,88;65,15;1,74;999,00;17,61;16,93;16,43;15,85;18,16;22,86;7,59;0,00;;;;;;;
204;22;30;7;0,00;3584,90;7272,34;18,34;63,52;1,62;999,00;18,09;17,33;16,76;16,12;18,72;25,79;7,59;0,00;;;;;;;
205;23;30;7;0,60;2398,70;5152,36;19,57;67,08;2,86;999,00;18,31;17,67;17,11;16,43;18,68;25,96;10,04;2,19;;;;;;;
206;24;30;7;9,55;1116,22;2326,73;16,62;95,06;3,39;999,00;18,21;17,67;17,21;16,59;18,26;18,51;14,54;7,96;;;;;;;
207;25;30;7;0,00;1705,64;3167,98;16,31;94,09;3,55;999,00;17,49;17,12;16,83;16,39;17,60;21,15;13,33;0,00;;;;;;;
208;26;30;7;0,60;2763,11;5292,66;16,06;85,42;2,29;999,00;17,81;17,18;16,77;16,28;18,38;21,60;12,82;0,60;;;;;;;
209;27;30;7;0,00;3069,11;5635,25;17,71;83,33;1,87;999,00;18,40;17,67;17,12;16,49;19,01;24,01;9,91;0,00;;;;;;;
210;28;30;7;0,00;2231,01;4393,86;17,21;85,48;1,70;999,00;18,98;18,18;17,56;16,82;19,60;21,29;14,82;0,00;;;;;;;
211;29;31;7;0,00;2735,14;5164,93;18,13;82,71;1,44;999,00;19,00;18,26;17,69;16,99;19,59;24,08;10,55;1,39;;;;;;;
212;30;31;7;16,12;1857,16;2506,95;17,18;96,08;1,77;999,00;19,22;18,52;17,94;17,22;19,60;21,27;14,31;14,73;;;;;;;
213;31;31;7;0,00;2714,17;4434,14;18,58;88,97;2,48;999,00;19,15;18,43;17,89;17,24;19,70;22,04;15,84;0,20;;;;;;;
214;1;31;8;0,20;2996,87;5372,52;19,77;80,78;2,47;999,00;19,61;18,78;18,13;17,40;20,27;24,38;15,99;0,00;;;;;;;
215;2;31;8;0,00;2780,31;5431,09;16,89;81,55;2,13;999,00;19,41;18,82;18,27;17,60;19,71;22,17;11,09;0,00;;;;;;;
216;3;31;8;0,00;2243,01;4485,62;15,02;81,90;1,71;999,00;18,70;18,38;18,01;17,51;18,65;19,48;10,17;0,00;;;;;;;
217;4;31;8;0,00;2628,68;5375,92;14,56;80,85;1,43;999,00;17,73;17,60;17,41;17,13;17,62;20,62;6,61;0,00;;;;;;;
218;5;32;8;0,00;2966,78;6211,31;16,52;72,10;2,59;999,00;17,71;17,47;17,21;16,90;17,73;22,58;6,96;0,00;;;;;;;
219;6;32;8;0,00;2798,66;5754,42;17,45;70,92;3,29;999,00;17,72;17,41;17,13;16,79;17,82;22,61;11,05;0,00;;;;;;;
220;7;32;8;0,00;927,80;2124,04;17,24;81,59;1,48;999,00;18,06;17,63;17,26;16,84;18,18;19,42;12,88;0,00;;;;;;;
221;8;32;8;0,00;2803,50;5673,09;16,90;79,19;1,09;999,00;17,76;17,40;17,10;16,77;18,04;23,45;9,39;0,00;;;;;;;
222;9;32;8;0,00;2788,17;5505,85;19,58;75,29;1,63;999,00;18,35;17,77;17,32;16,84;18,84;27,25;10,72;0,00;;;;;;;
223;10;32;8;0,00;2062,14;4439,52;22,21;67,90;2,77;999,00;19,07;18,33;17,73;17,10;19,65;28,69;15,26;0,00;;;;;;;
224;11;32;8;4,98;1202,34;2525,10;19,05;87,38;1,97;999,00;19,04;18,49;17,98;17,37;19,31;22,92;14,89;4,98;;;;;;;
225;12;33;8;6,17;2081,54;3726,74;18,29;93,90;2,53;999,00;18,91;18,38;17,93;17,40;19,23;23,66;14,62;10,15;;;;;;;
226;13;33;8;13,53;816,95;1328,40;15,98;101,04;2,09;999,00;18,74;18,39;18,01;17,51;18,73;17,84;14,87;10,75;;;;;;;
227;14;33;8;3,98;1385,70;2213,61;16,31;98,84;1,75;999,00;18,19;17,88;17,62;17,25;18,28;19,55;14,34;2,79;;;;;;;
228;15;33;8;0,80;1441,17;2531,23;16,95;96,47;2,50;999,00;18,25;17,85;17,54;17,15;18,37;20,29;13,36;0,80;;;;;;;
229;16;33;8;0,00;1785,94;3238,34;17,23;93,20;3,42;999,00;18,17;17,81;17,50;17,11;18,30;21,78;14,76;0,00;;;;;;;
230;17;33;8;0,00;1958,83;3790,29;16,67;91,92;1,67;999,00;18,09;17,73;17,42;17,05;18,25;21,67;12,62;0,20;;;;;;;
231;18;33;8;0,20;2881,17;5465,79;18,79;82,67;1,67;999,00;17,96;17,62;17,32;16,97;18,14;25,63;10,94;0,00;;;;;;;
232;19;34;8;0,00;2860,74;5631,87;20,53;73,66;2,30;999,00;18,19;17,77;17,40;16,99;18,41;28,12;11,11;0,00;;;;;;;
233;20;34;8;0,00;2710,69;5608,20;21,53;64,01;2,36;999,00;18,29;17,87;17,49;17,06;18,52;29,27;11,74;0,00;;;;;;;
234;21;34;8;0,00;2264,17;4836,28;20,96;66,38;1,75;999,00;18,33;17,91;17,54;17,11;18,57;29,66;13,06;0,00;;;;;;;
235;22;34;8;0,00;1441,97;2875,76;19,36;87,67;1,23;999,00;18,50;18,04;17,64;17,19;18,76;24,80;14,52;0,20;;;;;;;
236;23;34;8;0,20;2393,67;4547,54;21,42;83,27;1,85;999,00;18,99;18,31;17,79;17,26;19,57;27,19;16,95;0,00;;;;;;;
237;24;34;8;0,40;1528,51;3320,10;19,40;79,39;2,16;999,00;19,16;18,61;18,10;17,52;19,43;23,36;15,15;0,40;;;;;;;
238;25;34;8;0,00;1955,60;4233,82;17,61;75,58;2,32;999,00;18,34;18,13;17,84;17,46;18,30;22,87;11,72;2,39;;;;;;;
239;26;35;8;2,59;1860,76;4029,21;16,58;83,88;1,80;999,00;18,09;17,85;17,58;17,25;18,10;21,11;12,22;0,20;;;;;;;
240;27;35;8;0,00;2537,18;4646,72;16,54;85,07;1,79;999,00;17,46;17,39;17,25;17,04;17,38;22,74;10,03;0,00;;;;;;;
241;28;35;8;27,47;142,55;850,85;15,22;99,66;1,75;999,00;17,64;17,49;17,28;17,01;17,49;17,17;12,71;27,47;;;;;;;
242;29;35;8;1,39;1721,18;3506,58;15,30;79,97;6,02;999,00;16,87;16,91;16,86;16,73;16,54;19,43;12,50;1,39;;;;;;;
243;30;35;8;5,97;489,49;1206,06;14,64;92,15;5,05;999,00;16,26;16,43;16,47;16,43;15,95;16,04;13,63;6,77;;;;;;;
244;31;35;8;3,38;937,53;2061,04;14,03;96,60;3,12;999,00;16,23;16,22;16,21;16,15;16,09;16,72;9,89;2,59;;;;;;;
245;1;35;9;0,00;2194,09;4353,38;12,46;86,46;2,28;999,00;15,57;15,74;15,85;15,87;15,16;17,16;7,13;0,00;;;;;;;
246;2;36;9;0,20;2030,06;4220,88;12,36;84,77;1,13;999,00;15,14;15,33;15,45;15,55;14,76;17,68;5,97;0,20;;;;;;;
247;3;36;9;0,00;2364,51;4777,34;13,42;84,07;1,31;999,00;14,63;14,87;15,04;15,19;14,28;20,76;5,51;0,00;;;;;;;
248;4;36;9;0,00;1239,22;2542,75;12,51;97,07;1,66;999,00;14,74;14,88;14,98;15,07;14,39;17,38;7,38;0,00;;;;;;;
249;5;36;9;0,00;1944,39;4026,85;12,72;83,87;1,96;999,00;14,65;14,73;14,82;14,90;14,36;18,12;7,54;0,00;;;;;;;
250;6;36;9;3,78;1215,54;3084,70;9,64;91,62;2,46;999,00;13,96;14,33;14,56;14,74;13,35;16,73;5,12;3,78;;;;;;;
251;7;36;9;0,20;2110,83;3965,79;10,28;82,11;2,49;999,00;13,06;13,53;13,90;14,25;12,37;16,00;3,75;0,20;;;;;;;
252;8;36;9;0,00;1652,74;3577,23;12,45;82,42;2,27;999,00;13,66;13,70;13,82;14,01;13,45;16,94;8,03;0,00;;;;;;;
253;9;37;9;0,00;1555,82;3392,28;11,39;85,86;2,31;999,00;13,31;13,56;13,76;13,95;12,87;18,53;4,28;0,00;;;;;;;
254;10;37;9;0,40;955,67;2028,46;12,34;93,83;3,78;999,00;13,66;13,73;13,81;13,91;13,45;15,06;9,28;0,40;;;;;;;
255;11;37;9;0,00;1009,65;2399,96;12,48;83,94;3,53;999,00;13,86;13,85;13,88;13,91;13,69;15,61;9,34;1,00;;;;;;;
256;12;37;9;9,75;1007,13;2113,88;11,22;94,81;4,90;999,00;13,87;13,92;13,96;13,97;13,62;15,43;8,19;9,15;;;;;;;
257;13;37;9;1,00;685,04;1729,08;10,13;94,93;3,40;999,00;13,27;13,52;13,70;13,82;12,81;13,30;7,95;0,60;;;;;;;
258;14;37;9;0,00;899,66;1948,53;12,33;93,46;2,57;999,00;13,41;13,43;13,51;13,61;13,24;14,92;10,61;0,00;;;;;;;
259;15;37;9;0,00;1381,46;2884,76;10,88;91,70;2,11;999,00;13,49;13,53;13,57;13,61;13,20;15,04;5,79;0,20;;;;;;;
260;16;38;9;0,20;1687,52;3703,37;9,68;87,65;1,77;999,00;12,61;12,92;13,16;13,37;12,04;16,12;3,32;0,00;;;;;;;
261;17;38;9;0,00;1143,62;2580,88;8,92;90,30;1,89;999,00;12,38;12,71;12,94;13,16;11,86;13,89;1,07;0,00;;;;;;;
262;18;38;9;0,00;468,04;1402,42;10,84;85,11;3,80;999,00;12,50;12,69;12,86;13,02;12,16;13,61;8,92;0,00;;;;;;;
263;19;38;9;0,00;840,70;2495,75;10,73;82,59;4,66;999,00;12,20;12,45;12,66;12,85;11,78;16,80;7,16;0,00;;;;;;;
264;20;38;9;0,00;1182,11;3190,57;9,54;83,70;4,52;999,00;12,10;12,34;12,54;12,72;11,67;14,70;6,15;0,00;;;;;;;
265;21;38;9;6,77;307,41;1014,90;7,51;95,43;3,17;999,00;11,73;12,13;12,40;12,61;11,14;8,99;5,91;13,73;;;;;;;
266;22;38;9;7,36;536,22;988,15;9,73;92,96;3,58;999,00;11,56;11,85;12,12;12,36;11,14;12,13;7,29;0,40;;;;;;;
267;23;39;9;0,00;656,56;1391,83;9,53;93,23;2,72;999,00;11,69;11,88;12,08;12,26;11,38;11,74;7,18;0,00;;;;;;;
268;24;39;9;0,00;806,16;1748,46;10,10;93,62;1,11;999,00;12,03;12,06;12,16;12,24;11,90;13,05;7,94;0,00;;;;;;;
269;25;39;9;0,00;1240,49;2701,21;9,74;94,80;1,56;999,00;12,02;12,10;12,20;12,26;11,77;14,24;5,18;0,00;;;;;;;
270;26;39;9;0,00;1022,71;2480,95;11,45;93,50;1,91;999,00;12,26;12,23;12,27;12,28;12,15;17,95;6,24;0,00;;;;;;;
271;27;39;9;5,77;318,26;944,81;12,32;94,97;3,21;999,00;12,46;12,44;12,45;12,41;12,32;15,72;9,53;5,97;;;;;;;
272;28;39;9;0,20;1022,88;2510,98;12,79;92,46;3,56;999,00;12,73;12,59;12,54;12,45;12,70;15,69;10,74;0,00;;;;;;;
273;29;39;9;4,18;169,37;538,74;13,17;95,25;5,16;999,00;12,86;12,75;12,71;12,59;12,77;15,91;11,64;4,38;;;;;;;
274;30;40;9;5,97;601,79;1033,10;16,01;96,85;4,77;999,00;13,55;13,14;12,92;12,67;13,85;17,54;13,82;5,97;;;;;;;
275;1;40;10;21,69;156,88;547,14;10,90;103,48;2,16;999,00;13,69;13,54;13,38;13,09;13,58;13,68;9,57;32,04;;;;;;;
276;2;40;10;12,74;1109,88;2340,71;10,26;96,72;2,58;999,00;12,96;12,96;12,98;12,91;12,80;13,96;6,94;2,39;;;;;;;
277;3;40;10;0,40;1315,24;3066,14;9,99;91,91;3,00;999,00;12,52;12,59;12,65;12,67;12,24;15,19;5,16;0,20;;;;;;;
278;4;40;10;2,39;32,88;715,79;10,75;93,27;3,43;999,00;12,47;12,51;12,55;12,56;12,27;12,51;7,10;2,59;;;;;;;
279;5;40;10;1,79;721,04;1938,06;8,98;95,02;2,13;999,00;11,93;12,09;12,22;12,33;11,59;13,47;5,72;1,79;;;;;;;
280;6;40;10;0,20;1196,48;2647,29;7,83;99,58;1,70;999,00;11,55;11,71;11,86;12,02;11,18;13,53;3,25;0,20;;;;;;;
281;7;41;10;0,40;1264,65;2688,98;7,80;97,23;1,25;999,00;11,16;11,36;11,55;11,75;10,76;14,90;2,36;0,20;;;;;;;
282;8;41;10;0,00;554,65;1027,31;9,47;99,98;0,80;999,00;11,38;11,47;11,56;11,68;11,19;12,93;5,87;0,00;;;;;;;
283;9;41;10;1,39;855,03;1520,67;10,89;99,32;1,30;999,00;11,69;11,65;11,67;11,69;11,61;14,95;5,54;4,58;;;;;;;
284;10;41;10;3,18;624,28;1150,76;10,94;99,25;1,28;999,00;12,22;12,06;11,98;11,88;12,27;12,95;9,48;0,00;;;;;;;
285;11;41;10;0,00;806,17;2116,51;9,46;95,91;1,73;999,00;11,99;12,01;12,02;11,96;11,77;14,11;5,05;0,00;;;;;;;
286;12;41;10;0,00;422,26;1554,65;10,34;96,14;2,19;999,00;11,60;11,72;11,80;11,84;11,31;14,63;6,77;0,00;;;;;;;
287;13;41;10;0,20;979,69;2529,57;11,94;90,68;2,00;999,00;11,61;11,60;11,64;11,66;11,45;18,77;7,57;0,20;;;;;;;
288;14;42;10;0,00;952,77;2506,58;9,97;94,89;1,84;999,00;11,38;11,48;11,56;11,62;11,07;15,80;5,51;0,20;;;;;;;
289;15;42;10;0,20;970,87;2145,51;10,97;93,38;1,48;999,00;11,08;11,20;11,32;11,42;10,78;18,45;5,16;2,79;;;;;;;
290;16;42;10;26,07;127,15;257,98;11,18;102,65;3,12;999,00;11,75;11,64;11,59;11,53;11,74;13,43;10,02;23,28;;;;;;;
291;17;42;10;0,00;539,96;1269,83;10,36;95,94;2,12;999,00;11,76;11,72;11,69;11,63;11,68;12,29;8,85;0,00;;;;;;;
292;18;42;10;0,00;367,67;1435,62;10,14;93,15;2,12;999,00;11,80;11,76;11,73;11,66;11,70;13,48;8,26;0,00;;;;;;;
293;19;42;10;0,00;31,27;1003,59;10,20;91,16;3,49;999,00;11,56;11,62;11,65;11,63;11,33;13,73;8,23;0,00;;;;;;;
294;20;42;10;7,56;119,07;690,11;9,39;100,24;2,51;999,00;11,33;11,43;11,50;11,52;11,10;11,07;7,34;12,34;;;;;;;
295;21;43;10;7,96;147,47;329,58;11,50;100,70;3,93;999,00;11,53;11,46;999,00;11,44;11,49;14,37;9,81;3,18;;;;;;;
296;22;43;10;0,00;523,46;2194,48;9,76;95,29;3,49;999,00;11,55;11,54;999,00;11,47;11,37;12,92;6,03;0,00;;;;;;;
297;23;43;10;0,00;740,95;2223,58;7,69;99,73;2,04;999,00;10,99;11,16;999,00;11,33;10,64;11,67;4,70;0,00;;;;;;;
298;24;43;10;0,00;776,74;2463,28;6,98;96,20;3,42;999,00;10,69;10,89;999,00;11,12;10,32;10,81;3,99;0,00;;;;;;;
299;25;43;10;0,00;358,97;2108,90;6,91;85,83;3,20;999,00;10,13;10,45;999,00;10,85;9,61;11,86;2,62;0,00;;;;;;;
300;26;43;10;0,20;483,80;1371,59;10,73;92,25;3,21;999,00;10,28;10,35;999,00;10,62;10,13;14,74;8,26;0,40;;;;;;;
301;27;43;10;6,17;124,71;837,44;8,71;97,92;3,88;999,00;10,43;10,54;999,00;10,68;10,18;11,45;5,22;8,36;;;;;;;
302;28;44;10;2,39;376,26;701,09;13,77;91,34;6,55;999,00;10,93;10,73;999,00;10,64;11,05;14,80;11,62;0,00;;;;;;;
303;29;44;10;3,78;-59,41;612,24;11,57;83,88;8,10;999,00;11,35;11,23;999,00;10,99;11,23;13,82;9,43;3,98;;;;;;;
304;30;44;10;0,20;68,84;878,40;8,40;85,01;7,82;999,00;10,47;10,75;999,00;10,94;9,97;10,04;7,43;0,00;;;;;;;
305;31;44;10;0,00;96,57;564,08;8,77;87,76;5,33;999,00;10,12;10,33;999,00;10,63;9,79;10,03;7,96;1,19;;;;;;;
306;1;44;11;2,19;175,86;523,31;10,72;96,29;5,20;999,00;10,24;10,27;999,00;10,44;10,12;13,75;7,89;1,00;;;;;;;
307;2;44;11;0,80;-94,09;202,27;11,91;95,51;7,15;999,00;10,62;10,54;999,00;10,50;10,58;13,31;8,99;2,39;;;;;;;
308;3;44;11;1,99;100,31;238,97;13,69;97,59;7,44;999,00;11,36;11,04;999,00;10,69;11,57;14,72;13,11;0,60;;;;;;;
309;4;45;11;0,20;506,75;1378,00;13,09;90,33;6,24;999,00;11,82;11,50;999,00;11,04;11,92;15,04;11,82;0,40;;;;;;;
310;5;45;11;1,79;43,19;960,03;11,54;84,35;7,05;999,00;11,69;11,58;999,00;11,26;11,54;13,95;8,42;1,59;;;;;;;
311;6;45;11;1,39;-170,51;564,50;9,82;84,80;8,20;999,00;10,85;11,05;999,00;11,13;10,46;11,92;7,90;1,19;;;;;;;
312;7;45;11;13,73;-112,87;408,97;9,30;90,18;6,56;999,00;10,56;10,70;999,00;10,84;10,28;11,28;6,10;13,73;;;;;;;
313;8;45;11;0,20;98,25;1697,88;6,48;91,35;4,01;999,00;10,00;10,26;999,00;10,57;9,58;9,16;4,47;0,20;;;;;;;
314;9;45;11;1,00;-363,65;642,15;6,11;93,03;5,02;999,00;9,27;9,66;999,00;10,18;8,70;9,49;2,03;1,00;;;;;;;
315;10;45;11;0,60;-173,85;393,32;6,20;97,97;2,95;999,00;8,91;9,27;999,00;9,80;8,41;7,38;4,93;0,60;;;;;;;
316;11;46;11;3,58;3,40;456,46;8,16;95,74;2,95;999,00;8,95;9,18;999,00;9,59;8,65;9,42;6,54;3,98;;;;;;;
317;12;46;11;3,38;-38,43;346,60;9,15;97,35;2,05;999,00;9,24;9,34;999,00;9,57;9,06;10,99;7,35;4,38;;;;;;;
318;13;46;11;1,79;6,25;626,31;6,99;96,77;3,15;999,00;9,48;9,53;999,00;9,63;9,28;9,58;4,41;0,40;;;;;;;
319;14;46;11;0,00;-48,87;423,18;2,19;100,28;1,72;999,00;8,58;8,99;999,00;9,45;7,93;3,58;1,19;0,00;;;;;;;
320;15;46;11;0,00;119,96;653,49;2,33;99,47;1,90;999,00;7,83;8,33;999,00;9,03;7,13;3,77;0,67;0,00;;;;;;;
321;16;46;11;0,20;0,13;192,08;3,60;100,49;1,15;999,00;7,60;7,99;999,00;8,67;7,10;3,99;3,31;0,20;;;;;;;
322;17;46;11;0,20;-43,97;152,64;4,19;102,08;1,41;999,00;7,69;7,98;999,00;8,51;7,29;4,73;3,81;0,20;;;;;;;
323;18;47;11;3,98;-135,76;228,10;2,86;94,26;2,10;999,00;7,36;7,77;999,00;8,37;6,73;4,16;1,69;5,37;;;;;;;
324;19;47;11;17,11;147,12;977,06;1,66;99,93;3,75;999,00;6,51;7,15;999,00;8,03;5,60;3,53;0,00;15,72;;;;;;;
325;20;47;11;0,40;85,63;1282,26;5,97;87,16;5,19;999,00;6,10;6,59;999,00;7,53;5,55;8,95;3,33;1,59;;;;;;;
326;21;47;11;1,59;-246,31;604,21;3,94;94,06;7,38;999,00;6,42;6,77;999,00;7,40;5,88;5,26;2,64;0,60;;;;;;;
327;22;47;11;0,60;-208,35;1166,97;3,55;88,04;6,31;999,00;5,91;6,42;999,00;7,22;5,22;5,63;2,21;0,40;;;;;;;
328;23;47;11;0,20;-109,08;938,73;2,31;80,10;4,46;999,00;5,38;6,00;999,00;6,92;4,54;3,84;1,17;0,80;;;;;;;
329;24;47;11;0,60;-287,95;598,89;1,11;98,11;3,28;999,00;5,24;5,76;999,00;6,63;4,52;1,95;0,21;0,00;;;;;;;
330;25;48;11;1,99;-225,43;215,90;1,35;93,18;4,70;999,00;4,78;5,40;999,00;6,38;3,93;2,33;0,27;4,58;;;;;;;
331;26;48;11;14,33;88,27;127,97;1,32;104,20;1,86;999,00;4,58;5,11;999,00;6,07;3,92;3,09;0,03;11,74;;;;;;;
332;27;48;11;0,20;-70,60;118,68;-0,82;105,17;1,60;999,00;4,57;5,02;999,00;5,86;3,92;0,02;-2,19;0,20;;;;;;;
333;28;48;11;1,59;-125,04;391,14;-0,72;102,36;2,31;999,00;4,38;4,84;999,00;5,71;3,77;0,74;-2,33;1,79;;;;;;;
334;29;48;11;7,56;-286,69;355,57;0,80;97,95;4,94;999,00;4,05;4,58;999,00;5,51;3,31;2,17;-0,34;8,76;;;;;;;
335;30;48;11;3,38;-32,05;342,24;2,78;99,28;5,13;999,00;3,92;4,37;999,00;5,27;3,36;3,72;1,49;2,19;;;;;;;
336;1;48;12;0,20;-38,19;635,87;2,53;95,74;4,82;999,00;4,26;4,55;999,00;5,21;3,83;3,66;0,55;5,37;;;;;;;
337;2;49;12;7,76;96,93;597,09;5,27;96,05;6,03;999,00;4,69;4,81;999,00;5,27;4,51;6,31;3,43;2,79;;;;;;;
338;3;49;12;1,19;-26,46;696,99;5,34;91,60;5,88;999,00;5,19;5,25;999,00;5,48;5,01;6,06;3,81;1,19;;;;;;;
339;4;49;12;0,40;7,46;523,60;7,37;89,51;4,90;999,00;5,61;5,56;999,00;5,69;5,60;8,98;5,80;0,00;;;;;;;
340;5;49;12;0,00;4,41;606,54;6,56;91,59;1,03;999,00;5,94;5,91;999,00;5,94;5,82;9,23;4,96;0,00;;;;;;;
341;6;49;12;0,00;42,02;296,70;3,99;102,84;1,25;999,00;5,77;5,88;999,00;6,03;5,48;5,72;2,02;0,00;;;;;;;
342;7;49;12;0,00;-11,68;360,68;1,26;103,44;1,93;999,00;5,53;5,73;999,00;5,98;5,05;2,76;-0,65;0,00;;;;;;;
343;8;49;12;0,00;102,85;337,24;-0,10;100,14;3,33;999,00;4,69;5,16;999,00;5,77;3,91;0,63;-0,64;0,00;;;;;;;
344;9;50;12;0,00;-49,45;111,51;-0,54;98,81;3,71;999,00;4,00;4,58;999,00;5,40;3,13;-0,16;-0,92;0,00;;;;;;;
345;10;50;12;0,00;-17,09;163,42;-0,87;99,84;2,61;999,00;3,62;4,16;999,00;5,05;2,83;-0,38;-1,58;0,00;;;;;;;
346;11;50;12;0,00;-22,70;115,03;-0,54;101,69;2,35;999,00;3,50;3,97;999,00;4,80;2,82;0,31;-1,19;0,00;;;;;;;
347;12;50;12;0,00;-43,83;101,19;-0,06;99,28;2,45;999,00;3,46;3,88;999,00;4,65;2,86;0,52;-0,50;0,00;;;;;;;
348;13;50;12;0,20;51,30;225,09;0,33;103,57;1,62;999,00;3,62;3,92;999,00;4,56;3,17;1,09;-0,36;0,20;;;;;;;
349;14;50;12;0,00;-257,52;880,81;-0,45;94,98;2,63;999,00;3,46;3,87;999,00;4,52;2,77;0,70;-1,72;0,00;;;;;;;
350;15;50;12;1,39;-264,73;152,52;3,52;93,31;7,42;999,00;3,17;3,56;999,00;4,33;2,71;6,13;-0,10;1,99;;;;;;;
351;16;51;12;0,80;-23,47;555,92;2,73;100,78;2,13;999,00;3,95;4,04;999,00;4,40;3,74;4,72;1,46;0,20;;;;;;;
352;17;51;12;0,00;-135,73;130,90;2,73;99,70;2,64;999,00;4,02;4,19;999,00;4,54;3,68;3,29;2,13;0,00;;;;;;;
353;18;51;12;0,00;-284,55;477,13;-0,42;93,09;4,00;999,00;3,54;3,93;999,00;4,52;999,00;2,88;-5,19;0,00;;;;;;;
354;19;51;12;0,00;-619,65;942,12;-7,40;93,89;2,97;999,00;2,45;3,10;999,00;4,09;1,52;-5,55;-9,55;0,00;;;;;;;
355;20;51;12;0,00;-8,54;902,74;-9,56;90,99;1,29;999,00;2,02;2,63;999,00;3,66;999,00;-6,07;-12,53;0,00;;;;;;;
356;21;51;12;0,00;-200,84;735,99;-6,73;90,53;3,47;999,00;1,74;2,32;999,00;3,35;0,92;-3,91;-9,77;0,00;;;;;;;
357;22;51;12;0,00;-111,63;874,03;-8,32;96,58;1,65;999,00;1,57;2,10;999,00;3,10;999,00;-4,03;-12,20;0,00;;;;;;;
358;23;52;12;0,00;-114,47;463,26;-7,26;97,75;1,16;999,00;1,42;1,93;999,00;2,90;0,68;-3,41;-11,90;0,00;;;;;;;
359;24;52;12;0,00;171,70;1036,44;-8,87;99,97;0,99;999,00;1,31;1,79;999,00;2,73;0,60;-6,23;-11,18;0,00;;;;;;;
360;25;52;12;0,00;-238,36;547,76;-8,25;90,12;2,83;999,00;1,19;1,66;999,00;2,59;0,49;-6,48;-11,95;0,00;;;;;;;
361;26;52;12;0,00;-765,54;969,56;-12,19;85,93;2,51;999,00;1,06;1,54;999,00;2,45;999,00;-8,91;-15,61;0,00;;;;;;;
362;27;52;12;0,00;-67,51;377,67;-9,30;88,77;3,09;999,00;0,92;1,40;999,00;2,32;999,00;-5,51;-16,61;0,00;;;;;;;
363;28;52;12;0,00;-234,81;521,08;-6,45;100,23;2,87;999,00;0,86;1,32;999,00;2,20;999,00;-4,08;-11,86;0,00;;;;;;;
364;29;52;12;0,00;-304,63;478,67;-15,30;93,48;2,38;999,00;0,79;1,23;999,00;2,10;999,00;-12,37;-17,96;0,00;;;;;;;
365;30;53;12;0,00;-218,81;558,59;-17,94;94,11;1,07;999,00;0,69;1,14;999,00;2,00;999,00;-15,88;-20,27;0,00;;;;;;;
366;31;53;12;0,00;-139,62;658,76;-17,52;93,61;1,30;999,00;0,57;1,03;999,00;1,90;999,00;-14,55;-21,11;0,00;;;;;;;
