position,depth,treatment,year,growth.stage,rld,root_res_volume
UP,6.5,L_WT,2019,BBCH14,0.5946,0.00005
IR,6.5,L_WT,2019,BBCH14,0,0.0000058568
UP,16.5,L_WT,2019,BBCH14,0.1417,0
IR,16.5,L_WT,2019,BBCH14,0,0.00001114
UP,6.5,S_rth3,2019,BBCH14,1.5432,0.0001625
IR,6.5,S_rth3,2019,BBCH14,0,0.0000742
UP,16.5,S_rth3,2019,BBCH14,0.5908,0.00002846
IR,16.5,S_rth3,2019,BBCH14,0,0.0001442
IR,6.5,S_WT,2019,BBCH14,0,0.000006454
UP,6.5,S_WT,2019,BBCH14,0,0.00001502
IR,16.5,S_WT,2019,BBCH14,0,0.0001468
UP,16.5,S_WT,2019,BBCH14,0.22,0.0000041435
IR,6.5,L_rth3,2019,BBCH14,0,0.0000062357
UP,6.5,L_rth3,2019,BBCH14,0.6774,0.0000056657
UP,16.5,L_rth3,2019,BBCH14,0,0.000007398
IR,16.5,L_rth3,2019,BBCH14,0,0.00000263
IR,6.5,S_rth3,2019,BBCH14,0,0.0000095158
UP,6.5,S_rth3,2019,BBCH14,1.6964,0.00005521
IR,16.5,S_rth3,2019,BBCH14,0,0
UP,16.5,S_rth3,2019,BBCH14,0,0.00165
IR,6.5,S_WT,2019,BBCH14,0,0.0000048015
UP,6.5,S_WT,2019,BBCH14,1.0387,0.0001945
IR,16.5,S_WT,2019,BBCH14,0,0.0001019
UP,16.5,S_WT,2019,BBCH14,0.7778,0.00001781
IR,6.5,L_rth3,2019,BBCH14,0.007037,0.00001461
UP,6.5,L_rth3,2019,BBCH14,0.3398,0.00001411
UP,16.5,L_rth3,2019,BBCH14,0.04622,0
IR,16.5,L_rth3,2019,BBCH14,0,0.00001315
IR,6.5,L_WT,2019,BBCH14,0,0
UP,6.5,L_WT,2019,BBCH14,0.803,0.000002643
UP,16.5,L_WT,2019,BBCH14,0.4506,0.0000022019
IR,16.5,L_WT,2019,BBCH14,0.2088,0.00000097966
IR,6.5,S_WT,2019,BBCH14,0,0.00001137
UP,6.5,S_WT,2019,BBCH14,0.5388,0.00005867
UP,16.5,S_WT,2019,BBCH14,0,0.00003887
IR,16.5,S_WT,2019,BBCH14,0.06676,0.00001782
UP,6.5,L_rth3,2019,BBCH14,1.1221,0.0000036687
IR,6.5,L_rth3,2019,BBCH14,0,0
UP,16.5,L_rth3,2019,BBCH14,0.18,0.00000248
IR,16.5,L_rth3,2019,BBCH14,0.1248,0
UP,6.5,L_WT,2019,BBCH14,1.358,0
IR,6.5,L_WT,2019,BBCH14,0,0.0000065137
UP,16.5,L_WT,2019,BBCH14,0.2203,0
IR,16.5,L_WT,2019,BBCH14,0.1881,0.0000032504
UP,6.5,S_rth3,2019,BBCH14,1.4016,0.0002427
IR,6.5,S_rth3,2019,BBCH14,0,0.00005225
UP,16.5,S_rth3,2019,BBCH14,0,0.00001274
IR,16.5,S_rth3,2019,BBCH14,0.1258,0.0001195
UP,6.5,L_rth3,2019,BBCH14,1.2216,0
IR,6.5,L_rth3,2019,BBCH14,0,0
UP,16.5,L_rth3,2019,BBCH14,0,0
IR,16.5,L_rth3,2019,BBCH14,0.7299,0
UP,6.5,S_WT,2019,BBCH14,1.3092,0.0001109
IR,6.5,S_WT,2019,BBCH14,0,0.00003704
UP,16.5,S_WT,2019,BBCH14,0.4872,0.0000089648
IR,16.5,S_WT,2019,BBCH14,0.6375,0.00002475
UP,6.5,S_rth3,2019,BBCH14,2.0386,0.00005256
IR,6.5,S_rth3,2019,BBCH14,0,0.0000050277
UP,16.5,S_rth3,2019,BBCH14,0.949,0.00008864
IR,16.5,S_rth3,2019,BBCH14,0,0.0000959
UP,6.5,L_WT,2019,BBCH14,1.2651,0.0000030468
IR,6.5,L_WT,2019,BBCH14,0,0.0000031443
UP,16.5,L_WT,2019,BBCH14,0.422,0
IR,16.5,L_WT,2019,BBCH14,0,0.0000035847
UP,6.5,S_WT,2019,BBCH14,3.1772,0.00004281
IR,6.5,S_WT,2019,BBCH14,0,0.0001936
UP,16.5,S_WT,2019,BBCH14,0.03475,0.0003035
IR,16.5,S_WT,2019,BBCH14,0.07116,0.00008811
UP,6.5,S_rth3,2019,BBCH14,1.6329,0.0001382
IR,6.5,S_rth3,2019,BBCH14,0,0.00003279
UP,16.5,S_rth3,2019,BBCH14,0.6753,0.0000083627
IR,16.5,S_rth3,2019,BBCH14,0.3176,0
UP,6.5,L_WT,2019,BBCH14,0.3854,0.0000069085
IR,6.5,L_WT,2019,BBCH14,0.06944,0.00001325
UP,16.5,L_WT,2019,BBCH14,0.3394,0
IR,16.5,L_WT,2019,BBCH14,0.1258,0
UP,6.5,L_rth3,2019,BBCH14,0.7357,0.0000078169
IR,6.5,L_rth3,2019,BBCH14,0.04421,0.0000026849
UP,16.5,L_rth3,2019,BBCH14,0.1532,0.0000011296
IR,16.5,L_rth3,2019,BBCH14,0.2054,0.00001196
UP,6.5,S_rth3,2019,BBCH14,0.9252,0.00004032
IR,6.5,S_rth3,2019,BBCH14,0,0.0001641
UP,16.5,S_rth3,2019,BBCH14,0.1574,0.00001191
IR,16.5,S_rth3,2019,BBCH14,0.3915,0.00007559
UP,6.5,L_WT,2019,BBCH14,0.5941,0.0000065554
IR,6.5,L_WT,2019,BBCH14,0.1394,0.00002657
UP,16.5,L_WT,2019,BBCH14,0.4484,0.00001384
IR,16.5,L_WT,2019,BBCH14,0.841,0.0000026116
UP,6.5,L_rth3,2019,BBCH14,0.3135,0.0000018479
IR,6.5,L_rth3,2019,BBCH14,0.1244,0.000001878
UP,16.5,L_rth3,2019,BBCH14,0.2889,0.00001339
IR,16.5,L_rth3,2019,BBCH14,0.2078,0.00001711
UP,6.5,S_WT,2019,BBCH14,0.8313,0.0001268
IR,6.5,S_WT,2019,BBCH14,0,0.00002027
UP,16.5,S_WT,2019,BBCH14,0.4667,0.00001136
IR,16.5,S_WT,2019,BBCH14,0,0.0001047
IR,6.5,L_WT,2019,BBCH19,0.2044,0.0000022885
IR,16.5,L_WT,2019,BBCH19,0.5034,0.00001467
IR,26.5,L_WT,2019,BBCH19,0.6536,0.0000056882
IR,36.5,L_WT,2019,BBCH19,0.6253,0.00004783
IR,6.5,S_rth3,2019,BBCH19,0.2783,0.000313
IR,16.5,S_rth3,2019,BBCH19,3.753,0.000109
IR,26.5,S_rth3,2019,BBCH19,1.1905,0.0001189
IR,36.5,S_rth3,2019,BBCH19,0.6868,0.0000051557
IR,6.5,S_WT,2019,BBCH19,0.1796,0.0000035626
IR,16.5,S_WT,2019,BBCH19,2.6317,0.0000207
IR,26.5,S_WT,2019,BBCH19,3.3986,0.000059
IR,36.5,S_WT,2019,BBCH19,1.2673,0.0001566
IR,6.5,L_rth3,2019,BBCH19,0.2617,0.0000051762
IR,16.5,L_rth3,2019,BBCH19,0.6573,0
IR,26.5,L_rth3,2019,BBCH19,1.1477,0
IR,36.5,L_rth3,2019,BBCH19,0.7123,0
IR,6.5,S_rth3,2019,BBCH19,0.6857,0.00001279
IR,16.5,S_rth3,2019,BBCH19,1.3467,0.00005417
IR,26.5,S_rth3,2019,BBCH19,0,0.0000172
IR,36.5,S_rth3,2019,BBCH19,0,0.00001489
IR,6.5,S_WT,2019,BBCH19,2.1245,0
IR,16.5,S_WT,2019,BBCH19,2.2036,0.00001398
IR,26.5,S_WT,2019,BBCH19,0.3822,0
IR,36.5,S_WT,2019,BBCH19,0.04081,0.0001587
IR,6.5,L_rth3,2019,BBCH19,1.9098,0
IR,16.5,L_rth3,2019,BBCH19,0.2101,0.0000080008
IR,26.5,L_rth3,2019,BBCH19,0.04962,0.0000023622
IR,36.5,L_rth3,2019,BBCH19,0.04995,0.00002278
IR,6.5,L_WT,2019,BBCH19,0.6164,0.00001605
IR,16.5,L_WT,2019,BBCH19,1.1727,0.0000027586
IR,26.5,L_WT,2019,BBCH19,0.3957,0.0000017457
IR,36.5,L_WT,2019,BBCH19,0.7292,0.00001805
IR,6.5,S_WT,2019,BBCH19,0.09457,0.00005097
IR,16.5,S_WT,2019,BBCH19,1.3734,0.00002128
IR,26.5,S_WT,2019,BBCH19,0.09356,0
IR,36.5,S_WT,2019,BBCH19,0.04326,0.0000028658
IR,6.5,L_rth3,2019,BBCH19,0.09353,0.0000066608
IR,16.5,L_rth3,2019,BBCH19,0.4888,0.0000050815
IR,26.5,L_rth3,2019,BBCH19,0.2681,0.000004255
IR,36.5,L_rth3,2019,BBCH19,0.7657,0
IR,6.5,L_WT,2019,BBCH19,0.6541,0
IR,16.5,L_WT,2019,BBCH19,0.7058,0.00001851
IR,26.5,L_WT,2019,BBCH19,0.8567,0.0000043636
IR,36.5,L_WT,2019,BBCH19,0.4524,0.00001776
IR,6.5,S_rth3,2019,BBCH19,0.2279,0
IR,16.5,S_rth3,2019,BBCH19,1.6117,0.0000091548
IR,26.5,S_rth3,2019,BBCH19,0.3448,0.00006617
IR,36.5,S_rth3,2019,BBCH19,1.0467,0.000006652
IR,6.5,L_rth3,2019,BBCH19,0.1306,0
IR,16.5,L_rth3,2019,BBCH19,0.8747,0.000004134
IR,26.5,L_rth3,2019,BBCH19,0.8498,0.00001303
IR,36.5,L_rth3,2019,BBCH19,0.6148,0
IR,6.5,S_WT,2019,BBCH19,0,0
IR,16.5,S_WT,2019,BBCH19,0.8576,0.0002054
IR,26.5,S_WT,2019,BBCH19,0.4345,0.00001873
IR,36.5,S_WT,2019,BBCH19,0,0.0003601
IR,6.5,S_rth3,2019,BBCH19,0,0.00002011
IR,16.5,S_rth3,2019,BBCH19,1.5663,0.000116
IR,26.5,S_rth3,2019,BBCH19,1.8744,0.000153
IR,36.5,S_rth3,2019,BBCH19,2.0602,0.00007369
IR,6.5,L_WT,2019,BBCH19,0.799,0.00001102
IR,16.5,L_WT,2019,BBCH19,0.7022,0.0000075475
IR,26.5,L_WT,2019,BBCH19,0.8937,0.0000079425
IR,36.5,L_WT,2019,BBCH19,0.3168,0.0001147
IR,6.5,S_WT,2019,BBCH19,2.7337,0.0002897
IR,16.5,S_WT,2019,BBCH19,2.035,0.00002072
IR,26.5,S_WT,2019,BBCH19,1.9376,0.00002645
IR,36.5,S_WT,2019,BBCH19,0.6661,0.0000572
IR,6.5,S_rth3,2019,BBCH19,1.1561,0
IR,16.5,S_rth3,2019,BBCH19,2.2964,0.00001433
IR,26.5,S_rth3,2019,BBCH19,1.2943,0.00003861
IR,36.5,S_rth3,2019,BBCH19,0.07703,0.00001253
IR,6.5,L_WT,2019,BBCH19,0.07243,0
IR,16.5,L_WT,2019,BBCH19,0.7029,0.0000058606
IR,26.5,L_WT,2019,BBCH19,0.6641,0
IR,36.5,L_WT,2019,BBCH19,0.6507,0
IR,6.5,L_rth3,2019,BBCH19,0.3445,0.0000047042
IR,16.5,L_rth3,2019,BBCH19,0.8575,0
IR,26.5,L_rth3,2019,BBCH19,0.8789,0.0000025546
IR,36.5,L_rth3,2019,BBCH19,0.489,0
IR,6.5,S_rth3,2019,BBCH19,0,0.00002703
IR,16.5,S_rth3,2019,BBCH19,2.4431,0.00001443
IR,26.5,S_rth3,2019,BBCH19,1.2569,0.0003982
IR,36.5,S_rth3,2019,BBCH19,0.1671,0.00006824
IR,6.5,L_WT,2019,BBCH19,0.3144,0.0000020844
IR,16.5,L_WT,2019,BBCH19,0.6036,0.0000028139
IR,26.5,L_WT,2019,BBCH19,1.1464,0.0000023687
IR,36.5,L_WT,2019,BBCH19,0.422,0.0000060614
IR,6.5,L_rth3,2019,BBCH19,0,0
IR,16.5,L_rth3,2019,BBCH19,0.5218,0.00002631
IR,26.5,L_rth3,2019,BBCH19,1.109,0.00002113
IR,36.5,L_rth3,2019,BBCH19,0.6212,0.00001311
IR,6.5,S_WT,2019,BBCH19,0.4895,0.0004547
IR,16.5,S_WT,2019,BBCH19,1.0187,0.00003089
IR,26.5,S_WT,2019,BBCH19,0.2812,0.0000044835
IR,36.5,S_WT,2019,BBCH19,0,0.000146
IR,6.5,L_WT,2019,BBCH59,0.2424,0.0000020816
IR,16.5,L_WT,2019,BBCH59,0.5189,0.00002078
IR,26.5,L_WT,2019,BBCH59,0.9784,0.00002302
IR,36.5,L_WT,2019,BBCH59,0.5374,0.0000040962
IR,6.5,S_rth3,2019,BBCH59,0.143,0.00006123
IR,16.5,S_rth3,2019,BBCH59,1.2421,0.00008196
IR,26.5,S_rth3,2019,BBCH59,1.0809,0.0002263
IR,36.5,S_rth3,2019,BBCH59,0.8287,0.0007736
IR,6.5,S_WT,2019,BBCH59,0.2073,0.00005657
IR,16.5,S_WT,2019,BBCH59,1.945,0.00009366
IR,26.5,S_WT,2019,BBCH59,2.5187,0.0002755
IR,36.5,S_WT,2019,BBCH59,1.3261,0.00008781
IR,6.5,L_rth3,2019,BBCH59,0.8541,0.0000046119
IR,16.5,L_rth3,2019,BBCH59,1.4195,0.0000092595
IR,26.5,L_rth3,2019,BBCH59,0.3409,0.00001015
IR,36.5,L_rth3,2019,BBCH59,0.8269,0.00001473
IR,6.5,S_rth3,2019,BBCH59,0.1864,0.00007714
IR,16.5,S_rth3,2019,BBCH59,1.9203,0.0000124
IR,26.5,S_rth3,2019,BBCH59,3.9439,0.0001502
IR,36.5,S_rth3,2019,BBCH59,1.0636,0.0001534
IR,6.5,S_WT,2019,BBCH59,0.05922,0.0003633
IR,16.5,S_WT,2019,BBCH59,2.1163,0.0000325
IR,26.5,S_WT,2019,BBCH59,1.4143,0.0002061
IR,36.5,S_WT,2019,BBCH59,1.6447,0.0004827
IR,6.5,L_rth3,2019,BBCH59,0.5947,0.00004101
IR,16.5,L_rth3,2019,BBCH59,0.5183,0.0001436
IR,26.5,L_rth3,2019,BBCH59,0.7833,0.00001641
IR,36.5,L_rth3,2019,BBCH59,0.1307,0.00001217
IR,6.5,L_WT,2019,BBCH59,0.2211,0
IR,16.5,L_WT,2019,BBCH59,0.8499,0.0000057796
IR,26.5,L_WT,2019,BBCH59,0.6861,0.00002271
IR,36.5,L_WT,2019,BBCH59,0.4512,0.0000044884
IR,6.5,S_WT,2019,BBCH59,0.06832,0.0000033811
IR,16.5,S_WT,2019,BBCH59,1.5431,0.0000091016
IR,26.5,S_WT,2019,BBCH59,1.076,0.0002175
IR,36.5,S_WT,2019,BBCH59,1.2019,0.0001089
IR,6.5,L_rth3,2019,BBCH59,0.06828,0
IR,16.5,L_rth3,2019,BBCH59,1.0812,0.00001091
IR,26.5,L_rth3,2019,BBCH59,0.3995,0.0000082649
IR,36.5,L_rth3,2019,BBCH59,1.0271,0.00001135
IR,6.5,L_WT,2019,BBCH59,0.01874,0
IR,16.5,L_WT,2019,BBCH59,0.3493,0.0000018285
IR,26.5,L_WT,2019,BBCH59,0.3353,0
IR,36.5,L_WT,2019,BBCH59,0.174,0.00001461
IR,6.5,S_rth3,2019,BBCH59,0.1861,0
IR,16.5,S_rth3,2019,BBCH59,2.5001,0.0000198
IR,26.5,S_rth3,2019,BBCH59,1.4085,0.0000052376
IR,36.5,S_rth3,2019,BBCH59,1.8123,0.00003537
IR,6.5,L_rth3,2019,BBCH59,0.03998,0.0000061478
IR,16.5,L_rth3,2019,BBCH59,0.3361,0.00002501
IR,26.5,L_rth3,2019,BBCH59,0.4027,0.000008603
IR,36.5,L_rth3,2019,BBCH59,0.7069,0
IR,6.5,S_WT,2019,BBCH59,0.2806,0.0000074872
IR,16.5,S_WT,2019,BBCH59,1.7453,0.0000022556
IR,26.5,S_WT,2019,BBCH59,0.7956,0.0000062452
IR,36.5,S_WT,2019,BBCH59,0.7481,0.0000010603
IR,6.5,S_rth3,2019,BBCH59,1.4742,0.0002468
IR,16.5,S_rth3,2019,BBCH59,0.7413,0.00001544
IR,26.5,S_rth3,2019,BBCH59,1.6307,0.00006418
IR,36.5,S_rth3,2019,BBCH59,1.1919,0.00008457
IR,6.5,L_WT,2019,BBCH59,0.02612,0.0000028107
IR,16.5,L_WT,2019,BBCH59,0.9004,0.0000031883
IR,26.5,L_WT,2019,BBCH59,0.3581,0.0000081817
IR,36.5,L_WT,2019,BBCH59,0.3942,0.000004633
IR,6.5,S_WT,2019,BBCH59,0.6948,0.0000090018
IR,16.5,S_WT,2019,BBCH59,2.8974,0.00001026
IR,26.5,S_WT,2019,BBCH59,1.6492,0.00004802
IR,36.5,S_WT,2019,BBCH59,0.6676,0.00003928
IR,6.5,S_rth3,2019,BBCH59,0.3623,0.00005728
IR,16.5,S_rth3,2019,BBCH59,1.9917,0.0002905
IR,26.5,S_rth3,2019,BBCH59,2.7211,0.00003876
IR,36.5,S_rth3,2019,BBCH59,0.5794,0.0002867
IR,6.5,L_WT,2019,BBCH59,0.1289,0.00003003
IR,16.5,L_WT,2019,BBCH59,0.4747,0
IR,26.5,L_WT,2019,BBCH59,0.4436,0.00004628
IR,36.5,L_WT,2019,BBCH59,0.3559,0.000009409
IR,6.5,L_rth3,2019,BBCH59,0.03705,0.00001013
IR,16.5,L_rth3,2019,BBCH59,1.3426,0.00002155
IR,26.5,L_rth3,2019,BBCH59,0.2972,0.00001035
IR,36.5,L_rth3,2019,BBCH59,0.7077,0.00001472
IR,6.5,S_rth3,2019,BBCH59,0.5966,0.00005273
IR,16.5,S_rth3,2019,BBCH59,2.6755,0.0000931
IR,26.5,S_rth3,2019,BBCH59,1.8971,0.0002355
IR,36.5,S_rth3,2019,BBCH59,0.9478,0.00001415
IR,6.5,L_WT,2019,BBCH59,0.07537,0
IR,16.5,L_WT,2019,BBCH59,0.3838,0
IR,26.5,L_WT,2019,BBCH59,0.3829,0.0000078008
IR,36.5,L_WT,2019,BBCH59,1.1683,0.00003022
IR,6.5,L_rth3,2019,BBCH59,0.5835,0.0000066639
IR,16.5,L_rth3,2019,BBCH59,0.7011,0.0000012218
IR,26.5,L_rth3,2019,BBCH59,0.5765,0.0000039042
IR,36.5,L_rth3,2019,BBCH59,0.8063,0.0000065459
IR,6.5,S_WT,2019,BBCH59,0.4004,0.00004629
IR,16.5,S_WT,2019,BBCH59,1.1351,0.0002562
IR,26.5,S_WT,2019,BBCH59,1.5305,0.000004121
IR,36.5,S_WT,2019,BBCH59,0.4756,0.00001686
IR,6.5,L_WT,2019,BBCH83,0.1788,0.00006353
IR,16.5,L_WT,2019,BBCH83,0.1628,0.00003299
IR,26.5,L_WT,2019,BBCH83,0.06121,0.0000179
IR,36.5,L_WT,2019,BBCH83,0,0.0002411
IR,6.5,S_rth3,2019,BBCH83,2.1005,0.00003452
IR,16.5,S_rth3,2019,BBCH83,3.3391,0.00006412
IR,26.5,S_rth3,2019,BBCH83,0.9502,0.00001799
IR,36.5,S_rth3,2019,BBCH83,0.172,0.0001937
IR,6.5,S_WT,2019,BBCH83,2.3622,0.00004659
IR,16.5,S_WT,2019,BBCH83,2.5577,0.000083
IR,26.5,S_WT,2019,BBCH83,4.5623,0.00008741
IR,36.5,S_WT,2019,BBCH83,1.4595,0.00004038
IR,6.5,L_rth3,2019,BBCH83,0.07396,0.00002197
IR,16.5,L_rth3,2019,BBCH83,0.2951,0.0000091377
IR,26.5,L_rth3,2019,BBCH83,0.1737,0.000008693
IR,36.5,L_rth3,2019,BBCH83,0.5733,0.0000088466
IR,6.5,S_rth3,2019,BBCH83,1.0335,0.0001436
IR,16.5,S_rth3,2019,BBCH83,4.4259,0.00019
IR,26.5,S_rth3,2019,BBCH83,3.982,0.00005259
IR,36.5,S_rth3,2019,BBCH83,0.5782,0.00001096
IR,6.5,S_WT,2019,BBCH83,0.1243,0.0000066084
IR,16.5,S_WT,2019,BBCH83,1.6822,0.00008905
IR,26.5,S_WT,2019,BBCH83,1.2578,0.0000071365
IR,36.5,S_WT,2019,BBCH83,1.2032,0.00001695
IR,6.5,L_rth3,2019,BBCH83,0.03577,0.00001159
IR,16.5,L_rth3,2019,BBCH83,0.04612,0.00001733
IR,26.5,L_rth3,2019,BBCH83,0.3241,0.00002594
IR,36.5,L_rth3,2019,BBCH83,0.2829,0.00003872
IR,6.5,L_WT,2019,BBCH83,0.1847,0.00001315
IR,16.5,L_WT,2019,BBCH83,0,0
IR,26.5,L_WT,2019,BBCH83,0.2354,0.0000061139
IR,36.5,L_WT,2019,BBCH83,0.4519,0.0001061
IR,6.5,S_WT,2019,BBCH83,0.3235,0.0000079926
IR,16.5,S_WT,2019,BBCH83,3.5114,0.00007411
IR,26.5,S_WT,2019,BBCH83,1.4036,0.0001908
IR,36.5,S_WT,2019,BBCH83,1.6491,0.000197
IR,6.5,L_rth3,2019,BBCH83,0.08164,0.0000043802
IR,16.5,L_rth3,2019,BBCH83,0.3576,0.0000016024
IR,26.5,L_rth3,2019,BBCH83,0.3181,0.0000016337
IR,36.5,L_rth3,2019,BBCH83,0.5089,0.00009446
IR,6.5,L_WT,2019,BBCH83,0.266,0.0000030909
IR,16.5,L_WT,2019,BBCH83,0.2961,0.0000081803
IR,26.5,L_WT,2019,BBCH83,0.2041,0.00002289
IR,36.5,L_WT,2019,BBCH83,0.2221,0.00001272
IR,6.5,S_rth3,2019,BBCH83,1.4593,0.00003291
IR,16.5,S_rth3,2019,BBCH83,1.0054,0.00003652
IR,26.5,S_rth3,2019,BBCH83,0.5354,0.00002623
IR,36.5,S_rth3,2019,BBCH83,0.5949,0.00003695
IR,6.5,L_rth3,2019,BBCH83,0,0
IR,16.5,L_rth3,2019,BBCH83,0.1097,0.00000307
IR,26.5,L_rth3,2019,BBCH83,0,0
IR,36.5,L_rth3,2019,BBCH83,0.3524,0.00001649
IR,6.5,S_WT,2019,BBCH83,0.1255,0.00001629
IR,16.5,S_WT,2019,BBCH83,1.6353,0.0000016889
IR,26.5,S_WT,2019,BBCH83,0.7355,0.00001489
IR,36.5,S_WT,2019,BBCH83,1.0291,0.00007726
IR,6.5,S_rth3,2019,BBCH83,4.5291,0.0001299
IR,16.5,S_rth3,2019,BBCH83,2.6107,0.0000238
IR,26.5,S_rth3,2019,BBCH83,2.2499,0.00007739
IR,36.5,S_rth3,2019,BBCH83,1.3428,0.0002052
IR,6.5,L_WT,2019,BBCH83,0.03358,0
IR,16.5,L_WT,2019,BBCH83,0,0
IR,26.5,L_WT,2019,BBCH83,0.1948,0.00001592
IR,36.5,L_WT,2019,BBCH83,0.2696,0.00001386
IR,6.5,S_WT,2019,BBCH83,0.178,0.00003964
IR,16.5,S_WT,2019,BBCH83,0.9714,0.00004759
IR,26.5,S_WT,2019,BBCH83,0.8971,0.0001847
IR,36.5,S_WT,2019,BBCH83,1.3103,0.0002536
IR,6.5,S_rth3,2019,BBCH83,0.2205,0.00009209
IR,16.5,S_rth3,2019,BBCH83,1.3874,0.00005187
IR,26.5,S_rth3,2019,BBCH83,0.7211,0.0000415
IR,36.5,S_rth3,2019,BBCH83,1.1485,0.00003814
IR,6.5,L_WT,2019,BBCH83,0.3392,0
IR,16.5,L_WT,2019,BBCH83,0,0.0000043411
IR,26.5,L_WT,2019,BBCH83,0,0.0000021336
IR,36.5,L_WT,2019,BBCH83,0.297,0.0000165
IR,6.5,L_rth3,2019,BBCH83,0.07384,0.0000026764
IR,16.5,L_rth3,2019,BBCH83,0.2203,0.0000046102
IR,26.5,L_rth3,2019,BBCH83,0.5679,0.0000089049
IR,36.5,L_rth3,2019,BBCH83,0.4506,0.0000073409
IR,6.5,S_rth3,2019,BBCH83,0.9133,0.0001842
IR,16.5,S_rth3,2019,BBCH83,1.7815,0.0001512
IR,26.5,S_rth3,2019,BBCH83,0.3946,0.00001537
IR,36.5,S_rth3,2019,BBCH83,0.3807,0.00002637
IR,6.5,L_WT,2019,BBCH83,0.1128,0.0000053207
IR,16.5,L_WT,2019,BBCH83,0.1377,0
IR,26.5,L_WT,2019,BBCH83,0.08495,0.00001361
IR,36.5,L_WT,2019,BBCH83,0.2569,0.0000060242
IR,6.5,L_rth3,2019,BBCH83,0.478,0.0000078578
IR,16.5,L_rth3,2019,BBCH83,0.2238,0.00001904
IR,26.5,L_rth3,2019,BBCH83,0.07952,0.0000029148
IR,36.5,L_rth3,2019,BBCH83,0.6609,0.00002711
IR,6.5,S_WT,2019,BBCH83,0.1024,0.0000048573
IR,16.5,S_WT,2019,BBCH83,1.5472,0.00007473
IR,26.5,S_WT,2019,BBCH83,0.9239,0.00003337
IR,36.5,S_WT,2019,BBCH83,0.4825,0.00004745
IR,6.5,L_WT,2020,BBCH19,1.8125,0
IR,16.5,L_WT,2020,BBCH19,0.8196,0.0000024111
IR,26.5,L_WT,2020,BBCH19,0.7524,0
IR,36.5,L_WT,2020,BBCH19,0.734,0.00001419
IR,6.5,S_rth3,2020,BBCH19,3.5462,0.0009408
IR,16.5,S_rth3,2020,BBCH19,0.8441,0.0002216
IR,26.5,S_rth3,2020,BBCH19,0.5548,0.0001493
IR,36.5,S_rth3,2020,BBCH19,0.1897,0.00004561
IR,6.5,S_WT,2020,BBCH19,0.7034,0.0001258
IR,16.5,S_WT,2020,BBCH19,2.4713,0.0002061
IR,26.5,S_WT,2020,BBCH19,2.1184,0.0001177
IR,36.5,S_WT,2020,BBCH19,1.1377,0.0001035
IR,6.5,L_rth3,2020,BBCH19,0.7593,0.00004164
IR,16.5,L_rth3,2020,BBCH19,0.3089,0.0000236
IR,26.5,L_rth3,2020,BBCH19,0.3651,0.00000218
IR,36.5,L_rth3,2020,BBCH19,0.2545,0.0000045602
IR,6.5,S_rth3,2020,BBCH19,1.9174,0.0003662
IR,16.5,S_rth3,2020,BBCH19,2.9703,0.000593
IR,26.5,S_rth3,2020,BBCH19,1.675,0.0001391
IR,36.5,S_rth3,2020,BBCH19,0.9209,0.0002206
IR,6.5,S_WT,2020,BBCH19,1.3246,0.0002747
IR,16.5,S_WT,2020,BBCH19,0.5599,0.0006131
IR,26.5,S_WT,2020,BBCH19,1.1458,0.0001082
IR,36.5,S_WT,2020,BBCH19,1.431,0.0001052
IR,6.5,L_rth3,2020,BBCH19,0.5683,0.0001072
IR,16.5,L_rth3,2020,BBCH19,0.5658,0.0001518
IR,26.5,L_rth3,2020,BBCH19,0.2064,0.00003831
IR,36.5,L_rth3,2020,BBCH19,0.5423,0.0000318
IR,6.5,L_WT,2020,BBCH19,1.612,0
IR,16.5,L_WT,2020,BBCH19,0.7379,0
IR,26.5,L_WT,2020,BBCH19,1.0068,0.0000038107
IR,36.5,L_WT,2020,BBCH19,1.4891,0.0000081445
IR,6.5,S_WT,2020,BBCH19,0.8061,0.000322
IR,16.5,S_WT,2020,BBCH19,1.1541,0.0004371
IR,26.5,S_WT,2020,BBCH19,1.9529,0.0002588
IR,36.5,S_WT,2020,BBCH19,1.1906,0.0006131
IR,6.5,L_rth3,2020,BBCH19,1.1205,0.00003551
IR,16.5,L_rth3,2020,BBCH19,0.5686,0.00002904
IR,26.5,L_rth3,2020,BBCH19,0.8673,0.00005849
IR,36.5,L_rth3,2020,BBCH19,0.8307,0
IR,6.5,L_WT,2020,BBCH19,0.4803,0.00001466
IR,16.5,L_WT,2020,BBCH19,0.723,0.00001574
IR,26.5,L_WT,2020,BBCH19,1.0482,0.0000042992
IR,36.5,L_WT,2020,BBCH19,0.9749,0.0000073679
IR,6.5,S_rth3,2020,BBCH19,2.0529,0.0009148
IR,16.5,S_rth3,2020,BBCH19,0.1744,0.00006336
IR,26.5,S_rth3,2020,BBCH19,0.4618,0.00001986
IR,36.5,S_rth3,2020,BBCH19,0.2332,0.000003163
IR,6.5,L_rth3,2020,BBCH19,1.3736,0.00003975
IR,16.5,L_rth3,2020,BBCH19,1.0111,0.00002528
IR,26.5,L_rth3,2020,BBCH19,1.1153,0.0000086963
IR,36.5,L_rth3,2020,BBCH19,0.2691,0.000006429
IR,6.5,S_WT,2020,BBCH19,0.8188,0.0001914
IR,16.5,S_WT,2020,BBCH19,1.1162,0.00001306
IR,26.5,S_WT,2020,BBCH19,0.859,0.00003391
IR,36.5,S_WT,2020,BBCH19,0.5138,0.00001129
IR,6.5,S_rth3,2020,BBCH19,1.2522,0.0005016
IR,16.5,S_rth3,2020,BBCH19,0.3813,0.0002692
IR,26.5,S_rth3,2020,BBCH19,0.6144,0.0001993
IR,36.5,S_rth3,2020,BBCH19,0.654,0.0002442
IR,6.5,L_WT,2020,BBCH19,1.8106,0.0000040565
IR,16.5,L_WT,2020,BBCH19,0.8864,0.00001442
IR,26.5,L_WT,2020,BBCH19,2.4615,0.00001689
IR,36.5,L_WT,2020,BBCH19,0.4055,0.0000088955
IR,6.5,S_WT,2020,BBCH19,0.9465,0.0004095
IR,16.5,S_WT,2020,BBCH19,0.2029,0.0003927
IR,26.5,S_WT,2020,BBCH19,0.4111,0.0002442
IR,36.5,S_WT,2020,BBCH19,0.214,0.0003792
IR,6.5,S_rth3,2020,BBCH19,2.0605,0.001008
IR,16.5,S_rth3,2020,BBCH19,1.0845,0.00004726
IR,26.5,S_rth3,2020,BBCH19,0.6685,0.00001409
IR,36.5,S_rth3,2020,BBCH19,0.2488,0.00004596
IR,6.5,L_WT,2020,BBCH19,0,0.00001287
IR,16.5,L_WT,2020,BBCH19,0.7551,0.0000043484
IR,26.5,L_WT,2020,BBCH19,0.7476,0.00003809
IR,36.5,L_WT,2020,BBCH19,0.9113,0.00002111
IR,6.5,L_rth3,2020,BBCH19,0.4424,0.00001552
IR,16.5,L_rth3,2020,BBCH19,0.5715,0.0000064319
IR,26.5,L_rth3,2020,BBCH19,0.4456,0
IR,36.5,L_rth3,2020,BBCH19,0.2252,0.000005754
IR,6.5,L_WT,2020,BBCH19,1.1812,0.00001052
IR,16.5,L_WT,2020,BBCH19,0.9997,0.0000023619
IR,26.5,L_WT,2020,BBCH19,0.864,0.0000015138
IR,36.5,L_WT,2020,BBCH19,0.633,0.000001962
IR,6.5,L_rth3,2020,BBCH19,0.5849,0.00009231
IR,16.5,L_rth3,2020,BBCH19,1.2515,0.00002732
IR,26.5,L_rth3,2020,BBCH19,0.7463,0.0000017008
IR,36.5,L_rth3,2020,BBCH19,0.9681,0
IR,6.5,S_WT,2020,BBCH19,3.2277,0.0000882
IR,16.5,S_WT,2020,BBCH19,0.1908,0.0000055219
IR,26.5,S_WT,2020,BBCH19,0.2376,0.00009536
IR,36.5,S_WT,2020,BBCH19,0.1745,0.0000129
IR,6.5,L_WT,2021,BBCH19,0.08654,0.00004947
IR,16.5,L_WT,2021,BBCH19,1.0798,0.00007118
IR,26.5,L_WT,2021,BBCH19,0.3861,0.00002567
IR,36.5,L_WT,2021,BBCH19,0.4758,0.00001165
IR,6.5,S_rth3,2021,BBCH19,1.3368,0.0006982
IR,16.5,S_rth3,2021,BBCH19,2.551,0.0004401
IR,26.5,S_rth3,2021,BBCH19,1.0144,0.0001584
IR,36.5,S_rth3,2021,BBCH19,0.451,0.00003431
IR,6.5,S_WT,2021,BBCH19,1.3228,0.0001913
IR,16.5,S_WT,2021,BBCH19,2.1936,0.0004646
IR,26.5,S_WT,2021,BBCH19,1.4999,0.0003075
IR,36.5,S_WT,2021,BBCH19,0.1856,0.0001755
IR,6.5,L_rth3,2021,BBCH19,0.6504,0.000188
IR,16.5,L_rth3,2021,BBCH19,0.8296,0.00006229
IR,26.5,L_rth3,2021,BBCH19,0.5433,0.00002176
IR,36.5,L_rth3,2021,BBCH19,0.7088,0.00005716
IR,6.5,S_rth3,2021,BBCH19,2.861,0.0009643
IR,16.5,S_rth3,2021,BBCH19,4.764,0.001117
IR,26.5,S_rth3,2021,BBCH19,2.5551,0.0004378
IR,36.5,S_rth3,2021,BBCH19,0,0.0002939
IR,6.5,S_WT,2021,BBCH19,2.2271,0.0002148
IR,16.5,S_WT,2021,BBCH19,1.1807,0.00006369
IR,26.5,S_WT,2021,BBCH19,2.4757,0.00005536
IR,36.5,S_WT,2021,BBCH19,1.2823,0.00002942
IR,6.5,L_rth3,2021,BBCH19,0.1199,0.0000922
IR,16.5,L_rth3,2021,BBCH19,0.07568,0.00001299
IR,26.5,L_rth3,2021,BBCH19,0.01513,0.0000040643
IR,36.5,L_rth3,2021,BBCH19,0.1336,0.00009819
IR,6.5,L_WT,2021,BBCH19,1.7497,0.00004274
IR,16.5,L_WT,2021,BBCH19,0.8397,0.0000026446
IR,26.5,L_WT,2021,BBCH19,0.5379,0.0000060761
IR,36.5,L_WT,2021,BBCH19,0.8263,0.00003174
IR,6.5,S_WT,2021,BBCH19,0.2365,0.0006372
IR,16.5,S_WT,2021,BBCH19,1.2366,0.0004049
IR,26.5,S_WT,2021,BBCH19,2.3479,0.0002404
IR,36.5,S_WT,2021,BBCH19,1.9702,0.0002967
IR,6.5,L_rth3,2021,BBCH19,1.0143,0.0001383
IR,16.5,L_rth3,2021,BBCH19,1.3162,0.0001495
IR,26.5,L_rth3,2021,BBCH19,0.2929,0.00002004
IR,36.5,L_rth3,2021,BBCH19,0.1974,0.0000077954
IR,6.5,L_WT,2021,BBCH19,0.8829,0.00007064
IR,16.5,L_WT,2021,BBCH19,0.8,0.00003899
IR,26.5,L_WT,2021,BBCH19,0.4628,0.00005491
IR,36.5,L_WT,2021,BBCH19,0.3947,0.00006125
IR,6.5,S_rth3,2021,BBCH19,1.3805,0.0004168
IR,16.5,S_rth3,2021,BBCH19,1.3368,0.0001533
IR,26.5,S_rth3,2021,BBCH19,0.2232,0.00001133
IR,36.5,S_rth3,2021,BBCH19,0.4243,0.0000037368
IR,6.5,L_rth3,2021,BBCH19,0,0.0001265
IR,16.5,L_rth3,2021,BBCH19,1.0287,0.00001848
IR,26.5,L_rth3,2021,BBCH19,0.3499,0.00001205
IR,36.5,L_rth3,2021,BBCH19,0.4004,0.00001025
IR,6.5,S_WT,2021,BBCH19,0.211,0.0001034
IR,16.5,S_WT,2021,BBCH19,0.8213,0.0001476
IR,26.5,S_WT,2021,BBCH19,0.5312,0.0001783
IR,36.5,S_WT,2021,BBCH19,1.0448,0.0000272
IR,6.5,S_rth3,2021,BBCH19,0.5413,0.0008689
IR,16.5,S_rth3,2021,BBCH19,1.249,0.00007413
IR,26.5,S_rth3,2021,BBCH19,1.4903,0.0001562
IR,36.5,S_rth3,2021,BBCH19,0.9391,0.00006005
IR,6.5,L_WT,2021,BBCH19,0.9732,0.00003682
IR,16.5,L_WT,2021,BBCH19,0.8485,0.00001128
IR,26.5,L_WT,2021,BBCH19,0.8933,0.00003652
IR,36.5,L_WT,2021,BBCH19,0.6347,0.0000162
IR,6.5,S_WT,2021,BBCH19,1.787,0.00145
IR,16.5,S_WT,2021,BBCH19,2.7014,0.0001391
IR,26.5,S_WT,2021,BBCH19,0.3582,0.0003398
IR,36.5,S_WT,2021,BBCH19,0.5088,0.00007799
IR,6.5,S_rth3,2021,BBCH19,3.2785,0.0003647
IR,16.5,S_rth3,2021,BBCH19,1.8999,0.00006713
IR,26.5,S_rth3,2021,BBCH19,0.9652,0.00006817
IR,36.5,S_rth3,2021,BBCH19,0.3904,0.00007934
IR,6.5,L_WT,2021,BBCH19,0.4898,0.00001686
IR,16.5,L_WT,2021,BBCH19,0.729,0.00002732
IR,26.5,L_WT,2021,BBCH19,0.4608,0
IR,36.5,L_WT,2021,BBCH19,0.5444,0.00001281
IR,6.5,L_rth3,2021,BBCH19,1.1977,0.00001501
IR,16.5,L_rth3,2021,BBCH19,0.7341,0.00002011
IR,26.5,L_rth3,2021,BBCH19,0.4198,0.0000091625
IR,36.5,L_rth3,2021,BBCH19,0.3056,0.00008546
IR,6.5,S_rth3,2021,BBCH19,2.874,0.000668
IR,16.5,S_rth3,2021,BBCH19,4.6467,0.0001894
IR,26.5,S_rth3,2021,BBCH19,1.3058,0.0001577
IR,36.5,S_rth3,2021,BBCH19,0.8701,0.0001506
IR,6.5,L_WT,2021,BBCH19,0.6644,0.00003243
IR,16.5,L_WT,2021,BBCH19,0.6663,0.00001282
IR,26.5,L_WT,2021,BBCH19,0.4861,0.00002461
IR,36.5,L_WT,2021,BBCH19,1.3086,0.0000064108
IR,6.5,L_rth3,2021,BBCH19,0.5143,0.0001751
IR,16.5,L_rth3,2021,BBCH19,0.2996,0.0002584
IR,26.5,L_rth3,2021,BBCH19,0.2991,0.00008326
IR,36.5,L_rth3,2021,BBCH19,0.4119,0.00007719
IR,6.5,S_WT,2021,BBCH19,1.1751,0.000194
IR,16.5,S_WT,2021,BBCH19,1.6278,0.00008995
IR,26.5,S_WT,2021,BBCH19,0.3544,0.0001035
IR,36.5,S_WT,2021,BBCH19,0,0.0001244
IR,6.5,L_WT,2022,BBCH19,0.9302,0.0003619
IR,16.5,L_WT,2022,BBCH19,0.6493,0.0001419
IR,26.5,L_WT,2022,BBCH19,0.7771,0.00004438
IR,36.5,L_WT,2022,BBCH19,0.8955,0.0001179
IR,6.5,S_rth3,2022,BBCH19,1.6349,0.0005066
IR,16.5,S_rth3,2022,BBCH19,3.095,0.001045
IR,26.5,S_rth3,2022,BBCH19,2.1031,0.0002377
IR,36.5,S_rth3,2022,BBCH19,1.2735,0.0001336
IR,6.5,S_WT,2022,BBCH19,1.7355,0.0008934
IR,16.5,S_WT,2022,BBCH19,1.5403,0.0004785
IR,26.5,S_WT,2022,BBCH19,2.0231,0.0004251
IR,36.5,S_WT,2022,BBCH19,1.288,0.0001902
IR,6.5,L_rth3,2022,BBCH19,0.2712,0.000183
IR,16.5,L_rth3,2022,BBCH19,1.0219,0.0004637
IR,26.5,L_rth3,2022,BBCH19,0.499,0.0001485
IR,36.5,L_rth3,2022,BBCH19,1.0383,0.0000010485
IR,6.5,S_rth3,2022,BBCH19,1.6924,0.001291
IR,16.5,S_rth3,2022,BBCH19,1.5165,0.0005543
IR,26.5,S_rth3,2022,BBCH19,1.2918,0.0004036
IR,36.5,S_rth3,2022,BBCH19,0.8572,0.0001304
IR,6.5,S_WT,2022,BBCH19,0.9315,0.001425
IR,16.5,S_WT,2022,BBCH19,2.5961,0.0002983
IR,26.5,S_WT,2022,BBCH19,1.8826,0.0005559
IR,36.5,S_WT,2022,BBCH19,1.1669,0.0001328
IR,6.5,L_rth3,2022,BBCH19,1.7191,0.00005413
IR,16.5,L_rth3,2022,BBCH19,1.2447,0.00004372
IR,26.5,L_rth3,2022,BBCH19,0.5272,0.00003874
IR,36.5,L_rth3,2022,BBCH19,1.0833,0.00006294
IR,6.5,L_WT,2022,BBCH19,0.258,0.00003959
IR,16.5,L_WT,2022,BBCH19,1.285,0.00005957
IR,26.5,L_WT,2022,BBCH19,0.2492,0.0000015337
IR,36.5,L_WT,2022,BBCH19,0.5581,0.00002509
IR,6.5,S_WT,2022,BBCH19,1.669,0.0009725
IR,16.5,S_WT,2022,BBCH19,1.5592,0.0002782
IR,26.5,S_WT,2022,BBCH19,0.5924,0.0002365
IR,36.5,S_WT,2022,BBCH19,1.9593,0.00037
IR,6.5,L_rth3,2022,BBCH19,0,0.00004048
IR,16.5,L_rth3,2022,BBCH19,0.3607,0.00009056
IR,26.5,L_rth3,2022,BBCH19,0.5082,0.0001502
IR,36.5,L_rth3,2022,BBCH19,0.7479,0.00001201
IR,6.5,L_WT,2022,BBCH19,1.1453,0.00006778
IR,16.5,L_WT,2022,BBCH19,0.07934,0.0000367
IR,26.5,L_WT,2022,BBCH19,0.08526,0.0001386
IR,36.5,L_WT,2022,BBCH19,0.264,0.0001195
IR,6.5,S_rth3,2022,BBCH19,1.5449,0.001111
IR,16.5,S_rth3,2022,BBCH19,1.1338,0.001028
IR,26.5,S_rth3,2022,BBCH19,0.3483,0.0002854
IR,36.5,S_rth3,2022,BBCH19,0.9136,0.0003685
IR,6.5,L_rth3,2022,BBCH19,1.3133,0.0001925
IR,16.5,L_rth3,2022,BBCH19,0.4043,0.0001127
IR,26.5,L_rth3,2022,BBCH19,0.2345,0.00005043
IR,36.5,L_rth3,2022,BBCH19,0.4148,0.0001136
IR,6.5,S_WT,2022,BBCH19,1.9707,0.00103
IR,16.5,S_WT,2022,BBCH19,2.8043,0.001079
IR,26.5,S_WT,2022,BBCH19,0.3783,0.0007875
IR,36.5,S_WT,2022,BBCH19,1.8131,0.0003858
IR,6.5,S_rth3,2022,BBCH19,1.2818,0.0008811
IR,16.5,S_rth3,2022,BBCH19,1.7964,0.0004274
IR,26.5,S_rth3,2022,BBCH19,0.6944,0.0003545
IR,36.5,S_rth3,2022,BBCH19,2.5977,0.0001758
IR,6.5,L_WT,2022,BBCH19,0.6536,0.00004617
IR,16.5,L_WT,2022,BBCH19,0.6008,0.00008315
IR,26.5,L_WT,2022,BBCH19,0.6265,0.00004612
IR,36.5,L_WT,2022,BBCH19,0.1887,0.00003658
IR,6.5,S_WT,2022,BBCH19,1.4805,0.001364
IR,16.5,S_WT,2022,BBCH19,1.4975,0.0004903
IR,26.5,S_WT,2022,BBCH19,1.1796,0.0005345
IR,36.5,S_WT,2022,BBCH19,2.3312,0.0002874
IR,6.5,S_rth3,2022,BBCH19,0.1515,0.001856
IR,16.5,S_rth3,2022,BBCH19,2.3534,0.0008416
IR,26.5,S_rth3,2022,BBCH19,1.6529,0.00073
IR,36.5,S_rth3,2022,BBCH19,0.9052,0.0005101
IR,6.5,L_WT,2022,BBCH19,1.8919,0.00003551
IR,16.5,L_WT,2022,BBCH19,0.4045,0.0000025844
IR,26.5,L_WT,2022,BBCH19,1.4728,0.0000029985
IR,36.5,L_WT,2022,BBCH19,0.8454,0.0000115
IR,6.5,L_rth3,2022,BBCH19,2.0653,0.0001119
IR,16.5,L_rth3,2022,BBCH19,0.3456,0.00004101
IR,26.5,L_rth3,2022,BBCH19,0.5611,0.00005957
IR,36.5,L_rth3,2022,BBCH19,0.3424,0.00002787
IR,6.5,S_rth3,2022,BBCH19,1.9624,0.0009343
IR,16.5,S_rth3,2022,BBCH19,0.9725,0.001076
IR,26.5,S_rth3,2022,BBCH19,0.7246,0.0008935
IR,36.5,S_rth3,2022,BBCH19,1.9829,0.0002425
IR,6.5,L_WT,2022,BBCH19,1.4551,0.0002172
IR,16.5,L_WT,2022,BBCH19,0.3175,0.00005004
IR,26.5,L_WT,2022,BBCH19,0.5446,0.00003669
IR,36.5,L_WT,2022,BBCH19,0.586,0.00003299
IR,6.5,L_rth3,2022,BBCH19,0.3354,0.00007048
IR,16.5,L_rth3,2022,BBCH19,0.4984,0.0001162
IR,26.5,L_rth3,2022,BBCH19,0.7285,0.0000883
IR,36.5,L_rth3,2022,BBCH19,0.7391,0.0000385
IR,6.5,S_WT,2022,BBCH19,2.0384,0.00108
IR,16.5,S_WT,2022,BBCH19,2.7374,0.0008498
IR,26.5,S_WT,2022,BBCH19,2.4089,0
IR,36.5,S_WT,2022,BBCH19,1.182,0.0002396
IR,6.5,L_WT,2023,BBCH19,0.8146,0.00009323
IR,16.5,L_WT,2023,BBCH19,0.4014,0.0001413
IR,26.5,L_WT,2023,BBCH19,0.1771,0.00002085
IR,36.5,L_WT,2023,BBCH19,0.2501,0.0001456
IR,6.5,S_rth3,2023,BBCH19,1.0034,0.0008634
IR,16.5,S_rth3,2023,BBCH19,4.2392,0.0009839
IR,26.5,S_rth3,2023,BBCH19,1.028,0.0005938
IR,36.5,S_rth3,2023,BBCH19,1.6332,0.0004941
IR,6.5,S_WT,2023,BBCH19,2.667,0.002263
IR,16.5,S_WT,2023,BBCH19,1.0083,0.001035
IR,26.5,S_WT,2023,BBCH19,0.8076,0.0005341
IR,36.5,S_WT,2023,BBCH19,1.2904,0.0001437
IR,6.5,L_rth3,2023,BBCH19,2.6574,0.0001347
IR,16.5,L_rth3,2023,BBCH19,1.7111,0.0002025
IR,26.5,L_rth3,2023,BBCH19,0.4439,0.00004218
IR,36.5,L_rth3,2023,BBCH19,1.1551,0.00002167
IR,6.5,S_rth3,2023,BBCH19,3.0726,0.001738
IR,16.5,S_rth3,2023,BBCH19,4.8727,0.0003765
IR,26.5,S_rth3,2023,BBCH19,0.7156,0.0001217
IR,36.5,S_rth3,2023,BBCH19,0.4449,0.00003058
IR,6.5,S_WT,2023,BBCH19,0.02322,0.0007694
IR,16.5,S_WT,2023,BBCH19,3.405,0.0005908
IR,26.5,S_WT,2023,BBCH19,1.2101,0.0004351
IR,36.5,S_WT,2023,BBCH19,0.3585,0.0002593
IR,6.5,L_rth3,2023,BBCH19,0.8861,0.0003501
IR,16.5,L_rth3,2023,BBCH19,0.2103,0.0001634
IR,26.5,L_rth3,2023,BBCH19,0.1623,0.00008819
IR,36.5,L_rth3,2023,BBCH19,0.0295,0.00006256
IR,6.5,L_WT,2023,BBCH19,0.947,0.0001091
IR,16.5,L_WT,2023,BBCH19,0.2775,0.00006822
IR,26.5,L_WT,2023,BBCH19,0.7628,0.00008209
IR,36.5,L_WT,2023,BBCH19,0.6782,0.0000021094
IR,6.5,S_WT,2023,BBCH19,1.0785,0.0009176
IR,16.5,S_WT,2023,BBCH19,3.7186,0.000664
IR,26.5,S_WT,2023,BBCH19,0.8723,0.0007419
IR,36.5,S_WT,2023,BBCH19,0.5375,0.0001206
IR,6.5,L_rth3,2023,BBCH19,0.1817,0.0002104
IR,16.5,L_rth3,2023,BBCH19,0.771,0.0002225
IR,26.5,L_rth3,2023,BBCH19,0.706,0.0002929
IR,36.5,L_rth3,2023,BBCH19,0.3898,0.0001711
IR,6.5,L_WT,2023,BBCH19,1.8633,0.0005894
IR,16.5,L_WT,2023,BBCH19,0.4658,0.0001311
IR,26.5,L_WT,2023,BBCH19,0.1055,0.0001418
IR,36.5,L_WT,2023,BBCH19,0.7414,0.00001732
IR,6.5,S_rth3,2023,BBCH19,0.8021,0.003836
IR,16.5,S_rth3,2023,BBCH19,2.0663,0.001233
IR,26.5,S_rth3,2023,BBCH19,1.6712,0.001181
IR,36.5,S_rth3,2023,BBCH19,0.6886,0.0002531
IR,6.5,L_rth3,2023,BBCH19,0.4228,0.00004386
IR,16.5,L_rth3,2023,BBCH19,0.4746,0.00005206
IR,26.5,L_rth3,2023,BBCH19,0.8341,0.00004059
IR,36.5,L_rth3,2023,BBCH19,0.6127,0.00008679
IR,6.5,S_WT,2023,BBCH19,1.6885,0.001219
IR,16.5,S_WT,2023,BBCH19,2.0964,0.0006778
IR,26.5,S_WT,2023,BBCH19,1.563,0.000258
IR,36.5,S_WT,2023,BBCH19,1.1511,0.00006142
IR,6.5,S_rth3,2023,BBCH19,1.5976,0.002968
IR,16.5,S_rth3,2023,BBCH19,1.2943,0.0005185
IR,26.5,S_rth3,2023,BBCH19,0.8896,0.0002625
IR,36.5,S_rth3,2023,BBCH19,0.1336,0.0003285
IR,6.5,L_WT,2023,BBCH19,0.2734,0.00001086
IR,16.5,L_WT,2023,BBCH19,0.5734,0.00002099
IR,26.5,L_WT,2023,BBCH19,0.5456,0.00006582
IR,36.5,L_WT,2023,BBCH19,0.8659,0.00001176
IR,6.5,S_WT,2023,BBCH19,0.8648,0.001571
IR,16.5,S_WT,2023,BBCH19,1.9181,0.00053
IR,26.5,S_WT,2023,BBCH19,0.7782,0.0001762
IR,36.5,S_WT,2023,BBCH19,1.0239,0.0005396
IR,6.5,S_rth3,2023,BBCH19,1.3788,0.001498
IR,16.5,S_rth3,2023,BBCH19,2.5501,0.0005151
IR,26.5,S_rth3,2023,BBCH19,1.9935,0.0003518
IR,36.5,S_rth3,2023,BBCH19,0.1667,0.0003498
IR,6.5,L_WT,2023,BBCH19,2.4428,0.0000076135
IR,16.5,L_WT,2023,BBCH19,0.6957,0.00001145
IR,26.5,L_WT,2023,BBCH19,1.3461,0.00001074
IR,36.5,L_WT,2023,BBCH19,0.5974,0.0000099805
IR,6.5,L_rth3,2023,BBCH19,2.0733,0.00008913
IR,16.5,L_rth3,2023,BBCH19,0.06977,0.00003504
IR,26.5,L_rth3,2023,BBCH19,0.5531,0.00002838
IR,36.5,L_rth3,2023,BBCH19,0.783,0.00002698
IR,6.5,S_rth3,2023,BBCH19,0.9425,0.0009912
IR,16.5,S_rth3,2023,BBCH19,1.1216,0.0006178
IR,26.5,S_rth3,2023,BBCH19,1.098,0.0002816
IR,36.5,S_rth3,2023,BBCH19,0.5891,0.00009012
IR,6.5,L_WT,2023,BBCH19,0.08756,0.0001246
IR,16.5,L_WT,2023,BBCH19,0.615,0.0001138
IR,26.5,L_WT,2023,BBCH19,0.491,0.0000381
IR,36.5,L_WT,2023,BBCH19,0.3219,0.00003539
IR,6.5,L_rth3,2023,BBCH19,0.6089,0.0002081
IR,16.5,L_rth3,2023,BBCH19,0.4128,0.0002641
IR,26.5,L_rth3,2023,BBCH19,0.1767,0.000164
IR,36.5,L_rth3,2023,BBCH19,0.2082,0.00001768
IR,6.5,S_WT,2023,BBCH19,0.3063,0.0009199
IR,16.5,S_WT,2023,BBCH19,0.8772,0.0006062
IR,26.5,S_WT,2023,BBCH19,1.4901,0.000923
IR,36.5,S_WT,2023,BBCH19,0.5918,0.0005817
