facility,plot,Depth,pRLD,pRCD,pRVD
RUT,1,-20,0.537700758980583,4.75,0.000199569815513847
RUT,1,-20,0.472476761165047,8,0.000137620889726345
RUT,1,-20,0.163697971359223,3.25,3.27832976862015E-05
RUT,1,-20,0,0,0
RUT,1,-20,0.00588413616504853,0.5,1.74244120443624E-08
RUT,1,-20,0.0855421237864078,1.5,1.55411840876083E-05
RUT,1,-20,0,0,0
RUT,1,-20,0.0264420206310677,1.5,7.83014970802405E-08
RUT,1,-20,0.00596027888349513,0.5,1.76498901372438E-08
RUT,1,-20,0.0852607208737862,0.5,0.000038912674432635
RUT,1,-20,0.37824902961165,2,0.00038588711877166
RUT,1,-20,0.00244443398058252,0.5,7.2385858956537E-09
RUT,1,-20,0.00141466674757282,0.5,4.18918540495475E-09
RUT,1,-20,0.0379146002427182,1,4.21914254383755E-06
RUT,1,-20,0.602428497572815,11,0.000156993997736168
RUT,1,-20,0.372743874029125,6.25,0.000356200524122448
RUT,1,-20,0.955260580339805,10.5,0.000641957794741275
RUT,1,-20,0.81366723713592,14.5,0.000348683451106498
RUT,1,-20,0.150519217718447,5,3.3742664263352E-06
RUT,1,-20,0.306669748543688,8.5,2.22469469709726E-05
RUT,1,-20,0.915808833252425,12.25,0.000151787789892169
RUT,1,-20,0.224624486893204,4,6.65169796756187E-07
RUT,1,-20,0.224707774514563,4.5,6.65416433153017E-07
RUT,1,-20,0.540951942961165,8,0.000178922677734237
RUT,1,-20,0.0617712317961165,0.5,0.000040621299713469
RUT,1,-20,0.40816525145631,4,0.000136168913727079
RUT,1,-20,0.140803334951456,2,0.000134036502625999
RUT,1,-20,0.0235496084951456,0.5,6.97363339608152E-08
RUT,1,-20,0.0150830427184466,0.5,4.4664695985365E-08
RUT,1,-20,0,0,0
RUT,1,-20,0.148152152427184,3,4.17147242842905E-05
RUT,1,-20,0.0193615419902913,0.5,5.73344119803023E-08
RUT,1,-20,0.107286246601942,3,5.78650090553265E-06
RUT,1,-20,0.380238340048543,8.75,9.22071948194745E-05
RUT,1,-20,0.698147546359222,8.5,0.000308252411096275
RUT,1,-20,0,0,0
RUT,1,-20,0.793988567475728,10.75,0.00043304367148359
RUT,1,-20,0.122360918446602,2.5,0.000024817737312476
RUT,1,-20,0.422216793203882,4,0.000105547254591952
RUT,1,-20,0.31172519199029,3.75,0.000140826486725413
RUT,1,-40,0.662347188592233,9.75,0.000341118814056713
RUT,1,-40,0.5421101092233,8.5,0.000309341558838117
RUT,1,-40,0.135028107038835,4,3.16117560401635E-06
RUT,1,-40,2.25196344393204,7,0.00638484826708888
RUT,1,-40,0,0,0
RUT,1,-40,0.028785917475728,1,2.36745586935254E-06
RUT,1,-40,0.0483615978155338,1,8.21967545370435E-06
RUT,1,-40,0.0144655291262136,1,4.2836082342616E-08
RUT,1,-40,0,0,0
RUT,1,-40,0,0,0
RUT,1,-40,0.339554017961165,0.5,0.000215161045807187
RUT,1,-40,0.0268685643203882,0.5,7.9564600078519E-08
RUT,1,-40,0,0,0
RUT,1,-40,0.0181824485436893,0.5,5.38428191579415E-08
RUT,1,-40,0.00980213009708738,1.5,2.90265814334228E-08
RUT,1,-40,0,0,0
RUT,1,-40,0.00282933349514562,0.5,8.3783708099095E-09
RUT,1,-40,0,0,0
RUT,1,-40,0.30300948106796,4.5,6.99042239141157E-06
RUT,1,-40,0.0848151941747572,1.5,1.14060847608781E-06
RUT,1,-40,0.0138551604368932,0.5,4.1028627003817E-08
RUT,1,-40,0,0,0
RUT,1,-40,0.0349746247572815,1,1.03568691219307E-07
RUT,1,-40,0,0,0
RUT,1,-40,0,0,0
RUT,1,-40,0,0,0
RUT,1,-40,0,0,0
RUT,1,-40,0,0,0
RUT,1,-40,0.033493919660194,1,2.84286424134298E-05
RUT,1,-40,0.00574195485436893,0.5,1.70033777878646E-08
RUT,1,-40,0,0,0
RUT,1,-40,0.0041607126213592,0.5,1.23209198180332E-08
RUT,1,-40,0,0,0
RUT,1,-40,0,0,0
RUT,1,-40,0,0,0
RUT,1,-40,0,0,0
RUT,1,-40,0,0,0
RUT,1,-40,0,0,0
RUT,1,-40,0.03164975,1,1.30027902394651E-06
RUT,1,-40,0.0361495327669902,1,1.0704789004939E-07
RUT,1,-60,0.134917465048543,2,3.99524665355573E-07
RUT,1,-60,0.0463163533980583,1.5,1.09461495595423E-05
RUT,1,-60,0.00424400024271842,0.5,1.25675562148643E-08
RUT,1,-60,0.00970159296116502,0.5,2.87288650321625E-08
RUT,1,-60,0,0,0
RUT,1,-60,0.0104642470873786,0.5,3.098727678551E-08
RUT,1,-60,0.0255817888349513,1,7.57541327797335E-08
RUT,1,-60,0,0,0
RUT,1,-60,0.0105647844660194,1,3.12849931867702E-08
RUT,1,-60,0.144126476213592,0.75,0.000614112492605425
RUT,1,-60,0,0,0
RUT,1,-60,0,0,0
RUT,1,-60,0.101392006067961,0.5,0.000103981450808162
RUT,1,-60,0.0900734458737863,1.25,0.000119625187238212
RUT,1,-60,0.323231762621357,4.75,0.000231553121809244
RUT,1,-60,0,0,0
RUT,1,-60,0.00252772184466017,0.5,7.48522206369935E-09
RUT,1,-60,0.0566657735436892,1,1.6780165677246E-07
RUT,1,-60,0.023436007038835,0.5,6.93999317761893E-08
RUT,1,-60,0.0692669237864078,2,1.71488879020103E-05
RUT,1,-60,0,0,0
RUT,1,-60,0.0231718536407767,0.5,6.86177071217238E-08
RUT,1,-60,0,0,0
RUT,1,-60,0,0,0
RUT,1,-60,0.0952954650485435,2,4.99491404687537E-05
RUT,1,-60,0,0,0
RUT,1,-60,0,0,0
RUT,1,-60,0.0252801769417475,1,7.48609842623088E-08
RUT,1,-60,0.0328704871359222,1,9.73378082997858E-08
RUT,1,-60,0.00448671868932037,0.5,1.32863066438369E-08
RUT,1,-60,0,0,0
RUT,1,-60,0,0,0
RUT,1,-60,0,0,0
RUT,1,-60,0,0,0
RUT,1,-60,0.0109669334951456,0.5,3.24758581054553E-08
RUT,1,-60,0,0,0
RUT,1,-60,0.0504943155339805,1,1.49526412132216E-07
RUT,1,-60,0.023841115776699,1,7.05995607777605E-08
RUT,1,-60,0.36855631529126,1.75,0.0028454538901775
RUT,1,-60,0.0274616834951455,1,8.1320975412889E-08
RUT,1,-80,0,0,0
RUT,1,-80,0,0,0
RUT,1,-80,0.0789571861650485,1.5,2.33812155963932E-07
RUT,1,-80,0.0988458089805825,2.5,1.11247958183975E-05
RUT,1,-80,0,0,0
RUT,1,-80,0,0,0
RUT,1,-80,0.0307520594660192,0.5,4.0846298560848E-06
RUT,1,-80,0,0,0
RUT,1,-80,0,0,0
RUT,1,-80,0,0,0
RUT,1,-80,0,0,0
RUT,1,-80,0.0392228106796115,2.5,1.16148641426449E-07
RUT,1,-80,0.0788120453883495,2,1.28303489066802E-05
RUT,1,-80,0,0,0
RUT,1,-80,0,0,0
RUT,1,-80,0.00497215558252425,0.5,1.47238077305677E-08
RUT,1,-80,0,0,0
RUT,1,-80,0,0,0
RUT,1,-80,0.00647011019417475,0.5,1.9159629303568E-08
RUT,1,-80,0,0,0
RUT,1,-80,0,0,0
RUT,1,-80,0.0678005084951455,1.5,1.89217046057707E-05
RUT,1,-80,0.0031136958737864,0.5,9.22043932290497E-09
RUT,1,-80,0,0,0
RUT,1,-80,0,0,0
RUT,1,-80,0,0,0
RUT,1,-80,0,0,0
RUT,1,-80,0.0678766514563105,1.5,1.28798288220662E-05
RUT,1,-80,0.0111091148058252,1,3.2896892361953E-08
RUT,1,-80,0,0,0
RUT,1,-80,0.0027287963592233,0.5,8.08065440864917E-09
RUT,1,-80,0.00776699029126213,0.5,2.30000185316186E-08
RUT,1,-80,0.17489701092233,1,6.63803550051842E-05
RUT,1,-80,0.133680704368932,2.5,0.00004003063015648
RUT,1,-80,0,0,0
RUT,1,-80,0,0,0
RUT,1,-80,0,0,0
RUT,1,-80,0.0172258648058252,1,5.10101331348085E-08
RUT,1,-80,0,0,0
RUT,1,-80,0,0,0
RUT,1,-120,,,
RUT,1,-120,,,
RUT,1,-120,,,
RUT,1,-120,,,
RUT,1,-120,,,
RUT,1,-120,,,
RUT,1,-120,,,
RUT,1,-120,,,
RUT,1,-120,,,
RUT,1,-120,,,
RUT,1,-120,,,
RUT,1,-120,,,
RUT,1,-120,,,
RUT,1,-120,,,
RUT,1,-120,,,
RUT,1,-120,,,
RUT,1,-120,,,
RUT,1,-120,,,
RUT,1,-120,,,
RUT,1,-120,,,
RUT,1,-120,,,
RUT,1,-120,,,
RUT,1,-120,,,
RUT,1,-120,,,
RUT,1,-120,,,
RUT,1,-120,,,
RUT,1,-120,,,
RUT,1,-120,,,
RUT,1,-120,,,
RUT,1,-120,,,
RUT,1,-120,,,
RUT,1,-120,,,
RUT,1,-120,,,
RUT,1,-120,,,
RUT,1,-120,,,
RUT,1,-120,,,
RUT,1,-120,,,
RUT,1,-120,,,
RUT,1,-120,,,
RUT,1,-120,,,
RUT,1,-20,0,0,0
RUT,1,-20,0.354073536650485,8.25,3.81292771238835E-05
RUT,1,-20,0.513096270873785,8,6.58853276230017E-05
RUT,1,-20,0,0,0
RUT,1,-20,0.00238554053398058,0.5,7.0641875784162E-09
RUT,1,-20,1.0759993303398,12,0.000858433933052582
RUT,1,-20,0.14405502645631,5,4.26583290702982E-07
RUT,1,-20,0.205027371359223,4.5,5.96680341489685E-05
RUT,1,-20,0,0,0
RUT,1,-20,0.298504794660193,5,0.00003006121732052
RUT,1,-20,0.0163656327669903,1.5,4.6520389173142E-07
RUT,1,-20,0,0,0
RUT,1,-20,0.0108562917475728,1,3.214821977493E-08
RUT,1,-20,0.140902138592233,2,1.22886397558585E-05
RUT,1,-20,1.25590747888349,17.25,0.000672457364117705
RUT,1,-20,0.46864970752427,7.75,0.00033184504950962
RUT,1,-20,0.542414680582523,3.25,0.001115251633033
RUT,1,-20,0.76561562184466,11.5,0.000280120680486983
RUT,1,-20,0.0745650856796115,2,4.29739810149285E-06
RUT,1,-20,0.211884115048543,5.5,3.16064462363425E-05
RUT,1,-20,0.254773830339805,3.5,5.69122711724885E-05
RUT,1,-20,0.382201522572815,7.25,0.000106207910665701
RUT,1,-20,0.0136124419902912,0.5,4.03098763460588E-08
RUT,1,-20,0.0361983216019418,2,1.07192366208577E-07
RUT,1,-20,0.573680756553397,8,0.000071879027723759
RUT,1,-20,1.0768539407767,7.25,0.000672857694348175
RUT,1,-20,0.126367611650485,2.5,6.82761376778005E-05
RUT,1,-20,0,0,0
RUT,1,-20,0.350791531553397,3.25,0.000526616183067453
RUT,1,-20,0.107632461893204,2,1.49747783458265E-06
RUT,1,-20,0.189007953883495,2,4.16383973595418E-05
RUT,1,-20,0.456005179854368,2,0.00144851986754422
RUT,1,-20,0.112344649514563,3,3.32680861505205E-07
RUT,1,-20,0.258457476941747,8,1.36382763299982E-05
RUT,1,-20,0,0,0
RUT,1,-20,0.0595165419902913,0.5,3.79080109830725E-06
RUT,1,-20,0.117516653883495,2,2.11529394178509E-05
RUT,1,-20,0.371671955097085,4.75,0.000721290413750643
RUT,1,-20,0,0,0
RUT,1,-20,0.00254497111650485,0.5,7.53630206812862E-09
RUT,1,-40,0,0,0
RUT,1,-40,0.0096771985436893,0.5,2.8656626952569E-08
RUT,1,-40,0.00767655752427183,0.5,2.27322242884087E-08
RUT,1,-40,0,0,0
RUT,1,-40,0.0349746247572815,1,1.03568691219307E-07
RUT,1,-40,0,0,0
RUT,1,-40,0,0,0
RUT,1,-40,0,0,0
RUT,1,-40,0,0,0
RUT,1,-40,0,0,0
RUT,1,-40,0.125856554368932,2.5,1.54191129181854E-05
RUT,1,-40,0,0,0
RUT,1,-40,0,0,0
RUT,1,-40,0,0,0
RUT,1,-40,0.302641112621358,2,0.00048844607254465
RUT,1,-40,0,0,0
RUT,1,-40,0.00234389660194174,0.5,6.94086949439338E-09
RUT,1,-40,0.0253146759708738,0.5,7.49631442711672E-08
RUT,1,-40,0.20139843276699,3.75,0.000209500615371909
RUT,1,-40,0.0055337354368932,1,1.63867871389652E-08
RUT,1,-40,0.094091977184466,2,2.78630091962585E-07
RUT,1,-40,0,0,0
RUT,1,-40,0.00787763203883495,0.5,2.33276566333585E-08
RUT,1,-40,0,0,0
RUT,1,-40,0.0258905456310678,2,7.6668439601108E-08
RUT,1,-40,0,0,0
RUT,1,-40,0,0,0
RUT,1,-40,0,0,0
RUT,1,-40,0,0,0
RUT,1,-40,0,0,0
RUT,1,-40,0,0,0
RUT,1,-40,0,0,0
RUT,1,-40,0,0,0
RUT,1,-40,0.0568466390776697,1.5,1.31700975714886E-05
RUT,1,-40,0,0,0
RUT,1,-40,0,0,0
RUT,1,-40,0,0,0
RUT,1,-40,0.0137028747572816,0.5,4.05776705892687E-08
RUT,1,-40,0.049468733737864,0.5,2.52146099959092E-05
RUT,1,-40,0.0111924024271844,0.5,3.31435285299987E-08
RUT,1,-60,0,0,0
RUT,1,-60,0,0,0
RUT,1,-60,0,0,0
RUT,1,-60,0,0,0
RUT,1,-60,0,0,0
RUT,1,-60,0.0532689410194172,1,9.1748612274612E-06
RUT,1,-60,0,0,0
RUT,1,-60,0.108468299514563,1.5,5.16779034358535E-05
RUT,1,-60,0,0,0
RUT,1,-60,0.0111924024271844,1,3.31435285299987E-08
RUT,1,-60,0,0,0
RUT,1,-60,0,0,0
RUT,1,-60,0,0,0
RUT,1,-60,0.0116189461165048,1.5,3.44066317570628E-08
RUT,1,-60,0,0,0
RUT,1,-60,0.045769063592233,0.5,7.7350140547456E-06
RUT,1,-60,0,0,0
RUT,1,-60,0,0,0
RUT,1,-60,0,0,0
RUT,1,-60,0,0,0
RUT,1,-60,0,0,0
RUT,1,-60,0,0,0
RUT,1,-60,0,0,0
RUT,1,-60,0,0,0
RUT,1,-60,0,0,0
RUT,1,-60,0.029367706067961,1,8.69651898415615E-08
RUT,1,-60,0,0,0
RUT,1,-60,0.0629318497572815,2.5,1.73676437024069E-05
RUT,1,-60,0,0,0
RUT,1,-60,0.00244443398058252,0.5,7.2385858956537E-09
RUT,1,-60,0.0898563478155338,1,3.25971941971782E-05
RUT,1,-60,0.0321566216019415,2,9.52238727056252E-08
RUT,1,-60,0.0835082097087377,1.75,2.58388223776385E-05
RUT,1,-60,0.00924055048543687,1,2.73636020250252E-08
RUT,1,-60,0,0,0
RUT,1,-60,0,0,0
RUT,1,-60,0,0,0
RUT,1,-60,0.076657892961165,0.5,5.85594448910842E-06
RUT,1,-60,0,0,0
RUT,1,-60,0,0,0
RUT,1,-80,0,0,0
RUT,1,-80,0,0,0
RUT,1,-80,0,0,0
RUT,1,-80,0,0,0
RUT,1,-80,0,0,0
RUT,1,-80,0,0,0
RUT,1,-80,0,0,0
RUT,1,-80,0,0,0
RUT,1,-80,0.0198053349514563,0.5,5.86485952117957E-08
RUT,1,-80,0,0,0
RUT,1,-80,0.00468779320388348,0.5,1.38817392175722E-08
RUT,1,-80,0.127743593932039,2.5,0.0000291708650722
RUT,1,-80,0.0155297951456311,0.5,4.59876428421738E-08
RUT,1,-80,0.0379818643203882,1.5,1.1247388643275E-07
RUT,1,-80,0.00252772184466017,0.5,7.48522206369935E-09
RUT,1,-80,0,0,0
RUT,1,-80,0,0,0
RUT,1,-80,0,0,0
RUT,1,-80,0,0,0
RUT,1,-80,0.00891454417475727,1,2.63982151992218E-08
RUT,1,-80,0.0103708548543689,0.5,3.07107186881993E-08
RUT,1,-80,0,0,0
RUT,1,-80,0.0932502206310677,1,1.90334914999355E-05
RUT,1,-80,0.0313826371359223,0.5,6.6347320611644E-06
RUT,1,-80,0,0,0
RUT,1,-80,0.00323148252427182,0.5,9.5692357285946E-09
RUT,1,-80,0,0,0
RUT,1,-80,0,0,0
RUT,1,-80,0.00277044029126212,0.5,8.203972492672E-09
RUT,1,-80,0,0,0
RUT,1,-80,0,0,0
RUT,1,-80,0,0,0
RUT,1,-80,0.0354327077669902,1,4.58750737421148E-06
RUT,1,-80,0.061316108252427,1.5,3.98804625022992E-05
RUT,1,-80,0.015009859223301,1.5,4.44479817465842E-08
RUT,1,-80,0,0,0
RUT,1,-80,0.056493278883495,2,0.000025710853931723
RUT,1,-80,0,0,0
RUT,1,-80,0,0,0
RUT,1,-80,0.00959391067961165,1,2.84099907845233E-08
RUT,1,-120,,,
RUT,1,-120,,,
RUT,1,-120,,,
RUT,1,-120,,,
RUT,1,-120,,,
RUT,1,-120,,,
RUT,1,-120,,,
RUT,1,-120,,,
RUT,1,-120,,,
RUT,1,-120,,,
RUT,1,-120,,,
RUT,1,-120,,,
RUT,1,-120,,,
RUT,1,-120,,,
RUT,1,-120,,,
RUT,1,-120,,,
RUT,1,-120,,,
RUT,1,-120,,,
RUT,1,-120,,,
RUT,1,-120,,,
RUT,1,-120,,,
RUT,1,-120,,,
RUT,1,-120,,,
RUT,1,-120,,,
RUT,1,-120,,,
RUT,1,-120,,,
RUT,1,-120,,,
RUT,1,-120,,,
RUT,1,-120,,,
RUT,1,-120,,,
RUT,1,-120,,,
RUT,1,-120,,,
RUT,1,-120,,,
RUT,1,-120,,,
RUT,1,-120,,,
RUT,1,-120,,,
RUT,1,-120,,,
RUT,1,-120,,,
RUT,1,-120,,,
RUT,1,-120,,,
RUT,1,-20,0,0,0
RUT,1,-20,0.44600962791262,4.75,0.000268157476455005
RUT,1,-20,0.171117012621359,2.5,3.90506239390075E-05
RUT,1,-20,0.620273609466018,4.75,0.000326577577093132
RUT,1,-20,0.148745271601942,2,4.42744665682735E-05
RUT,1,-20,0.159694955825242,4.75,0.00005371029002944
RUT,1,-20,0.48897967160194,8.75,0.000232782024547988
RUT,1,-20,0,0,0
RUT,1,-20,0.120431727184466,0.5,0.000025448045615236
RUT,1,-20,0.30076662936893,8.5,7.96215613323363E-06
RUT,1,-20,0.791825028640775,6.25,0.00175322470262678
RUT,1,-20,0.361791738106795,4.25,0.000249540473634082
RUT,1,-20,0.135427804368932,4,1.67656569660126E-05
RUT,1,-20,0.0759785264563105,1,5.49606943564127E-05
RUT,1,-20,0.646396261165047,6.25,0.0002398046311096
RUT,1,-20,0.0316426048543687,1,3.32547626786013E-06
RUT,1,-20,0.00448671868932037,1,1.32863066438369E-08
RUT,1,-20,0.332350341019415,5.5,9.95624823649913E-05
RUT,1,-20,0.871532312864077,8.25,0.00037278724611362
RUT,1,-20,0.387094575970872,5.5,5.09397897045648E-05
RUT,1,-20,0.598671667718445,7.75,0.000657329258188458
RUT,1,-20,0.167841434223301,3.5,2.68133751941242E-05
RUT,1,-20,1.03082338592233,11.5,0.000427422398466405
RUT,1,-20,0.954996934708737,13.5,0.0005293976544329
RUT,1,-20,0,0,0
RUT,1,-20,0.61297603252427,7.5,0.000163975168650999
RUT,1,-20,0.947375803155338,13.5,0.000326738254685525
RUT,1,-20,0,0,0
RUT,1,-20,0.0783640669902912,1,7.66887013659402E-06
RUT,1,-20,0.39767783567961,9.75,0.000182863234250183
RUT,1,-20,0.152860154854369,1,1.44803510860901E-05
RUT,1,-20,0.0408659058252425,2.5,1.21014261338834E-07
RUT,1,-20,0.254806595631068,7.5,1.39241185215978E-05
RUT,1,-20,0.165316164320388,2.5,1.53125504789851E-05
RUT,1,-20,0.149362785194175,3.5,3.48758275921157E-05
RUT,1,-20,0.109436213592233,1.5,7.10687493033482E-06
RUT,1,-20,0.243839662135922,5.5,9.76233192828583E-06
RUT,1,-20,0.137194097572816,2.5,4.06266348548172E-07
RUT,1,-20,0.369334485436893,7.5,0.000131568044066359
RUT,1,-20,0.832055453398058,7,0.000663830102326562
RUT,1,-40,0.026701988592233,1.5,7.90713275136423E-08
RUT,1,-40,0,0,0
RUT,1,-40,0.0051559808252427,0.5,1.52681602998736E-08
RUT,1,-40,0,0,0
RUT,1,-40,0,0,0
RUT,1,-40,0.0060608162621359,0.5,1.79476063097187E-08
RUT,1,-40,0,0,0
RUT,1,-40,0,0,0
RUT,1,-40,0.0415381274271843,0.5,5.40520428203933E-06
RUT,1,-40,0,0,0
RUT,1,-40,0,0,0
RUT,1,-40,0,0,0
RUT,1,-40,0,0,0
RUT,1,-40,0.00264550849514562,0.5,7.83401824060355E-09
RUT,1,-40,0.360296235436892,3,0.000264071328212122
RUT,1,-40,0.10937732038835,1.25,0.000038092050813698
RUT,1,-40,0.079556224514563,0.5,2.81647361612277E-05
RUT,1,-40,0.57534110145631,6.5,0.000208239038199386
RUT,1,-40,0,0,0
RUT,1,-40,0,0,0
RUT,1,-40,0,0,0
RUT,1,-40,0.620010174271842,5,0.000879761585992427
RUT,1,-40,0.503884300485435,3.25,0.00217121336814158
RUT,1,-40,0,0,0
RUT,1,-40,0.00688950873786408,0.5,2.04015744554678E-08
RUT,1,-40,0.0488886786407765,2.5,1.44771716311576E-07
RUT,1,-40,1.41416755873786,7.75,0.00201691672440555
RUT,1,-40,0,0,0
RUT,1,-40,0,0,0
RUT,1,-40,0.0343470067961165,1,1.01710155647293E-07
RUT,1,-40,0.00601917233009708,1,1.78242882256959E-08
RUT,1,-40,0,0,0
RUT,1,-40,0,0,0
RUT,1,-40,0.12704697815534,4.5,3.77737155941052E-06
RUT,1,-40,0,0,0
RUT,1,-40,0,0,0
RUT,1,-40,1.62970174975728,15,0.00163119076688093
RUT,1,-40,0.0977886878640775,2,1.45939582770903E-05
RUT,1,-40,0,0,0
RUT,1,-40,0,0,0
RUT,1,-60,0.430172809466017,5,0.000241672475813721
RUT,1,-60,0.0194793286407767,0.5,5.7683208385992E-08
RUT,1,-60,0,0,0
RUT,1,-60,0,0,0
RUT,1,-60,0,0,0
RUT,1,-60,0.0139211987864078,0.5,4.12241831674332E-08
RUT,1,-60,0,0,0
RUT,1,-60,0.159593192475728,1,0.000232557234108794
RUT,1,-60,0,0,0
RUT,1,-60,0,0,0
RUT,1,-60,0,0,0
RUT,1,-60,0,0,0
RUT,1,-60,0.148173587378641,2,3.21201274295865E-05
RUT,1,-60,0.593801485436892,6,0.000317177378121432
RUT,1,-60,0.00905672524271843,0.5,2.68192494557195E-08
RUT,1,-60,0.0623774148058252,1,1.92533705184369E-05
RUT,1,-60,0.0200581577669903,1,5.93972677988188E-08
RUT,1,-60,0,0,0
RUT,1,-60,0,0,0
RUT,1,-60,0,0,0
RUT,1,-60,0,0,0
RUT,1,-60,0.035474351699029,0.5,1.05048508456367E-07
RUT,1,-60,0.177443208009709,1,0.000310833439778415
RUT,1,-60,0,0,0
RUT,1,-60,0.0143893861650485,0.5,4.26106042497348E-08
RUT,1,-60,0.010630822815534,0.5,3.14805493503865E-08
RUT,1,-60,0,0,0
RUT,1,-60,0,0,0
RUT,1,-60,0.00614410388349512,1,1.81942427065497E-08
RUT,1,-60,0.0473288711165048,1,4.54735613371407E-05
RUT,1,-60,0.0730511075242718,1.5,1.57905520546303E-05
RUT,1,-60,0.05120103592233,1.5,5.78988599920197E-06
RUT,1,-60,0,0,0
RUT,1,-60,0.0134601563106796,1.5,3.98589199315107E-08
RUT,1,-60,0.0474365533980583,1,9.84033248077972E-05
RUT,1,-60,0,0,0
RUT,1,-60,0.0220171548543689,1,6.51983523789565E-08
RUT,1,-60,0,0,0
RUT,1,-60,0,0,0
RUT,1,-60,0,0,0
RUT,1,-80,,,
RUT,1,-80,,,
RUT,1,-80,,,
RUT,1,-80,,,
RUT,1,-80,,,
RUT,1,-80,,,
RUT,1,-80,,,
RUT,1,-80,,,
RUT,1,-80,,,
RUT,1,-80,,,
RUT,1,-80,,,
RUT,1,-80,,,
RUT,1,-80,,,
RUT,1,-80,,,
RUT,1,-80,,,
RUT,1,-80,,,
RUT,1,-80,,,
RUT,1,-80,,,
RUT,1,-80,,,
RUT,1,-80,,,
RUT,1,-80,,,
RUT,1,-80,,,
RUT,1,-80,,,
RUT,1,-80,,,
RUT,1,-80,,,
RUT,1,-80,,,
RUT,1,-80,,,
RUT,1,-80,,,
RUT,1,-80,,,
RUT,1,-80,,,
RUT,1,-80,,,
RUT,1,-80,,,
RUT,1,-80,,,
RUT,1,-80,,,
RUT,1,-80,,,
RUT,1,-80,,,
RUT,1,-80,,,
RUT,1,-80,,,
RUT,1,-80,,,
RUT,1,-80,,,
RUT,1,-120,,,
RUT,1,-120,,,
RUT,1,-120,,,
RUT,1,-120,,,
RUT,1,-120,,,
RUT,1,-120,,,
RUT,1,-120,,,
RUT,1,-120,,,
RUT,1,-120,,,
RUT,1,-120,,,
RUT,1,-120,,,
RUT,1,-120,,,
RUT,1,-120,,,
RUT,1,-120,,,
RUT,1,-120,,,
RUT,1,-120,,,
RUT,1,-120,,,
RUT,1,-120,,,
RUT,1,-120,,,
RUT,1,-120,,,
RUT,1,-120,,,
RUT,1,-120,,,
RUT,1,-120,,,
RUT,1,-120,,,
RUT,1,-120,,,
RUT,1,-120,,,
RUT,1,-120,,,
RUT,1,-120,,,
RUT,1,-120,,,
RUT,1,-120,,,
RUT,1,-120,,,
RUT,1,-120,,,
RUT,1,-120,,,
RUT,1,-120,,,
RUT,1,-120,,,
RUT,1,-120,,,
RUT,1,-120,,,
RUT,1,-120,,,
RUT,1,-120,,,
RUT,1,-120,,,
RUT,2,-20,0.766531069660193,10.25,0.000641001388650137
RUT,2,-20,1.09508048519417,14.75,0.000672709812247477
RUT,2,-20,0.435070766262135,8.25,0.000110735021824985
RUT,2,-20,0.16430660631068,3.75,9.67716607931348E-05
RUT,2,-20,0.637385662621358,5.5,0.000117940227183002
RUT,2,-20,1.03453590970874,10.75,0.00115981584842943
RUT,2,-20,0.231854799514563,7.5,1.11959163420964E-05
RUT,2,-20,0.087761088592233,1.5,1.87317122121994E-05
RUT,2,-20,0.416756748786408,7.5,0.000266890643118775
RUT,2,-20,0.0899800536407765,4.5,3.54474990825702E-06
RUT,2,-20,1.70684588495145,25.25,0.00112923937548148
RUT,2,-20,0.431626878883495,1.25,0.000645112759537605
RUT,2,-20,0.333732242475728,2.5,0.000606035956253025
RUT,2,-20,0.00282933349514562,0.5,8.3783708099095E-09
RUT,2,-20,0.805761025242717,10.25,0.000584641191385632
RUT,2,-20,0.594722852427182,9.25,0.000119411246912083
RUT,2,-20,0.74413341092233,3.25,0.00083610415273188
RUT,2,-20,0.416649784708737,4.5,0.000095017593331866
RUT,2,-20,0.396234081310677,3,0.000176558410381092
RUT,2,-20,0.91122381868932,11,0.000476734027509615
RUT,2,-20,0.404152639077668,4.75,0.000232720599461027
RUT,2,-20,0.103371212135922,3.75,3.06108247988745E-07
RUT,2,-20,0.8155005842233,11,0.000335344683088272
RUT,2,-20,0,0,0
RUT,2,-20,0.720755579126213,9,0.000125110567057234
RUT,2,-20,0.585515575,10.75,0.000220090496999708
RUT,2,-20,0.275305586893203,4.25,0.000106935955809411
RUT,2,-20,0.044846978883495,0.5,6.94855253851143E-06
RUT,2,-20,0.208572304126213,4,2.74807099071862E-05
RUT,2,-20,0.501288806553397,7.75,0.000296301868926318
RUT,2,-20,1.15297240703883,12.5,0.000639971672677393
RUT,2,-20,0.0964400592233007,1.5,0.000016330298943835
RUT,2,-20,0.0662407009708737,1,8.94897110623238E-06
RUT,2,-20,0.367340989320388,5.5,0.000207650287361344
RUT,2,-20,0.800583609466017,13,0.00086786600274428
RUT,2,-20,0,0,0
RUT,2,-20,0.51115156383495,6.25,0.000344221138291173
RUT,2,-20,0.19909026092233,5,1.93064564344525E-05
RUT,2,-20,0.337074366747573,7.75,0.00047389651605799
RUT,2,-20,0.385207028398057,5.25,0.00018728520004562
RUT,2,-40,0.0332036383495145,0.5,9.83243532007535E-08
RUT,2,-40,0.0576378730582523,1.5,1.35597036208495E-05
RUT,2,-40,0,0,0
RUT,2,-40,0,0,0
RUT,2,-40,0,0,0
RUT,2,-40,0.0171669713592233,1,5.0835734817571E-08
RUT,2,-40,0.00710783276699028,0.5,2.10480868048469E-08
RUT,2,-40,0.0360246009708737,1,1.06677935568536E-07
RUT,2,-40,0.0226691674757281,1,1.75097155419423E-06
RUT,2,-40,0,0,0
RUT,2,-40,0.0155268356796117,0.5,4.59788789880728E-08
RUT,2,-40,0.0149236118932039,0.5,4.41925814956525E-08
RUT,2,-40,0,0,0
RUT,2,-40,0,0,0
RUT,2,-40,0.128609237378641,0.5,2.17640494599749E-05
RUT,2,-40,0,0,0
RUT,2,-40,0.362689428640775,3.5,5.27747132046705E-05
RUT,2,-40,0.0264836645631068,0.5,2.90652393347103E-06
RUT,2,-40,0.0276038645631068,1,8.17420096693868E-08
RUT,2,-40,0,0,0
RUT,2,-40,0,0,0
RUT,2,-40,0.0138522009708738,1,4.10198629209308E-08
RUT,2,-40,0.115495296116505,4,3.42010721113322E-07
RUT,2,-40,0.738179348543687,6.5,0.000897414831440743
RUT,2,-40,0.041673163592233,1,2.45874318516885E-06
RUT,2,-40,0.160872315291262,4,4.76383527175588E-07
RUT,2,-40,0,0,0
RUT,2,-40,0.00578359878640775,0.5,1.71266958718875E-08
RUT,2,-40,0.244727966262136,2.5,1.94590779007474E-05
RUT,2,-40,0.0817847861650485,2.5,9.43919226874597E-06
RUT,2,-40,0.084586765776699,1.5,2.50482761476562E-07
RUT,2,-40,0,0,0
RUT,2,-40,0,0,0
RUT,2,-40,0,0,0
RUT,2,-40,0,0,0
RUT,2,-40,0,0,0
RUT,2,-40,0,0,0
RUT,2,-40,0,0,0
RUT,2,-40,0,0,0
RUT,2,-40,0,0,0
RUT,2,-60,0.00274604563106795,0.5,8.13173464186387E-09
RUT,2,-60,0,0,0
RUT,2,-60,0.003942388592233,0.5,1.16744074686541E-08
RUT,2,-60,0.00681336601941747,0.5,2.0176096133801E-08
RUT,2,-60,0.0424959371359223,3,1.25841195239067E-07
RUT,2,-60,0.00768370242718445,1,2.27533823635729E-08
RUT,2,-60,0,0,0
RUT,2,-60,0,0,0
RUT,2,-60,0,0.25,0
RUT,2,-60,0.0247976995145631,1,7.34322470296788E-08
RUT,2,-60,0,0,0
RUT,2,-60,0,0,0
RUT,2,-60,0.0158700912621359,0.5,4.69953458183057E-08
RUT,2,-60,0.138463623543689,1.5,0.000179382397172167
RUT,2,-60,0.00258661504854368,0.5,7.65962015215145E-09
RUT,2,-60,0,0,0
RUT,2,-60,0,0,0
RUT,2,-60,0.0100032046116505,0.5,2.96220137783727E-08
RUT,2,-60,0.0379116405339805,2.5,1.12265936276856E-07
RUT,2,-60,0.00699719101941747,0.5,2.0720448703107E-08
RUT,2,-60,0,0,0
RUT,2,-60,0,0,0
RUT,2,-60,0.0118444150485437,1,3.5074302181606E-08
RUT,2,-60,0.0392876230582523,0.5,6.8242243122024E-06
RUT,2,-60,0,0,0
RUT,2,-60,0,0,0
RUT,2,-60,0,0,0
RUT,2,-60,0.0249928550970874,1,7.40101514376418E-08
RUT,2,-60,0,0,0
RUT,2,-60,0,0,0
RUT,2,-60,0.138302459466019,1.5,3.22242539108578E-05
RUT,2,-60,0,0,0
RUT,2,-60,0.0890835890776698,2.5,5.66103602661047E-06
RUT,2,-60,0.0920925621359222,1.5,1.87518265932387E-05
RUT,2,-60,0.162515918446602,3.25,4.63372780847823E-05
RUT,2,-60,0.133393890291262,1.5,4.23794986231692E-05
RUT,2,-60,0,0,0
RUT,2,-60,0.0951187849514562,0.75,0.000145285615585137
RUT,2,-60,0,0,0
RUT,2,-60,0,0,0
RUT,2,-80,,,
RUT,2,-80,,,
RUT,2,-80,,,
RUT,2,-80,,,
RUT,2,-80,,,
RUT,2,-80,,,
RUT,2,-80,,,
RUT,2,-80,,,
RUT,2,-80,,,
RUT,2,-80,,,
RUT,2,-80,,,
RUT,2,-80,,,
RUT,2,-80,,,
RUT,2,-80,,,
RUT,2,-80,,,
RUT,2,-80,,,
RUT,2,-80,,,
RUT,2,-80,,,
RUT,2,-80,,,
RUT,2,-80,,,
RUT,2,-80,,,
RUT,2,-80,,,
RUT,2,-80,,,
RUT,2,-80,,,
RUT,2,-80,,,
RUT,2,-80,,,
RUT,2,-80,,,
RUT,2,-80,,,
RUT,2,-80,,,
RUT,2,-80,,,
RUT,2,-80,,,
RUT,2,-80,,,
RUT,2,-80,,,
RUT,2,-80,,,
RUT,2,-80,,,
RUT,2,-80,,,
RUT,2,-80,,,
RUT,2,-80,,,
RUT,2,-80,,,
RUT,2,-80,,,
RUT,2,-120,,,
RUT,2,-120,,,
RUT,2,-120,,,
RUT,2,-120,,,
RUT,2,-120,,,
RUT,2,-120,,,
RUT,2,-120,,,
RUT,2,-120,,,
RUT,2,-120,,,
RUT,2,-120,,,
RUT,2,-120,,,
RUT,2,-120,,,
RUT,2,-120,,,
RUT,2,-120,,,
RUT,2,-120,,,
RUT,2,-120,,,
RUT,2,-120,,,
RUT,2,-120,,,
RUT,2,-120,,,
RUT,2,-120,,,
RUT,2,-120,,,
RUT,2,-120,,,
RUT,2,-120,,,
RUT,2,-120,,,
RUT,2,-120,,,
RUT,2,-120,,,
RUT,2,-120,,,
RUT,2,-120,,,
RUT,2,-120,,,
RUT,2,-120,,,
RUT,2,-120,,,
RUT,2,-120,,,
RUT,2,-120,,,
RUT,2,-120,,,
RUT,2,-120,,,
RUT,2,-120,,,
RUT,2,-120,,,
RUT,2,-120,,,
RUT,2,-120,,,
RUT,2,-120,,,
RUT,2,-20,0.0587812417475728,1.5,1.74066091988209E-07
RUT,2,-20,0.220902155825243,4.5,5.30106342778205E-05
RUT,2,-20,0.363418302184465,9.5,3.17542335873918E-05
RUT,2,-20,0.384763235436893,8.5,0.000106819467495312
RUT,2,-20,1.47063225776699,11.5,0.00218656339158385
RUT,2,-20,0.222861152912621,10.5,2.41719264354225E-05
RUT,2,-20,0.36389118276699,7.75,0.00003169940229124
RUT,2,-20,0.0285087,0.5,8.44214559080172E-08
RUT,2,-20,0,0,0
RUT,2,-20,0,0,0
RUT,2,-20,0.00508994247572815,0.5,1.50726041362572E-08
RUT,2,-20,0.161272012621359,2.5,0.000022360267618536
RUT,2,-20,0.461284866504853,7,6.27264968830275E-05
RUT,2,-20,0.0530220371359223,2,7.35241894681835E-06
RUT,2,-20,0.232630010194175,6,8.82257873947473E-06
RUT,2,-20,0.592554917718445,5.5,0.000208135071088204
RUT,2,-20,0.265407612621357,2.5,0.00026792209691373
RUT,2,-20,1.13404455364077,18.75,0.000217882576721358
RUT,2,-20,0.103023770873786,2,1.92324405334086E-05
RUT,2,-20,0.693448930582522,7.5,0.000398752879047555
RUT,2,-20,1.65708961893204,20.5,0.00157984212862865
RUT,2,-20,1.34076258325243,11.5,0.00138607434074911
RUT,2,-20,2.5932551752427,19.5,0.00591277730688498
RUT,2,-20,0.882513536407765,6,0.000704216272702832
RUT,2,-20,0.0196357997572815,1,5.81465587928183E-08
RUT,2,-20,1.59027304805825,9,0.00138834373968109
RUT,2,-20,1.40099941747573,12,0.00149520867733409
RUT,2,-20,0.22157264368932,2.5,0.000588935632193355
RUT,2,-20,0.0389069089805825,0.5,3.66587470109185E-05
RUT,2,-20,0.113228050242718,1.5,0.000335860537721222
RUT,2,-20,0,0,0
RUT,2,-20,0.082157129368932,3.5,3.76086557918857E-06
RUT,2,-20,0.0509107546116503,0.5,2.80478171331905E-06
RUT,2,-20,0.384590740776697,6.75,8.78888650012765E-05
RUT,2,-20,0.461931467475727,7.25,0.00043564382131287
RUT,2,-20,0,0,0
RUT,2,-20,0.45945917184466,8.25,0.000136909907982277
RUT,2,-20,0.183119632524272,3,3.38005688030952E-05
RUT,2,-20,0.365967966504852,7,0.000154509170162126
RUT,2,-20,0.67937320461165,9,0.000507483217345458
RUT,2,-40,0.399467297572815,5.25,0.000190254287042189
RUT,2,-40,0.820990434466018,4,0.0014566006919425
RUT,2,-40,0.0147843902912621,0.5,4.37803110932555E-08
RUT,2,-40,0,0,0
RUT,2,-40,0,0,0
RUT,2,-40,0.86260622791262,5.25,0.000962415614174215
RUT,2,-40,0,0,0
RUT,2,-40,0.00214282208737864,0.5,6.34543714944353E-09
RUT,2,-40,0,0,0
RUT,2,-40,0,0,0
RUT,2,-40,0.015017004368932,1,4.44691398217485E-08
RUT,2,-40,0.0598657167475728,1,1.77277496346297E-07
RUT,2,-40,0,0,0
RUT,2,-40,0,0,0
RUT,2,-40,0.0184424165048543,0.5,1.51711344462066E-06
RUT,2,-40,0,0,0
RUT,2,-40,0.62209165121359,5.25,0.000332004034563755
RUT,2,-40,0.0329912334951455,0.5,1.36757767685799E-05
RUT,2,-40,0.469712747815533,3.75,0.000276799506304867
RUT,2,-40,1.04064724830097,10.5,0.00237156449245763
RUT,2,-40,0.0164905643203883,1.5,4.88327233151555E-08
RUT,2,-40,1.38902191019417,8.5,0.00307834406996577
RUT,2,-40,0.681686279854367,4.25,0.000435993665961625
RUT,2,-40,1.60704002475728,9,0.00208094532920826
RUT,2,-40,0,0,0
RUT,2,-40,0.00780148932038835,0.5,9.44412861812693E-07
RUT,2,-40,0.54495770776699,9.5,0.000158885688631058
RUT,2,-40,0,0,0
RUT,2,-40,0.063924158252427,2,7.38327893112825E-05
RUT,2,-40,0.193818227184466,1.75,0.00010882537938982
RUT,2,-40,0.0051559808252427,0.5,1.52681602998736E-08
RUT,2,-40,0.0964817031553397,2.5,2.06469433994035E-05
RUT,2,-40,0.00248607791262136,0.5,7.36190397967652E-09
RUT,2,-40,0.213881796359223,3,0.000108136448107578
RUT,2,-40,0.026680553883495,0.5,7.9007853516935E-08
RUT,2,-40,0,0,0
RUT,2,-40,0.0153186160194175,1.5,4.53622885679588E-08
RUT,2,-40,0,0,0
RUT,2,-40,0.107108340533981,1.25,2.62244478273163E-05
RUT,2,-40,0.198268713349515,2,0.000138949653339993
RUT,2,-60,0,0,0
RUT,2,-60,0,0,0
RUT,2,-60,0,0,0
RUT,2,-60,0,0,0
RUT,2,-60,0.034471938592233,1.5,2.54033409419735E-06
RUT,2,-60,0,0,0
RUT,2,-60,0,0,0
RUT,2,-60,0,0,0
RUT,2,-60,0.087910414805825,3.5,1.32923057106212E-05
RUT,2,-60,0.0131169007281553,0.5,3.8842453330063E-08
RUT,2,-60,0.234077442233009,4.5,9.98751498457528E-05
RUT,2,-60,0,0,0
RUT,2,-60,0.00909122427184465,0.5,2.69214096933633E-08
RUT,2,-60,0.0330471672330095,0.5,9.78610027939272E-08
RUT,2,-60,0,0,0
RUT,2,-60,0.032451088592233,0.5,3.83359910480843E-06
RUT,2,-60,0.39458608252427,4.5,0.000197934284016044
RUT,2,-60,0,0,0
RUT,2,-60,0.25460429514563,3.5,6.50916572410125E-05
RUT,2,-60,0.0837871606796115,1,2.29220478218713E-05
RUT,2,-60,0,0,0
RUT,2,-60,0,0,0
RUT,2,-60,0.00917451213592232,0.5,2.7168045861409E-08
RUT,2,-60,0.635887918203882,1.75,0.000612607116132847
RUT,2,-60,0.104014853640776,3,2.65404177644552E-06
RUT,2,-60,0.0331060606796115,1,9.80354008823795E-08
RUT,2,-60,0.0109324347087378,1,3.23736980965967E-08
RUT,2,-60,0,0,0
RUT,2,-60,0.0824183233009707,1,2.44061456109348E-07
RUT,2,-60,0.0240320856796116,0.5,7.11650711934452E-08
RUT,2,-60,0.0202390233009709,2,5.99328562852385E-08
RUT,2,-60,0.044967725,1.75,1.33160783068415E-07
RUT,2,-60,0,0,0
RUT,2,-60,0,0,0
RUT,2,-60,0.0311845220873785,1,4.6569371423512E-06
RUT,2,-60,0,0,0
RUT,2,-60,0,0,0
RUT,2,-60,0.39050569805825,6,4.55692524516645E-05
RUT,2,-60,0.282450878155338,5.5,2.92303304178445E-05
RUT,2,-60,0.0178808368932039,0.5,5.29496706405167E-08
RUT,2,-80,,,
RUT,2,-80,,,
RUT,2,-80,,,
RUT,2,-80,,,
RUT,2,-80,,,
RUT,2,-80,,,
RUT,2,-80,,,
RUT,2,-80,,,
RUT,2,-80,,,
RUT,2,-80,,,
RUT,2,-80,,,
RUT,2,-80,,,
RUT,2,-80,,,
RUT,2,-80,,,
RUT,2,-80,,,
RUT,2,-80,,,
RUT,2,-80,,,
RUT,2,-80,,,
RUT,2,-80,,,
RUT,2,-80,,,
RUT,2,-80,,,
RUT,2,-80,,,
RUT,2,-80,,,
RUT,2,-80,,,
RUT,2,-80,,,
RUT,2,-80,,,
RUT,2,-80,,,
RUT,2,-80,,,
RUT,2,-80,,,
RUT,2,-80,,,
RUT,2,-80,,,
RUT,2,-80,,,
RUT,2,-80,,,
RUT,2,-80,,,
RUT,2,-80,,,
RUT,2,-80,,,
RUT,2,-80,,,
RUT,2,-80,,,
RUT,2,-80,,,
RUT,2,-80,,,
RUT,2,-120,,,
RUT,2,-120,,,
RUT,2,-120,,,
RUT,2,-120,,,
RUT,2,-120,,,
RUT,2,-120,,,
RUT,2,-120,,,
RUT,2,-120,,,
RUT,2,-120,,,
RUT,2,-120,,,
RUT,2,-120,,,
RUT,2,-120,,,
RUT,2,-120,,,
RUT,2,-120,,,
RUT,2,-120,,,
RUT,2,-120,,,
RUT,2,-120,,,
RUT,2,-120,,,
RUT,2,-120,,,
RUT,2,-120,,,
RUT,2,-120,,,
RUT,2,-120,,,
RUT,2,-120,,,
RUT,2,-120,,,
RUT,2,-120,,,
RUT,2,-120,,,
RUT,2,-120,,,
RUT,2,-120,,,
RUT,2,-120,,,
RUT,2,-120,,,
RUT,2,-120,,,
RUT,2,-120,,,
RUT,2,-120,,,
RUT,2,-120,,,
RUT,2,-120,,,
RUT,2,-120,,,
RUT,2,-120,,,
RUT,2,-120,,,
RUT,2,-120,,,
RUT,2,-120,,,
RUT,2,-20,0.714962891262135,9.75,0.000692325190621032
RUT,2,-20,1.22667531674757,11.5,0.000414981374063465
RUT,2,-20,1.13718733713592,15,0.00047776588745908
RUT,2,-20,1.56991247330097,17.5,0.00138787718265449
RUT,2,-20,0.959520604126213,9.25,0.000681310251982195
RUT,2,-20,0.595483054854367,7,0.000718414409214515
RUT,2,-20,0.372907997815533,9.75,6.65461371749303E-05
RUT,2,-20,0.25749966699029,3.5,8.08581398622435E-05
RUT,2,-20,0.0857932128640775,1,7.12459127158475E-05
RUT,2,-20,0.125115334951456,2,0.000093363856735717
RUT,2,-20,0.34879038276699,8.5,7.40022512283488E-05
RUT,2,-20,0,0,0
RUT,2,-20,0.0252040339805825,1.5,3.04079035134118E-06
RUT,2,-20,0.189980561407767,4.5,7.03490141524368E-05
RUT,2,-20,0.592380689320388,6,0.000232973709574761
RUT,2,-20,0,0,0
RUT,2,-20,0.309115408495145,6.75,0.000158515392053779
RUT,2,-20,0.417573603398058,5.5,7.40061052881917E-05
RUT,2,-20,2.17581589004854,19.75,0.0104194868809133
RUT,2,-20,0.315986441747573,6.5,0.00015775655124473
RUT,2,-20,1.06640939490291,10,0.00075064925348463
RUT,2,-20,1.09249509587379,12.5,0.00158179564826347
RUT,2,-20,0.12789587961165,1,3.89998805298578E-05
RUT,2,-20,0.624152919174755,7.75,0.000263435181856035
RUT,2,-20,0.20754131092233,4,7.56644946139338E-05
RUT,2,-20,0.274758297087378,4,7.00378181643265E-05
RUT,2,-20,0.123607275970874,0.5,7.27954036875175E-05
RUT,2,-20,0.0475745492718445,1,9.39486438721655E-06
RUT,2,-20,0.17611111092233,2,0.00071110464730715
RUT,2,-20,0,0,0
RUT,2,-20,0.430732655582522,5.25,0.00018025239188791
RUT,2,-20,0.804550900242718,8.75,0.000667962980731232
RUT,2,-20,0.284448051941747,3.25,0.000372405931383362
RUT,2,-20,0.489018355825243,7.5,0.000265623458636053
RUT,2,-20,0.0693906296116502,1,2.05483167113103E-07
RUT,2,-20,0,0,0
RUT,2,-20,0.20825762815534,2.75,0.000208429348868244
RUT,2,-20,0.33099926067961,4,0.000219415527506184
RUT,2,-20,1.18650674490291,11.75,0.00124773745505762
RUT,2,-20,0.142401826699029,1.5,4.77310760315705E-05
RUT,2,-40,0,0,0
RUT,2,-40,0,0,0
RUT,2,-40,0.975822650242717,8.25,0.0010995196698782
RUT,2,-40,0,0,0
RUT,2,-40,0,0,0
RUT,2,-40,0.0522564235436892,1,6.53857150802532E-06
RUT,2,-40,0.326016492718445,2,0.000395449811883937
RUT,2,-40,0.00551648592233007,0.5,1.63357071345359E-08
RUT,2,-40,0,0,0
RUT,2,-40,0.305976810194172,2,0.00059209748115586
RUT,2,-40,0,0,0
RUT,2,-40,0.00355748883495145,0.5,1.05346225543983E-08
RUT,2,-40,0.0127248560679611,0.5,3.7681510340643E-08
RUT,2,-40,0.0191777167475728,0.5,5.67900596397817E-08
RUT,2,-40,0.887025665048543,4,0.00076000002945246
RUT,2,-40,2.13390520873786,9,0.0030221925970224
RUT,2,-40,0.700756822330095,6,0.000232080705136553
RUT,2,-40,0.0611524922330095,1,3.5202679653747E-06
RUT,2,-40,0.436507883495145,8,6.67951151760685E-05
RUT,2,-40,1.15001864951456,11.25,0.000944232286394725
RUT,2,-40,0.0501195203883495,0.5,0.000041716007903392
RUT,2,-40,1.85344139975728,11,0.00455105489321005
RUT,2,-40,1.28224109927184,5.25,0.00159537556781268
RUT,2,-40,0.65502225752427,5.5,0.000928907552704607
RUT,2,-40,0.206449183252427,4,1.32459031958577E-05
RUT,2,-40,0.611330485436893,4.75,0.00096427121195779
RUT,2,-40,0,0,0
RUT,2,-40,0,0,0
RUT,2,-40,0,0,0
RUT,2,-40,0,0,0
RUT,2,-40,0.0254568570388348,0.5,2.83623859470387E-05
RUT,2,-40,0,0,0
RUT,2,-40,0.00377581286407765,0.5,1.11811349037774E-08
RUT,2,-40,0.79421230291262,5,0.00143987756772277
RUT,2,-40,0.130412271116505,0.75,0.000085497024422614
RUT,2,-40,0.00985387864077667,0.5,2.91798214467108E-08
RUT,2,-40,0,0,0
RUT,2,-40,0.0046461495145631,0.5,1.37584211335494E-08
RUT,2,-40,0.308854214563105,3.25,0.000181215418185649
RUT,2,-40,0.64155199660194,8.75,0.000714127446992478
RUT,2,-60,0,0,0
RUT,2,-60,0.00254497111650485,0.5,7.53630206812862E-09
RUT,2,-60,0.115716579854369,1.5,3.42665997774375E-07
RUT,2,-60,0.0446690728155337,0.5,8.24455943295993E-06
RUT,2,-60,0.0564516349514563,2.5,1.67167538415359E-07
RUT,2,-60,0,0,0
RUT,2,-60,0.00727440849514562,1,2.15413593697236E-08
RUT,2,-60,0,0,0
RUT,2,-60,0,0,0
RUT,2,-60,0.0679700436893202,2,5.8240920069697E-06
RUT,2,-60,0.0705120553398057,1,1.23217909365743E-05
RUT,2,-60,0,0,0
RUT,2,-60,0,0,0
RUT,2,-60,0,0,0
RUT,2,-60,0,0,0
RUT,2,-60,0,0,0
RUT,2,-60,0.026160617961165,0.5,7.74681921925602E-08
RUT,2,-60,0.00513158640776698,0.5,1.51959222202801E-08
RUT,2,-60,0.0333416339805825,1,1.04990689566104E-05
RUT,2,-60,0.41912136237864,3,0.00136452462202476
RUT,2,-60,0,0,0
RUT,2,-60,0.0154120084951456,0.5,4.56388466652695E-08
RUT,2,-60,0.260706755339805,2.5,0.000200554740442489
RUT,2,-60,0.432155185436893,4.25,0.000344415016401397
RUT,2,-60,0,0,0
RUT,2,-60,0.146819547572816,3,4.34769735487452E-07
RUT,2,-60,0.056076839805825,0.5,0.000029824826598043
RUT,2,-60,0,0,0
RUT,2,-60,0,0,0
RUT,2,-60,0.0289037041262135,1,1.47003571084086E-05
RUT,2,-60,0,0,0
RUT,2,-60,0,0,0
RUT,2,-60,0,0,0
RUT,2,-60,0,0,0
RUT,2,-60,0.26063775752427,1,3.48983887588115E-05
RUT,2,-60,0.0127736449029126,0.5,3.782598649983E-08
RUT,2,-60,0.0914435092233007,1.5,1.33146803378154E-05
RUT,2,-60,0,0,0
RUT,2,-60,0.00264550849514562,0.5,7.83401824060355E-09
RUT,2,-60,0.143184182281553,0.5,0.000809009749158983
RUT,2,-80,,,
RUT,2,-80,,,
RUT,2,-80,,,
RUT,2,-80,,,
RUT,2,-80,,,
RUT,2,-80,,,
RUT,2,-80,,,
RUT,2,-80,,,
RUT,2,-80,,,
RUT,2,-80,,,
RUT,2,-80,,,
RUT,2,-80,,,
RUT,2,-80,,,
RUT,2,-80,,,
RUT,2,-80,,,
RUT,2,-80,,,
RUT,2,-80,,,
RUT,2,-80,,,
RUT,2,-80,,,
RUT,2,-80,,,
RUT,2,-80,,,
RUT,2,-80,,,
RUT,2,-80,,,
RUT,2,-80,,,
RUT,2,-80,,,
RUT,2,-80,,,
RUT,2,-80,,,
RUT,2,-80,,,
RUT,2,-80,,,
RUT,2,-80,,,
RUT,2,-80,,,
RUT,2,-80,,,
RUT,2,-80,,,
RUT,2,-80,,,
RUT,2,-80,,,
RUT,2,-80,,,
RUT,2,-80,,,
RUT,2,-80,,,
RUT,2,-80,,,
RUT,2,-80,,,
RUT,2,-120,,,
RUT,2,-120,,,
RUT,2,-120,,,
RUT,2,-120,,,
RUT,2,-120,,,
RUT,2,-120,,,
RUT,2,-120,,,
RUT,2,-120,,,
RUT,2,-120,,,
RUT,2,-120,,,
RUT,2,-120,,,
RUT,2,-120,,,
RUT,2,-120,,,
RUT,2,-120,,,
RUT,2,-120,,,
RUT,2,-120,,,
RUT,2,-120,,,
RUT,2,-120,,,
RUT,2,-120,,,
RUT,2,-120,,,
RUT,2,-120,,,
RUT,2,-120,,,
RUT,2,-120,,,
RUT,2,-120,,,
RUT,2,-120,,,
RUT,2,-120,,,
RUT,2,-120,,,
RUT,2,-120,,,
RUT,2,-120,,,
RUT,2,-120,,,
RUT,2,-120,,,
RUT,2,-120,,,
RUT,2,-120,,,
RUT,2,-120,,,
RUT,2,-120,,,
RUT,2,-120,,,
RUT,2,-120,,,
RUT,2,-120,,,
RUT,2,-120,,,
RUT,2,-120,,,
RUT,3,-20,0.244975377912621,5,3.34865592597693E-05
RUT,3,-20,0.435213963106795,3.5,0.00100178227275385
RUT,3,-20,0.3392785342233,3,3.16107626335305E-05
RUT,3,-20,0.413157616019418,2,0.000358714236357525
RUT,3,-20,0.21981053592233,2,0.000097136828923418
RUT,3,-20,1.38510789126214,17.75,0.00055658017052864
RUT,3,-20,0.604909164077667,11,0.000148550113417853
RUT,3,-20,0.30299743252427,3,0.000308211426758237
RUT,3,-20,0.119909339563107,2,0.000050818131250303
RUT,3,-20,0.182508037864077,3,3.80546990009855E-05
RUT,3,-20,1.68824179635922,13.5,0.00212123087048984
RUT,3,-20,0,0,0
RUT,3,-20,0,0,0
RUT,3,-20,0.677720004854368,6,0.000738740021293515
RUT,3,-20,1.72544967597087,17.75,0.00189616844152405
RUT,3,-20,0,0,0
RUT,3,-20,0.0567401827669903,0.5,8.57424818207108E-06
RUT,3,-20,0.0065635026699029,1,1.94361876296641E-08
RUT,3,-20,0.190836608009709,5,0.000168487506313334
RUT,3,-20,0.0480612118932037,0.5,6.3534766618286E-06
RUT,3,-20,0.079900706067961,1.5,2.57661261941452E-05
RUT,3,-20,0,0,0
RUT,3,-20,0.0348681684466017,1,1.03253447109845E-07
RUT,3,-20,0,0,0
RUT,3,-20,0,0,0
RUT,3,-20,0.494064412864078,8,0.00022731040989927
RUT,3,-20,0.637949186165047,6.25,0.00119850900986179
RUT,3,-20,0,0,0
RUT,3,-20,0.146806483495145,0.75,0.000363365613641603
RUT,3,-20,0.0586777449029125,1.5,5.8725261174566E-06
RUT,3,-20,0.327134241019417,3.5,0.000126374264937399
RUT,3,-20,0.202810140048544,2,0.000325275009756095
RUT,3,-20,0.522424802427182,7,5.07296500237477E-05
RUT,3,-20,0.668048725485435,8.75,0.000263074399750577
RUT,3,-20,0,0,0
RUT,3,-20,0.235375548058252,4.75,0.000172407107774631
RUT,3,-20,0.724738595873785,7.5,0.000134732121245288
RUT,3,-20,0.119786859466019,2,3.54719123349197E-07
RUT,3,-20,1.08443334126213,6.5,0.00026712913650596
RUT,3,-20,0.0309114900485435,1.5,9.1536723719648E-08
RUT,3,-40,0.0282445466019415,0.5,8.36392312535518E-08
RUT,3,-40,0.171009330339806,3.75,2.41345817374788E-05
RUT,3,-40,0.00600192281553398,0.5,1.77732082212666E-08
RUT,3,-40,0.0522177390776697,1,6.62913807433145E-05
RUT,3,-40,0.0275925342233008,0.5,8.17084576019445E-08
RUT,3,-40,0.36725178252427,3.5,0.00045264857540973
RUT,3,-40,1.50299934029126,9.25,0.0043444566352799
RUT,3,-40,0.0346456589805825,1,1.02594540539403E-07
RUT,3,-40,0,0,0
RUT,3,-40,0,0,0
RUT,3,-40,0,0,0
RUT,3,-40,0,0,0
RUT,3,-40,0,0,0
RUT,3,-40,0,0,0
RUT,3,-40,0.285383708495145,2.75,0.000300538850237065
RUT,3,-40,0,0,0
RUT,3,-40,0,0,0
RUT,3,-40,0.649983345388348,3,0.000650615123498138
RUT,3,-40,0.0292154203883495,1,8.65142334270133E-08
RUT,3,-40,0.082889470145631,0.75,0.000340095916568135
RUT,3,-40,0,0,0
RUT,3,-40,0.0140217361650485,0.5,2.28921659046587E-06
RUT,3,-40,0,0,0
RUT,3,-40,0,0,0
RUT,3,-40,0,0,0
RUT,3,-40,0.0257584689320388,1,2.53392094205598E-06
RUT,3,-40,0.605950261650485,3.25,0.00141960217694149
RUT,3,-40,0,0,0
RUT,3,-40,0.533369285436893,3.25,0.00280967296072942
RUT,3,-40,0.0524848519417475,2,1.58731981512766E-05
RUT,3,-40,0,0,0
RUT,3,-40,0,0,0
RUT,3,-40,0.0182484868932039,0.5,5.40383755503433E-08
RUT,3,-40,1.13812075242718,3,0.00141325773602556
RUT,3,-40,0.805253435194172,2.25,0.00148737289492412
RUT,3,-40,0.049256328883495,1,4.24557625603193E-05
RUT,3,-40,0.0156101233009709,1,4.62255151561185E-08
RUT,3,-40,0.223685152427184,2.5,0.000019329163358277
RUT,3,-40,0.210677159951456,2,0.000091778920539851
RUT,3,-40,1.2728592961165,7.75,0.00124899863618108
RUT,3,-60,0,0,0
RUT,3,-60,0,0,0
RUT,3,-60,0,0,0
RUT,3,-60,0.0318823638349513,2.5,9.44117258931095E-08
RUT,3,-60,0,0,0
RUT,3,-60,0,0,0
RUT,3,-60,0.073077235436893,1.5,0.000010297955193978
RUT,3,-60,0.0325516257281552,0.5,9.63935795491462E-08
RUT,3,-60,0.0216810441747573,0.5,6.42030436238877E-08
RUT,3,-60,0.0576610417475727,1,1.18668808510726E-05
RUT,3,-60,0,0,0
RUT,3,-60,0.139726004854369,1.5,4.1376396460415E-07
RUT,3,-60,0.40562446553398,4.5,0.00128193460326344
RUT,3,-60,0.00388349514563105,0.5,1.15000091514166E-08
RUT,3,-60,0.0807377694174755,4,2.39084912334005E-07
RUT,3,-60,0,0,0
RUT,3,-60,0,0,0
RUT,3,-60,0,0,0
RUT,3,-60,0.516289576941747,4.75,0.000182486121529211
RUT,3,-60,0.09139176092233,1,2.70634069625808E-07
RUT,3,-60,0,0,0
RUT,3,-60,0,0,0
RUT,3,-60,0.0850899599514563,0.5,1.61814650708731E-05
RUT,3,-60,0.369615888106795,5.5,8.83703548651675E-05
RUT,3,-60,0,0,0
RUT,3,-60,0.0902067485436892,0.5,0.000682556156665387
RUT,3,-60,0,0,0
RUT,3,-60,0.034915731553398,2,1.03394293130855E-07
RUT,3,-60,0,0,0
RUT,3,-60,0,0,0
RUT,3,-60,0,0,0
RUT,3,-60,0,0,0
RUT,3,-60,0,0,0
RUT,3,-60,0,0,0
RUT,3,-60,0.10934874053398,1.75,0.000200891849285777
RUT,3,-60,0,0,0
RUT,3,-60,0,0,0
RUT,3,-60,0,0,0
RUT,3,-60,0,0,0
RUT,3,-60,0,0,0
RUT,3,-80,,,
RUT,3,-80,,,
RUT,3,-80,,,
RUT,3,-80,,,
RUT,3,-80,,,
RUT,3,-80,,,
RUT,3,-80,,,
RUT,3,-80,,,
RUT,3,-80,,,
RUT,3,-80,,,
RUT,3,-80,,,
RUT,3,-80,,,
RUT,3,-80,,,
RUT,3,-80,,,
RUT,3,-80,,,
RUT,3,-80,,,
RUT,3,-80,,,
RUT,3,-80,,,
RUT,3,-80,,,
RUT,3,-80,,,
RUT,3,-80,,,
RUT,3,-80,,,
RUT,3,-80,,,
RUT,3,-80,,,
RUT,3,-80,,,
RUT,3,-80,,,
RUT,3,-80,,,
RUT,3,-80,,,
RUT,3,-80,,,
RUT,3,-80,,,
RUT,3,-80,,,
RUT,3,-80,,,
RUT,3,-80,,,
RUT,3,-80,,,
RUT,3,-80,,,
RUT,3,-80,,,
RUT,3,-80,,,
RUT,3,-80,,,
RUT,3,-80,,,
RUT,3,-80,,,
RUT,3,-120,,,
RUT,3,-120,,,
RUT,3,-120,,,
RUT,3,-120,,,
RUT,3,-120,,,
RUT,3,-120,,,
RUT,3,-120,,,
RUT,3,-120,,,
RUT,3,-120,,,
RUT,3,-120,,,
RUT,3,-120,,,
RUT,3,-120,,,
RUT,3,-120,,,
RUT,3,-120,,,
RUT,3,-120,,,
RUT,3,-120,,,
RUT,3,-120,,,
RUT,3,-120,,,
RUT,3,-120,,,
RUT,3,-120,,,
RUT,3,-120,,,
RUT,3,-120,,,
RUT,3,-120,,,
RUT,3,-120,,,
RUT,3,-120,,,
RUT,3,-120,,,
RUT,3,-120,,,
RUT,3,-120,,,
RUT,3,-120,,,
RUT,3,-120,,,
RUT,3,-120,,,
RUT,3,-120,,,
RUT,3,-120,,,
RUT,3,-120,,,
RUT,3,-120,,,
RUT,3,-120,,,
RUT,3,-120,,,
RUT,3,-120,,,
RUT,3,-120,,,
RUT,3,-120,,,
RUT,3,-20,0.242949624271845,1.5,0.00018882760548632
RUT,3,-20,0.0840352905339805,1.5,1.06375831566347E-05
RUT,3,-20,0.149262247815534,2.5,1.14814393883376E-05
RUT,3,-20,0.0919664046116503,2.5,1.80730280401692E-05
RUT,3,-20,0.239403465776699,4,0.000337357491326742
RUT,3,-20,0.618926714563105,7.5,0.00019075758915699
RUT,3,-20,0.173044470388349,3.5,0.000039064141171125
RUT,3,-20,0.189332734223301,2.5,3.61448014270718E-05
RUT,3,-20,0.0919259866504853,0.75,0.00033000572733194
RUT,3,-20,0.575860319174755,10.5,0.000230302177474337
RUT,3,-20,0.175273539805825,3.5,0.000066728904323541
RUT,3,-20,0.263060966747573,1.5,6.91175421676685E-05
RUT,3,-20,0.268824146359223,4.5,0.0002926734931751
RUT,3,-20,0.439545647087377,4.25,0.00128245623534195
RUT,3,-20,0.460623257281553,4.5,0.000224136845348609
RUT,3,-20,0.047064717961165,0.5,3.64803473163928E-05
RUT,3,-20,0.12106230461165,2.5,4.16526706778087E-05
RUT,3,-20,0.47016368567961,6.25,6.77327066845147E-05
RUT,3,-20,0.838044819902912,11,0.000227048610905789
RUT,3,-20,2.37039533519417,17.5,0.00494534248023682
RUT,3,-20,1.94028826650485,21.25,0.000971152933707138
RUT,3,-20,0.0410640208737863,2,1.21600929829683E-07
RUT,3,-20,0.27672198737864,1,0.000145933457574261
RUT,3,-20,0.658448895631068,10.25,0.000384046947001857
RUT,3,-20,0.616717346359222,5.75,0.00156740347040386
RUT,3,-20,0.536589437864077,6.5,0.000291669671052557
RUT,3,-20,0.310224996116503,3.5,0.000194630493966471
RUT,3,-20,0.340529584951455,6.25,0.00029334799562768
RUT,3,-20,0.703699757281553,6.75,0.000661830954917832
RUT,3,-20,0.0868133834951455,0.5,0.000033052294426467
RUT,3,-20,0.27973637184466,4.5,0.000182386544823867
RUT,3,-20,0.23276086092233,3,2.89680566806713E-05
RUT,3,-20,0.211630066019417,2,0.000048878091623754
RUT,3,-20,0.220390591019417,3,0.000036410925066828
RUT,3,-20,0.27741513592233,6,7.60633906872438E-05
RUT,3,-20,0.284565120388348,2,0.000155779359020597
RUT,3,-20,0.138615909223301,2,3.39923939737463E-05
RUT,3,-20,0.724182006796115,10,0.000439144160372398
RUT,3,-20,0.28142529660194,6,0.0000353483929163
RUT,3,-20,0.805509428155337,9.5,0.000370860304895457
RUT,3,-40,0,0,0
RUT,3,-40,0,0,0
RUT,3,-40,0.0121704213592233,0.5,1.29505583050478E-06
RUT,3,-40,0.050928003883495,1,1.50810673205659E-07
RUT,3,-40,0.065327494660194,0.5,2.66580173474253E-05
RUT,3,-40,1.1772646711165,12,0.000304195679845468
RUT,3,-40,0,0,0
RUT,3,-40,0,0,0
RUT,3,-40,0.0137028747572816,0.5,1.82229184146635E-05
RUT,3,-40,0.173399056310679,1,0.000066592000136356
RUT,3,-40,0.072906474514563,1,7.36208754039205E-06
RUT,3,-40,0,0,0
RUT,3,-40,0.0140044866504854,0.5,4.1470819335479E-08
RUT,3,-40,0,0,0
RUT,3,-40,0.0123816002427184,0.5,3.666504351041E-08
RUT,3,-40,0.204098649271844,2.25,0.00025469182957294
RUT,3,-40,0.0145660662621359,0.5,2.18436364549425E-06
RUT,3,-40,0.181500931553398,1,9.97517760355513E-05
RUT,3,-40,0,0,0
RUT,3,-40,0.0283206895631067,1,2.9164963090049E-06
RUT,3,-40,0,0,0
RUT,3,-40,0,0,0
RUT,3,-40,0.454482830825243,1.75,0.00109381669275675
RUT,3,-40,0.0775538497572815,1.5,1.20816600761215E-05
RUT,3,-40,0.0065462531553398,0.5,1.93851076252348E-08
RUT,3,-40,0,0,0
RUT,3,-40,0,0,0
RUT,3,-40,0,0,0
RUT,3,-40,0,0,0
RUT,3,-40,2.7646797186893,17.25,0.0115041484165702
RUT,3,-40,0.0973764342233008,0.75,0.000153385003735837
RUT,3,-40,0,0,0
RUT,3,-40,0,0,0
RUT,3,-40,0.0835099434466018,2.25,4.71864317052658E-05
RUT,3,-40,0.0350192283980583,0.5,5.36113944487047E-05
RUT,3,-40,0.228631687864078,3.5,5.31896213043148E-05
RUT,3,-40,0,0,0
RUT,3,-40,0.927155255097085,11.5,0.000622250541573283
RUT,3,-40,0.070875520145631,1.5,2.85393709508413E-05
RUT,3,-40,0,0,0
RUT,3,-60,0,0,0
RUT,3,-60,0.084072749029126,1.5,0.000065841686253291
RUT,3,-60,0.768930689805825,6.75,0.00106010675656614
RUT,3,-60,0.00343255728155337,0.5,1.01646680735444E-08
RUT,3,-60,0,0,0
RUT,3,-60,0,0,0
RUT,3,-60,0.128290883737864,1.5,1.98229963584225E-05
RUT,3,-60,0,0,0
RUT,3,-60,0,0.25,0
RUT,3,-60,0.00574195485436893,0.5,1.70033777878646E-08
RUT,3,-60,0.0862345541262135,2,6.78157784723448E-05
RUT,3,-60,0,0,0
RUT,3,-60,0.0288061264563105,1,8.5302210433164E-08
RUT,3,-60,0,0,0
RUT,3,-60,0.00517323009708738,0.5,1.53192403043029E-08
RUT,3,-60,0,0,0
RUT,3,-60,0.00529101699029125,0.5,1.56680364812071E-08
RUT,3,-60,0,0,0
RUT,3,-60,0.918360231310677,7,0.00251027143842377
RUT,3,-60,0.0980932592233008,1,0.000079796221936037
RUT,3,-60,0.0282344422330095,1,1.90260259964291E-05
RUT,3,-60,0,0,0
RUT,3,-60,0.00554088033980583,0.5,1.64079452141294E-08
RUT,3,-60,0,0,0
RUT,3,-60,0.0250547080097085,0.5,1.82540653589597E-05
RUT,3,-60,0.00879675752427183,0.5,2.60494190223175E-08
RUT,3,-60,0.030973342961165,1,3.24110738661165E-06
RUT,3,-60,0.02678823592233,0.5,4.10211872199093E-05
RUT,3,-60,0,0,0
RUT,3,-60,0,0,0
RUT,3,-60,0,0,0
RUT,3,-60,0,0,0
RUT,3,-60,0.0164977094660194,0.5,4.88538813903198E-08
RUT,3,-60,0.0660098206310678,2,1.95471739052846E-07
RUT,3,-60,0.0219136580097087,0.5,6.48918721235952E-08
RUT,3,-60,0,0,0
RUT,3,-60,0.0632608155339805,2,1.87331240556882E-07
RUT,3,-60,0,0,0
RUT,3,-60,0,0,0
RUT,3,-60,0,0,0
RUT,3,-80,,,
RUT,3,-80,,,
RUT,3,-80,,,
RUT,3,-80,,,
RUT,3,-80,,,
RUT,3,-80,,,
RUT,3,-80,,,
RUT,3,-80,,,
RUT,3,-80,,,
RUT,3,-80,,,
RUT,3,-80,,,
RUT,3,-80,,,
RUT,3,-80,,,
RUT,3,-80,,,
RUT,3,-80,,,
RUT,3,-80,,,
RUT,3,-80,,,
RUT,3,-80,,,
RUT,3,-80,,,
RUT,3,-80,,,
RUT,3,-80,,,
RUT,3,-80,,,
RUT,3,-80,,,
RUT,3,-80,,,
RUT,3,-80,,,
RUT,3,-80,,,
RUT,3,-80,,,
RUT,3,-80,,,
RUT,3,-80,,,
RUT,3,-80,,,
RUT,3,-80,,,
RUT,3,-80,,,
RUT,3,-80,,,
RUT,3,-80,,,
RUT,3,-80,,,
RUT,3,-80,,,
RUT,3,-80,,,
RUT,3,-80,,,
RUT,3,-80,,,
RUT,3,-80,,,
RUT,3,-120,,,
RUT,3,-120,,,
RUT,3,-120,,,
RUT,3,-120,,,
RUT,3,-120,,,
RUT,3,-120,,,
RUT,3,-120,,,
RUT,3,-120,,,
RUT,3,-120,,,
RUT,3,-120,,,
RUT,3,-120,,,
RUT,3,-120,,,
RUT,3,-120,,,
RUT,3,-120,,,
RUT,3,-120,,,
RUT,3,-120,,,
RUT,3,-120,,,
RUT,3,-120,,,
RUT,3,-120,,,
RUT,3,-120,,,
RUT,3,-120,,,
RUT,3,-120,,,
RUT,3,-120,,,
RUT,3,-120,,,
RUT,3,-120,,,
RUT,3,-120,,,
RUT,3,-120,,,
RUT,3,-120,,,
RUT,3,-120,,,
RUT,3,-120,,,
RUT,3,-120,,,
RUT,3,-120,,,
RUT,3,-120,,,
RUT,3,-120,,,
RUT,3,-120,,,
RUT,3,-120,,,
RUT,3,-120,,,
RUT,3,-120,,,
RUT,3,-120,,,
RUT,3,-120,,,
RUT,3,-20,0.474382783980583,8.5,0.000333645947788422
RUT,3,-20,0.975588302669902,9.25,0.000640987305867567
RUT,3,-20,0.179204597815534,2.5,2.17946660565722E-05
RUT,3,-20,0,0,0
RUT,3,-20,0.294002052184465,2.5,3.22430243974477E-05
RUT,3,-20,0.71365713252427,12.25,0.00025339036930633
RUT,3,-20,0.0143060983009709,1,4.2363968081689E-08
RUT,3,-20,0.229786386650485,2.75,0.0002699905968817
RUT,3,-20,0,0,0
RUT,3,-20,1.87036911990291,24,0.00169778654089265
RUT,3,-20,0.653781819174755,4.5,0.000983966708138903
RUT,3,-20,0.26486869368932,2.5,0.000151032879233102
RUT,3,-20,0.169098404126214,1,5.80935356504873E-05
RUT,3,-20,0.108383785679612,4.5,1.70373485397085E-05
RUT,3,-20,0.6849515434466,8.5,0.000212122952079522
RUT,3,-20,0.0114422660194175,1,3.3883437262921E-08
RUT,3,-20,0.0546764628640775,1.5,1.61910806175742E-07
RUT,3,-20,0.090767102184466,5,2.6878429813668E-07
RUT,3,-20,0.2976386434466,3.5,0.000288363434256908
RUT,3,-20,0.691970677184465,7,0.000346360061479445
RUT,3,-20,0.448157861165048,3.75,0.000570545085158963
RUT,3,-20,0.0379919689320388,1,1.91751134752779E-06
RUT,3,-20,0.047854726213592,0.5,1.41709921828599E-07
RUT,3,-20,0.58519007645631,7.5,0.00066286487117139
RUT,3,-20,0.0336747851941748,0.5,9.97195381371558E-08
RUT,3,-20,0.35743882961165,3.25,0.000175843870110512
RUT,3,-20,0.42533864975728,3.75,0.000116129771833221
RUT,3,-20,0.315722288592233,4,0.000470978413488455
RUT,3,-20,0.0235395038834951,0.5,4.32035125607767E-06
RUT,3,-20,0.551311975242718,8,0.000293730133835578
RUT,3,-20,1.59684880946602,11.75,0.0023347263949724
RUT,3,-20,0.166587424029126,2.25,0.000123670192216583
RUT,3,-20,0.0376933167475728,2,1.11619423698691E-07
RUT,3,-20,0.613118213592233,4,0.000383531007335775
RUT,3,-20,0.108221395631068,2.5,1.31413640911682E-05
RUT,3,-20,1.96542064053398,15.75,0.0014845480307872
RUT,3,-20,0,0,0
RUT,3,-20,0.635132408980583,6,0.000377233999310898
RUT,3,-20,0.358117180582523,6.25,5.07946061070148E-05
RUT,3,-20,0.433159332281553,6.5,0.000130505527268476
RUT,3,-40,0.369305905582523,3.5,0.000106780437373195
RUT,3,-40,0.4083842934466,4,0.000511990121900758
RUT,3,-40,0,0,0
RUT,3,-40,0.016816570631068,1,1.12678506571174E-06
RUT,3,-40,0.3315638,2,0.000218059860158118
RUT,3,-40,0.736385911407765,4.25,0.00224723849286418
RUT,3,-40,0,0,0
RUT,3,-40,0,0,0
RUT,3,-40,0,0,0
RUT,3,-40,0,0,0
RUT,3,-40,0,0,0
RUT,3,-40,0.0245175225728155,1,2.21297708553921E-06
RUT,3,-40,0.664068160194172,3,0.0013862378104053
RUT,3,-40,0,0,0
RUT,3,-40,0,0,0
RUT,3,-40,0,0,0
RUT,3,-40,0,0,0
RUT,3,-40,0.607270817961165,6,0.000629629917924832
RUT,3,-40,0.51047638276699,4.5,0.000510187298431813
RUT,3,-40,0.805433792961165,7.25,0.00130222849541491
RUT,3,-40,0.076315863106796,1.5,0.000060913019489543
RUT,3,-40,1.05936290728155,4.75,0.00187733772065347
RUT,3,-40,0.13514885315534,3,4.91217944875525E-06
RUT,3,-40,0.00365802621359222,1,1.08323387268732E-08
RUT,3,-40,0.0722830419902913,0.5,3.79587928151313E-05
RUT,3,-40,2.24238555679612,13.25,0.00804906196824138
RUT,3,-40,0.106589630582524,1.5,3.23947723134415E-05
RUT,3,-40,0,0,0
RUT,3,-40,0.162086415291262,1.25,0.000107310511939853
RUT,3,-40,0.0827960779126213,1,4.90454691391352E-05
RUT,3,-40,0.0507513237864078,0.5,7.51877467519332E-06
RUT,3,-40,0,0,0
RUT,3,-40,0.035270317475728,1,1.0444431202853E-07
RUT,3,-40,0.503140121359222,3,0.000970025279133305
RUT,3,-40,1.40681332985437,14.5,0.00123919643896302
RUT,3,-40,0,0,0
RUT,3,-40,0.0198124798543689,1.5,5.866975328696E-08
RUT,3,-40,1.20477962621359,7.25,0.00265680447804367
RUT,3,-40,1.57057805752427,8.75,0.00265013882454285
RUT,3,-40,1.53579491043689,13.25,0.00100126961406532
RUT,3,-60,0.0448124798543687,0.5,1.32701062799766E-07
RUT,3,-60,0.397721931310678,6.25,0.000203170797251509
RUT,3,-60,0.088278064805825,2.5,2.61413630074115E-07
RUT,3,-60,0.018265736407767,0.5,5.40894555547725E-08
RUT,3,-60,0.00760041456310677,0.5,2.25067461955273E-08
RUT,3,-60,0.0286752757281552,0.5,8.49147282441085E-08
RUT,3,-60,0,0,0
RUT,3,-60,0,0,0
RUT,3,-60,0.035231633252427,1,3.05149994829447E-06
RUT,3,-60,0,0,0
RUT,3,-60,0,0,0
RUT,3,-60,0,0,0
RUT,3,-60,0,0,0
RUT,3,-60,0,0,0
RUT,3,-60,0,0,0
RUT,3,-60,0,0,0
RUT,3,-60,0.0400027143203883,1,1.18458133184226E-07
RUT,3,-60,0,0,0
RUT,3,-60,0,0,0
RUT,3,-60,0.535895781310677,5.25,0.00168238555301873
RUT,3,-60,0,0,0
RUT,3,-60,0.108640794174757,2,1.97802359843767E-05
RUT,3,-60,0.0056414177184466,0.5,1.67056613866043E-08
RUT,3,-60,0,0,0
RUT,3,-60,0.130303362864078,1.5,3.85861143954527E-07
RUT,3,-60,0,0,0
RUT,3,-60,0.0332208878640775,1.5,9.8375433205183E-08
RUT,3,-60,0.0937142225728155,2,1.49639786081061E-05
RUT,3,-60,0.0195138276699029,0.5,1.51572253378474E-05
RUT,3,-60,0,0,0
RUT,3,-60,0,0,0
RUT,3,-60,0,0,0
RUT,3,-60,0,0,0
RUT,3,-60,0,0,0
RUT,3,-60,0,0,0
RUT,3,-60,0.00185845970873786,0.5,5.50336840766265E-09
RUT,3,-60,0,0,0
RUT,3,-60,0,0,0
RUT,3,-60,0,0,0
RUT,3,-60,0,0,0
RUT,3,-80,,,
RUT,3,-80,,,
RUT,3,-80,,,
RUT,3,-80,,,
RUT,3,-80,,,
RUT,3,-80,,,
RUT,3,-80,,,
RUT,3,-80,,,
RUT,3,-80,,,
RUT,3,-80,,,
RUT,3,-80,,,
RUT,3,-80,,,
RUT,3,-80,,,
RUT,3,-80,,,
RUT,3,-80,,,
RUT,3,-80,,,
RUT,3,-80,,,
RUT,3,-80,,,
RUT,3,-80,,,
RUT,3,-80,,,
RUT,3,-80,,,
RUT,3,-80,,,
RUT,3,-80,,,
RUT,3,-80,,,
RUT,3,-80,,,
RUT,3,-80,,,
RUT,3,-80,,,
RUT,3,-80,,,
RUT,3,-80,,,
RUT,3,-80,,,
RUT,3,-80,,,
RUT,3,-80,,,
RUT,3,-80,,,
RUT,3,-80,,,
RUT,3,-80,,,
RUT,3,-80,,,
RUT,3,-80,,,
RUT,3,-80,,,
RUT,3,-80,,,
RUT,3,-80,,,
RUT,3,-120,,,
RUT,3,-120,,,
RUT,3,-120,,,
RUT,3,-120,,,
RUT,3,-120,,,
RUT,3,-120,,,
RUT,3,-120,,,
RUT,3,-120,,,
RUT,3,-120,,,
RUT,3,-120,,,
RUT,3,-120,,,
RUT,3,-120,,,
RUT,3,-120,,,
RUT,3,-120,,,
RUT,3,-120,,,
RUT,3,-120,,,
RUT,3,-120,,,
RUT,3,-120,,,
RUT,3,-120,,,
RUT,3,-120,,,
RUT,3,-120,,,
RUT,3,-120,,,
RUT,3,-120,,,
RUT,3,-120,,,
RUT,3,-120,,,
RUT,3,-120,,,
RUT,3,-120,,,
RUT,3,-120,,,
RUT,3,-120,,,
RUT,3,-120,,,
RUT,3,-120,,,
RUT,3,-120,,,
RUT,3,-120,,,
RUT,3,-120,,,
RUT,3,-120,,,
RUT,3,-120,,,
RUT,3,-120,,,
RUT,3,-120,,,
RUT,3,-120,,,
RUT,3,-120,,,
RLT,1,-20,,,
RLT,1,-20,,,
RLT,1,-20,,,
RLT,1,-20,,,
RLT,1,-20,,,
RLT,1,-20,,,
RLT,1,-20,,,
RLT,1,-20,,,
RLT,1,-20,,,
RLT,1,-20,,,
RLT,1,-20,,,
RLT,1,-20,,,
RLT,1,-20,,,
RLT,1,-20,,,
RLT,1,-20,,,
RLT,1,-20,,,
RLT,1,-20,,,
RLT,1,-20,,,
RLT,1,-20,,,
RLT,1,-20,,,
RLT,1,-20,,,
RLT,1,-20,,,
RLT,1,-20,,,
RLT,1,-20,,,
RLT,1,-20,,,
RLT,1,-20,,,
RLT,1,-20,,,
RLT,1,-20,,,
RLT,1,-20,,,
RLT,1,-20,,,
RLT,1,-20,,,
RLT,1,-20,,,
RLT,1,-20,,,
RLT,1,-20,,,
RLT,1,-20,,,
RLT,1,-20,,,
RLT,1,-20,,,
RLT,1,-20,,,
RLT,1,-20,,,
RLT,1,-20,,,
RLT,1,-40,,,
RLT,1,-40,,,
RLT,1,-40,,,
RLT,1,-40,,,
RLT,1,-40,,,
RLT,1,-40,,,
RLT,1,-40,,,
RLT,1,-40,,,
RLT,1,-40,,,
RLT,1,-40,,,
RLT,1,-40,,,
RLT,1,-40,,,
RLT,1,-40,,,
RLT,1,-40,,,
RLT,1,-40,,,
RLT,1,-40,,,
RLT,1,-40,,,
RLT,1,-40,,,
RLT,1,-40,,,
RLT,1,-40,,,
RLT,1,-40,,,
RLT,1,-40,,,
RLT,1,-40,,,
RLT,1,-40,,,
RLT,1,-40,,,
RLT,1,-40,,,
RLT,1,-40,,,
RLT,1,-40,,,
RLT,1,-40,,,
RLT,1,-40,,,
RLT,1,-40,,,
RLT,1,-40,,,
RLT,1,-40,,,
RLT,1,-40,,,
RLT,1,-40,,,
RLT,1,-40,,,
RLT,1,-40,,,
RLT,1,-40,,,
RLT,1,-40,,,
RLT,1,-40,,,
RLT,1,-60,,,
RLT,1,-60,,,
RLT,1,-60,,,
RLT,1,-60,,,
RLT,1,-60,,,
RLT,1,-60,,,
RLT,1,-60,,,
RLT,1,-60,,,
RLT,1,-60,,,
RLT,1,-60,,,
RLT,1,-60,,,
RLT,1,-60,,,
RLT,1,-60,,,
RLT,1,-60,,,
RLT,1,-60,,,
RLT,1,-60,,,
RLT,1,-60,,,
RLT,1,-60,,,
RLT,1,-60,,,
RLT,1,-60,,,
RLT,1,-60,,,
RLT,1,-60,,,
RLT,1,-60,,,
RLT,1,-60,,,
RLT,1,-60,,,
RLT,1,-60,,,
RLT,1,-60,,,
RLT,1,-60,,,
RLT,1,-60,,,
RLT,1,-60,,,
RLT,1,-60,,,
RLT,1,-60,,,
RLT,1,-60,,,
RLT,1,-60,,,
RLT,1,-60,,,
RLT,1,-60,,,
RLT,1,-60,,,
RLT,1,-60,,,
RLT,1,-60,,,
RLT,1,-60,,,
RLT,1,-80,,,
RLT,1,-80,,,
RLT,1,-80,,,
RLT,1,-80,,,
RLT,1,-80,,,
RLT,1,-80,,,
RLT,1,-80,,,
RLT,1,-80,,,
RLT,1,-80,,,
RLT,1,-80,,,
RLT,1,-80,,,
RLT,1,-80,,,
RLT,1,-80,,,
RLT,1,-80,,,
RLT,1,-80,,,
RLT,1,-80,,,
RLT,1,-80,,,
RLT,1,-80,,,
RLT,1,-80,,,
RLT,1,-80,,,
RLT,1,-80,,,
RLT,1,-80,,,
RLT,1,-80,,,
RLT,1,-80,,,
RLT,1,-80,,,
RLT,1,-80,,,
RLT,1,-80,,,
RLT,1,-80,,,
RLT,1,-80,,,
RLT,1,-80,,,
RLT,1,-80,,,
RLT,1,-80,,,
RLT,1,-80,,,
RLT,1,-80,,,
RLT,1,-80,,,
RLT,1,-80,,,
RLT,1,-80,,,
RLT,1,-80,,,
RLT,1,-80,,,
RLT,1,-80,,,
RLT,1,-120,,,
RLT,1,-120,,,
RLT,1,-120,,,
RLT,1,-120,,,
RLT,1,-120,,,
RLT,1,-120,,,
RLT,1,-120,,,
RLT,1,-120,,,
RLT,1,-120,,,
RLT,1,-120,,,
RLT,1,-120,,,
RLT,1,-120,,,
RLT,1,-120,,,
RLT,1,-120,,,
RLT,1,-120,,,
RLT,1,-120,,,
RLT,1,-120,,,
RLT,1,-120,,,
RLT,1,-120,,,
RLT,1,-120,,,
RLT,1,-120,,,
RLT,1,-120,,,
RLT,1,-120,,,
RLT,1,-120,,,
RLT,1,-120,,,
RLT,1,-120,,,
RLT,1,-120,,,
RLT,1,-120,,,
RLT,1,-120,,,
RLT,1,-120,,,
RLT,1,-120,,,
RLT,1,-120,,,
RLT,1,-120,,,
RLT,1,-120,,,
RLT,1,-120,,,
RLT,1,-120,,,
RLT,1,-120,,,
RLT,1,-120,,,
RLT,1,-120,,,
RLT,1,-120,,,
RLT,1,-20,,,
RLT,1,-20,,,
RLT,1,-20,,,
RLT,1,-20,,,
RLT,1,-20,,,
RLT,1,-20,,,
RLT,1,-20,,,
RLT,1,-20,,,
RLT,1,-20,,,
RLT,1,-20,,,
RLT,1,-20,,,
RLT,1,-20,,,
RLT,1,-20,,,
RLT,1,-20,,,
RLT,1,-20,,,
RLT,1,-20,,,
RLT,1,-20,,,
RLT,1,-20,,,
RLT,1,-20,,,
RLT,1,-20,,,
RLT,1,-20,,,
RLT,1,-20,,,
RLT,1,-20,,,
RLT,1,-20,,,
RLT,1,-20,,,
RLT,1,-20,,,
RLT,1,-20,,,
RLT,1,-20,,,
RLT,1,-20,,,
RLT,1,-20,,,
RLT,1,-20,,,
RLT,1,-20,,,
RLT,1,-20,,,
RLT,1,-20,,,
RLT,1,-20,,,
RLT,1,-20,,,
RLT,1,-20,,,
RLT,1,-20,,,
RLT,1,-20,,,
RLT,1,-20,,,
RLT,1,-40,,,
RLT,1,-40,,,
RLT,1,-40,,,
RLT,1,-40,,,
RLT,1,-40,,,
RLT,1,-40,,,
RLT,1,-40,,,
RLT,1,-40,,,
RLT,1,-40,,,
RLT,1,-40,,,
RLT,1,-40,,,
RLT,1,-40,,,
RLT,1,-40,,,
RLT,1,-40,,,
RLT,1,-40,,,
RLT,1,-40,,,
RLT,1,-40,,,
RLT,1,-40,,,
RLT,1,-40,,,
RLT,1,-40,,,
RLT,1,-40,,,
RLT,1,-40,,,
RLT,1,-40,,,
RLT,1,-40,,,
RLT,1,-40,,,
RLT,1,-40,,,
RLT,1,-40,,,
RLT,1,-40,,,
RLT,1,-40,,,
RLT,1,-40,,,
RLT,1,-40,,,
RLT,1,-40,,,
RLT,1,-40,,,
RLT,1,-40,,,
RLT,1,-40,,,
RLT,1,-40,,,
RLT,1,-40,,,
RLT,1,-40,,,
RLT,1,-40,,,
RLT,1,-40,,,
RLT,1,-60,,,
RLT,1,-60,,,
RLT,1,-60,,,
RLT,1,-60,,,
RLT,1,-60,,,
RLT,1,-60,,,
RLT,1,-60,,,
RLT,1,-60,,,
RLT,1,-60,,,
RLT,1,-60,,,
RLT,1,-60,,,
RLT,1,-60,,,
RLT,1,-60,,,
RLT,1,-60,,,
RLT,1,-60,,,
RLT,1,-60,,,
RLT,1,-60,,,
RLT,1,-60,,,
RLT,1,-60,,,
RLT,1,-60,,,
RLT,1,-60,,,
RLT,1,-60,,,
RLT,1,-60,,,
RLT,1,-60,,,
RLT,1,-60,,,
RLT,1,-60,,,
RLT,1,-60,,,
RLT,1,-60,,,
RLT,1,-60,,,
RLT,1,-60,,,
RLT,1,-60,,,
RLT,1,-60,,,
RLT,1,-60,,,
RLT,1,-60,,,
RLT,1,-60,,,
RLT,1,-60,,,
RLT,1,-60,,,
RLT,1,-60,,,
RLT,1,-60,,,
RLT,1,-60,,,
RLT,1,-80,,,
RLT,1,-80,,,
RLT,1,-80,,,
RLT,1,-80,,,
RLT,1,-80,,,
RLT,1,-80,,,
RLT,1,-80,,,
RLT,1,-80,,,
RLT,1,-80,,,
RLT,1,-80,,,
RLT,1,-80,,,
RLT,1,-80,,,
RLT,1,-80,,,
RLT,1,-80,,,
RLT,1,-80,,,
RLT,1,-80,,,
RLT,1,-80,,,
RLT,1,-80,,,
RLT,1,-80,,,
RLT,1,-80,,,
RLT,1,-80,,,
RLT,1,-80,,,
RLT,1,-80,,,
RLT,1,-80,,,
RLT,1,-80,,,
RLT,1,-80,,,
RLT,1,-80,,,
RLT,1,-80,,,
RLT,1,-80,,,
RLT,1,-80,,,
RLT,1,-80,,,
RLT,1,-80,,,
RLT,1,-80,,,
RLT,1,-80,,,
RLT,1,-80,,,
RLT,1,-80,,,
RLT,1,-80,,,
RLT,1,-80,,,
RLT,1,-80,,,
RLT,1,-80,,,
RLT,1,-120,,,
RLT,1,-120,,,
RLT,1,-120,,,
RLT,1,-120,,,
RLT,1,-120,,,
RLT,1,-120,,,
RLT,1,-120,,,
RLT,1,-120,,,
RLT,1,-120,,,
RLT,1,-120,,,
RLT,1,-120,,,
RLT,1,-120,,,
RLT,1,-120,,,
RLT,1,-120,,,
RLT,1,-120,,,
RLT,1,-120,,,
RLT,1,-120,,,
RLT,1,-120,,,
RLT,1,-120,,,
RLT,1,-120,,,
RLT,1,-120,,,
RLT,1,-120,,,
RLT,1,-120,,,
RLT,1,-120,,,
RLT,1,-120,,,
RLT,1,-120,,,
RLT,1,-120,,,
RLT,1,-120,,,
RLT,1,-120,,,
RLT,1,-120,,,
RLT,1,-120,,,
RLT,1,-120,,,
RLT,1,-120,,,
RLT,1,-120,,,
RLT,1,-120,,,
RLT,1,-120,,,
RLT,1,-120,,,
RLT,1,-120,,,
RLT,1,-120,,,
RLT,1,-120,,,
RLT,1,-20,,,
RLT,1,-20,,,
RLT,1,-20,,,
RLT,1,-20,,,
RLT,1,-20,,,
RLT,1,-20,,,
RLT,1,-20,,,
RLT,1,-20,,,
RLT,1,-20,,,
RLT,1,-20,,,
RLT,1,-20,,,
RLT,1,-20,,,
RLT,1,-20,,,
RLT,1,-20,,,
RLT,1,-20,,,
RLT,1,-20,,,
RLT,1,-20,,,
RLT,1,-20,,,
RLT,1,-20,,,
RLT,1,-20,,,
RLT,1,-20,,,
RLT,1,-20,,,
RLT,1,-20,,,
RLT,1,-20,,,
RLT,1,-20,,,
RLT,1,-20,,,
RLT,1,-20,,,
RLT,1,-20,,,
RLT,1,-20,,,
RLT,1,-20,,,
RLT,1,-20,,,
RLT,1,-20,,,
RLT,1,-20,,,
RLT,1,-20,,,
RLT,1,-20,,,
RLT,1,-20,,,
RLT,1,-20,,,
RLT,1,-20,,,
RLT,1,-20,,,
RLT,1,-20,,,
RLT,1,-40,,,
RLT,1,-40,,,
RLT,1,-40,,,
RLT,1,-40,,,
RLT,1,-40,,,
RLT,1,-40,,,
RLT,1,-40,,,
RLT,1,-40,,,
RLT,1,-40,,,
RLT,1,-40,,,
RLT,1,-40,,,
RLT,1,-40,,,
RLT,1,-40,,,
RLT,1,-40,,,
RLT,1,-40,,,
RLT,1,-40,,,
RLT,1,-40,,,
RLT,1,-40,,,
RLT,1,-40,,,
RLT,1,-40,,,
RLT,1,-40,,,
RLT,1,-40,,,
RLT,1,-40,,,
RLT,1,-40,,,
RLT,1,-40,,,
RLT,1,-40,,,
RLT,1,-40,,,
RLT,1,-40,,,
RLT,1,-40,,,
RLT,1,-40,,,
RLT,1,-40,,,
RLT,1,-40,,,
RLT,1,-40,,,
RLT,1,-40,,,
RLT,1,-40,,,
RLT,1,-40,,,
RLT,1,-40,,,
RLT,1,-40,,,
RLT,1,-40,,,
RLT,1,-40,,,
RLT,1,-60,,,
RLT,1,-60,,,
RLT,1,-60,,,
RLT,1,-60,,,
RLT,1,-60,,,
RLT,1,-60,,,
RLT,1,-60,,,
RLT,1,-60,,,
RLT,1,-60,,,
RLT,1,-60,,,
RLT,1,-60,,,
RLT,1,-60,,,
RLT,1,-60,,,
RLT,1,-60,,,
RLT,1,-60,,,
RLT,1,-60,,,
RLT,1,-60,,,
RLT,1,-60,,,
RLT,1,-60,,,
RLT,1,-60,,,
RLT,1,-60,,,
RLT,1,-60,,,
RLT,1,-60,,,
RLT,1,-60,,,
RLT,1,-60,,,
RLT,1,-60,,,
RLT,1,-60,,,
RLT,1,-60,,,
RLT,1,-60,,,
RLT,1,-60,,,
RLT,1,-60,,,
RLT,1,-60,,,
RLT,1,-60,,,
RLT,1,-60,,,
RLT,1,-60,,,
RLT,1,-60,,,
RLT,1,-60,,,
RLT,1,-60,,,
RLT,1,-60,,,
RLT,1,-60,,,
RLT,1,-80,,,
RLT,1,-80,,,
RLT,1,-80,,,
RLT,1,-80,,,
RLT,1,-80,,,
RLT,1,-80,,,
RLT,1,-80,,,
RLT,1,-80,,,
RLT,1,-80,,,
RLT,1,-80,,,
RLT,1,-80,,,
RLT,1,-80,,,
RLT,1,-80,,,
RLT,1,-80,,,
RLT,1,-80,,,
RLT,1,-80,,,
RLT,1,-80,,,
RLT,1,-80,,,
RLT,1,-80,,,
RLT,1,-80,,,
RLT,1,-80,,,
RLT,1,-80,,,
RLT,1,-80,,,
RLT,1,-80,,,
RLT,1,-80,,,
RLT,1,-80,,,
RLT,1,-80,,,
RLT,1,-80,,,
RLT,1,-80,,,
RLT,1,-80,,,
RLT,1,-80,,,
RLT,1,-80,,,
RLT,1,-80,,,
RLT,1,-80,,,
RLT,1,-80,,,
RLT,1,-80,,,
RLT,1,-80,,,
RLT,1,-80,,,
RLT,1,-80,,,
RLT,1,-80,,,
RLT,1,-120,,,
RLT,1,-120,,,
RLT,1,-120,,,
RLT,1,-120,,,
RLT,1,-120,,,
RLT,1,-120,,,
RLT,1,-120,,,
RLT,1,-120,,,
RLT,1,-120,,,
RLT,1,-120,,,
RLT,1,-120,,,
RLT,1,-120,,,
RLT,1,-120,,,
RLT,1,-120,,,
RLT,1,-120,,,
RLT,1,-120,,,
RLT,1,-120,,,
RLT,1,-120,,,
RLT,1,-120,,,
RLT,1,-120,,,
RLT,1,-120,,,
RLT,1,-120,,,
RLT,1,-120,,,
RLT,1,-120,,,
RLT,1,-120,,,
RLT,1,-120,,,
RLT,1,-120,,,
RLT,1,-120,,,
RLT,1,-120,,,
RLT,1,-120,,,
RLT,1,-120,,,
RLT,1,-120,,,
RLT,1,-120,,,
RLT,1,-120,,,
RLT,1,-120,,,
RLT,1,-120,,,
RLT,1,-120,,,
RLT,1,-120,,,
RLT,1,-120,,,
RLT,1,-120,,,
RLT,2,-20,,,
RLT,2,-20,,,
RLT,2,-20,,,
RLT,2,-20,,,
RLT,2,-20,,,
RLT,2,-20,,,
RLT,2,-20,,,
RLT,2,-20,,,
RLT,2,-20,,,
RLT,2,-20,,,
RLT,2,-20,,,
RLT,2,-20,,,
RLT,2,-20,,,
RLT,2,-20,,,
RLT,2,-20,,,
RLT,2,-20,,,
RLT,2,-20,,,
RLT,2,-20,,,
RLT,2,-20,,,
RLT,2,-20,,,
RLT,2,-20,,,
RLT,2,-20,,,
RLT,2,-20,,,
RLT,2,-20,,,
RLT,2,-20,,,
RLT,2,-20,,,
RLT,2,-20,,,
RLT,2,-20,,,
RLT,2,-20,,,
RLT,2,-20,,,
RLT,2,-20,,,
RLT,2,-20,,,
RLT,2,-20,,,
RLT,2,-20,,,
RLT,2,-20,,,
RLT,2,-20,,,
RLT,2,-20,,,
RLT,2,-20,,,
RLT,2,-20,,,
RLT,2,-20,,,
RLT,2,-40,,,
RLT,2,-40,,,
RLT,2,-40,,,
RLT,2,-40,,,
RLT,2,-40,,,
RLT,2,-40,,,
RLT,2,-40,,,
RLT,2,-40,,,
RLT,2,-40,,,
RLT,2,-40,,,
RLT,2,-40,,,
RLT,2,-40,,,
RLT,2,-40,,,
RLT,2,-40,,,
RLT,2,-40,,,
RLT,2,-40,,,
RLT,2,-40,,,
RLT,2,-40,,,
RLT,2,-40,,,
RLT,2,-40,,,
RLT,2,-40,,,
RLT,2,-40,,,
RLT,2,-40,,,
RLT,2,-40,,,
RLT,2,-40,,,
RLT,2,-40,,,
RLT,2,-40,,,
RLT,2,-40,,,
RLT,2,-40,,,
RLT,2,-40,,,
RLT,2,-40,,,
RLT,2,-40,,,
RLT,2,-40,,,
RLT,2,-40,,,
RLT,2,-40,,,
RLT,2,-40,,,
RLT,2,-40,,,
RLT,2,-40,,,
RLT,2,-40,,,
RLT,2,-40,,,
RLT,2,-60,,,
RLT,2,-60,,,
RLT,2,-60,,,
RLT,2,-60,,,
RLT,2,-60,,,
RLT,2,-60,,,
RLT,2,-60,,,
RLT,2,-60,,,
RLT,2,-60,,,
RLT,2,-60,,,
RLT,2,-60,,,
RLT,2,-60,,,
RLT,2,-60,,,
RLT,2,-60,,,
RLT,2,-60,,,
RLT,2,-60,,,
RLT,2,-60,,,
RLT,2,-60,,,
RLT,2,-60,,,
RLT,2,-60,,,
RLT,2,-60,,,
RLT,2,-60,,,
RLT,2,-60,,,
RLT,2,-60,,,
RLT,2,-60,,,
RLT,2,-60,,,
RLT,2,-60,,,
RLT,2,-60,,,
RLT,2,-60,,,
RLT,2,-60,,,
RLT,2,-60,,,
RLT,2,-60,,,
RLT,2,-60,,,
RLT,2,-60,,,
RLT,2,-60,,,
RLT,2,-60,,,
RLT,2,-60,,,
RLT,2,-60,,,
RLT,2,-60,,,
RLT,2,-60,,,
RLT,2,-80,,,
RLT,2,-80,,,
RLT,2,-80,,,
RLT,2,-80,,,
RLT,2,-80,,,
RLT,2,-80,,,
RLT,2,-80,,,
RLT,2,-80,,,
RLT,2,-80,,,
RLT,2,-80,,,
RLT,2,-80,,,
RLT,2,-80,,,
RLT,2,-80,,,
RLT,2,-80,,,
RLT,2,-80,,,
RLT,2,-80,,,
RLT,2,-80,,,
RLT,2,-80,,,
RLT,2,-80,,,
RLT,2,-80,,,
RLT,2,-80,,,
RLT,2,-80,,,
RLT,2,-80,,,
RLT,2,-80,,,
RLT,2,-80,,,
RLT,2,-80,,,
RLT,2,-80,,,
RLT,2,-80,,,
RLT,2,-80,,,
RLT,2,-80,,,
RLT,2,-80,,,
RLT,2,-80,,,
RLT,2,-80,,,
RLT,2,-80,,,
RLT,2,-80,,,
RLT,2,-80,,,
RLT,2,-80,,,
RLT,2,-80,,,
RLT,2,-80,,,
RLT,2,-80,,,
RLT,2,-120,,,
RLT,2,-120,,,
RLT,2,-120,,,
RLT,2,-120,,,
RLT,2,-120,,,
RLT,2,-120,,,
RLT,2,-120,,,
RLT,2,-120,,,
RLT,2,-120,,,
RLT,2,-120,,,
RLT,2,-120,,,
RLT,2,-120,,,
RLT,2,-120,,,
RLT,2,-120,,,
RLT,2,-120,,,
RLT,2,-120,,,
RLT,2,-120,,,
RLT,2,-120,,,
RLT,2,-120,,,
RLT,2,-120,,,
RLT,2,-120,,,
RLT,2,-120,,,
RLT,2,-120,,,
RLT,2,-120,,,
RLT,2,-120,,,
RLT,2,-120,,,
RLT,2,-120,,,
RLT,2,-120,,,
RLT,2,-120,,,
RLT,2,-120,,,
RLT,2,-120,,,
RLT,2,-120,,,
RLT,2,-120,,,
RLT,2,-120,,,
RLT,2,-120,,,
RLT,2,-120,,,
RLT,2,-120,,,
RLT,2,-120,,,
RLT,2,-120,,,
RLT,2,-120,,,
RLT,2,-20,,,
RLT,2,-20,,,
RLT,2,-20,,,
RLT,2,-20,,,
RLT,2,-20,,,
RLT,2,-20,,,
RLT,2,-20,,,
RLT,2,-20,,,
RLT,2,-20,,,
RLT,2,-20,,,
RLT,2,-20,,,
RLT,2,-20,,,
RLT,2,-20,,,
RLT,2,-20,,,
RLT,2,-20,,,
RLT,2,-20,,,
RLT,2,-20,,,
RLT,2,-20,,,
RLT,2,-20,,,
RLT,2,-20,,,
RLT,2,-20,,,
RLT,2,-20,,,
RLT,2,-20,,,
RLT,2,-20,,,
RLT,2,-20,,,
RLT,2,-20,,,
RLT,2,-20,,,
RLT,2,-20,,,
RLT,2,-20,,,
RLT,2,-20,,,
RLT,2,-20,,,
RLT,2,-20,,,
RLT,2,-20,,,
RLT,2,-20,,,
RLT,2,-20,,,
RLT,2,-20,,,
RLT,2,-20,,,
RLT,2,-20,,,
RLT,2,-20,,,
RLT,2,-20,,,
RLT,2,-40,,,
RLT,2,-40,,,
RLT,2,-40,,,
RLT,2,-40,,,
RLT,2,-40,,,
RLT,2,-40,,,
RLT,2,-40,,,
RLT,2,-40,,,
RLT,2,-40,,,
RLT,2,-40,,,
RLT,2,-40,,,
RLT,2,-40,,,
RLT,2,-40,,,
RLT,2,-40,,,
RLT,2,-40,,,
RLT,2,-40,,,
RLT,2,-40,,,
RLT,2,-40,,,
RLT,2,-40,,,
RLT,2,-40,,,
RLT,2,-40,,,
RLT,2,-40,,,
RLT,2,-40,,,
RLT,2,-40,,,
RLT,2,-40,,,
RLT,2,-40,,,
RLT,2,-40,,,
RLT,2,-40,,,
RLT,2,-40,,,
RLT,2,-40,,,
RLT,2,-40,,,
RLT,2,-40,,,
RLT,2,-40,,,
RLT,2,-40,,,
RLT,2,-40,,,
RLT,2,-40,,,
RLT,2,-40,,,
RLT,2,-40,,,
RLT,2,-40,,,
RLT,2,-40,,,
RLT,2,-60,,,
RLT,2,-60,,,
RLT,2,-60,,,
RLT,2,-60,,,
RLT,2,-60,,,
RLT,2,-60,,,
RLT,2,-60,,,
RLT,2,-60,,,
RLT,2,-60,,,
RLT,2,-60,,,
RLT,2,-60,,,
RLT,2,-60,,,
RLT,2,-60,,,
RLT,2,-60,,,
RLT,2,-60,,,
RLT,2,-60,,,
RLT,2,-60,,,
RLT,2,-60,,,
RLT,2,-60,,,
RLT,2,-60,,,
RLT,2,-60,,,
RLT,2,-60,,,
RLT,2,-60,,,
RLT,2,-60,,,
RLT,2,-60,,,
RLT,2,-60,,,
RLT,2,-60,,,
RLT,2,-60,,,
RLT,2,-60,,,
RLT,2,-60,,,
RLT,2,-60,,,
RLT,2,-60,,,
RLT,2,-60,,,
RLT,2,-60,,,
RLT,2,-60,,,
RLT,2,-60,,,
RLT,2,-60,,,
RLT,2,-60,,,
RLT,2,-60,,,
RLT,2,-60,,,
RLT,2,-80,,,
RLT,2,-80,,,
RLT,2,-80,,,
RLT,2,-80,,,
RLT,2,-80,,,
RLT,2,-80,,,
RLT,2,-80,,,
RLT,2,-80,,,
RLT,2,-80,,,
RLT,2,-80,,,
RLT,2,-80,,,
RLT,2,-80,,,
RLT,2,-80,,,
RLT,2,-80,,,
RLT,2,-80,,,
RLT,2,-80,,,
RLT,2,-80,,,
RLT,2,-80,,,
RLT,2,-80,,,
RLT,2,-80,,,
RLT,2,-80,,,
RLT,2,-80,,,
RLT,2,-80,,,
RLT,2,-80,,,
RLT,2,-80,,,
RLT,2,-80,,,
RLT,2,-80,,,
RLT,2,-80,,,
RLT,2,-80,,,
RLT,2,-80,,,
RLT,2,-80,,,
RLT,2,-80,,,
RLT,2,-80,,,
RLT,2,-80,,,
RLT,2,-80,,,
RLT,2,-80,,,
RLT,2,-80,,,
RLT,2,-80,,,
RLT,2,-80,,,
RLT,2,-80,,,
RLT,2,-120,,,
RLT,2,-120,,,
RLT,2,-120,,,
RLT,2,-120,,,
RLT,2,-120,,,
RLT,2,-120,,,
RLT,2,-120,,,
RLT,2,-120,,,
RLT,2,-120,,,
RLT,2,-120,,,
RLT,2,-120,,,
RLT,2,-120,,,
RLT,2,-120,,,
RLT,2,-120,,,
RLT,2,-120,,,
RLT,2,-120,,,
RLT,2,-120,,,
RLT,2,-120,,,
RLT,2,-120,,,
RLT,2,-120,,,
RLT,2,-120,,,
RLT,2,-120,,,
RLT,2,-120,,,
RLT,2,-120,,,
RLT,2,-120,,,
RLT,2,-120,,,
RLT,2,-120,,,
RLT,2,-120,,,
RLT,2,-120,,,
RLT,2,-120,,,
RLT,2,-120,,,
RLT,2,-120,,,
RLT,2,-120,,,
RLT,2,-120,,,
RLT,2,-120,,,
RLT,2,-120,,,
RLT,2,-120,,,
RLT,2,-120,,,
RLT,2,-120,,,
RLT,2,-120,,,
RLT,2,-20,,,
RLT,2,-20,,,
RLT,2,-20,,,
RLT,2,-20,,,
RLT,2,-20,,,
RLT,2,-20,,,
RLT,2,-20,,,
RLT,2,-20,,,
RLT,2,-20,,,
RLT,2,-20,,,
RLT,2,-20,,,
RLT,2,-20,,,
RLT,2,-20,,,
RLT,2,-20,,,
RLT,2,-20,,,
RLT,2,-20,,,
RLT,2,-20,,,
RLT,2,-20,,,
RLT,2,-20,,,
RLT,2,-20,,,
RLT,2,-20,,,
RLT,2,-20,,,
RLT,2,-20,,,
RLT,2,-20,,,
RLT,2,-20,,,
RLT,2,-20,,,
RLT,2,-20,,,
RLT,2,-20,,,
RLT,2,-20,,,
RLT,2,-20,,,
RLT,2,-20,,,
RLT,2,-20,,,
RLT,2,-20,,,
RLT,2,-20,,,
RLT,2,-20,,,
RLT,2,-20,,,
RLT,2,-20,,,
RLT,2,-20,,,
RLT,2,-20,,,
RLT,2,-20,,,
RLT,2,-40,,,
RLT,2,-40,,,
RLT,2,-40,,,
RLT,2,-40,,,
RLT,2,-40,,,
RLT,2,-40,,,
RLT,2,-40,,,
RLT,2,-40,,,
RLT,2,-40,,,
RLT,2,-40,,,
RLT,2,-40,,,
RLT,2,-40,,,
RLT,2,-40,,,
RLT,2,-40,,,
RLT,2,-40,,,
RLT,2,-40,,,
RLT,2,-40,,,
RLT,2,-40,,,
RLT,2,-40,,,
RLT,2,-40,,,
RLT,2,-40,,,
RLT,2,-40,,,
RLT,2,-40,,,
RLT,2,-40,,,
RLT,2,-40,,,
RLT,2,-40,,,
RLT,2,-40,,,
RLT,2,-40,,,
RLT,2,-40,,,
RLT,2,-40,,,
RLT,2,-40,,,
RLT,2,-40,,,
RLT,2,-40,,,
RLT,2,-40,,,
RLT,2,-40,,,
RLT,2,-40,,,
RLT,2,-40,,,
RLT,2,-40,,,
RLT,2,-40,,,
RLT,2,-40,,,
RLT,2,-60,,,
RLT,2,-60,,,
RLT,2,-60,,,
RLT,2,-60,,,
RLT,2,-60,,,
RLT,2,-60,,,
RLT,2,-60,,,
RLT,2,-60,,,
RLT,2,-60,,,
RLT,2,-60,,,
RLT,2,-60,,,
RLT,2,-60,,,
RLT,2,-60,,,
RLT,2,-60,,,
RLT,2,-60,,,
RLT,2,-60,,,
RLT,2,-60,,,
RLT,2,-60,,,
RLT,2,-60,,,
RLT,2,-60,,,
RLT,2,-60,,,
RLT,2,-60,,,
RLT,2,-60,,,
RLT,2,-60,,,
RLT,2,-60,,,
RLT,2,-60,,,
RLT,2,-60,,,
RLT,2,-60,,,
RLT,2,-60,,,
RLT,2,-60,,,
RLT,2,-60,,,
RLT,2,-60,,,
RLT,2,-60,,,
RLT,2,-60,,,
RLT,2,-60,,,
RLT,2,-60,,,
RLT,2,-60,,,
RLT,2,-60,,,
RLT,2,-60,,,
RLT,2,-60,,,
RLT,2,-80,,,
RLT,2,-80,,,
RLT,2,-80,,,
RLT,2,-80,,,
RLT,2,-80,,,
RLT,2,-80,,,
RLT,2,-80,,,
RLT,2,-80,,,
RLT,2,-80,,,
RLT,2,-80,,,
RLT,2,-80,,,
RLT,2,-80,,,
RLT,2,-80,,,
RLT,2,-80,,,
RLT,2,-80,,,
RLT,2,-80,,,
RLT,2,-80,,,
RLT,2,-80,,,
RLT,2,-80,,,
RLT,2,-80,,,
RLT,2,-80,,,
RLT,2,-80,,,
RLT,2,-80,,,
RLT,2,-80,,,
RLT,2,-80,,,
RLT,2,-80,,,
RLT,2,-80,,,
RLT,2,-80,,,
RLT,2,-80,,,
RLT,2,-80,,,
RLT,2,-80,,,
RLT,2,-80,,,
RLT,2,-80,,,
RLT,2,-80,,,
RLT,2,-80,,,
RLT,2,-80,,,
RLT,2,-80,,,
RLT,2,-80,,,
RLT,2,-80,,,
RLT,2,-80,,,
RLT,2,-120,,,
RLT,2,-120,,,
RLT,2,-120,,,
RLT,2,-120,,,
RLT,2,-120,,,
RLT,2,-120,,,
RLT,2,-120,,,
RLT,2,-120,,,
RLT,2,-120,,,
RLT,2,-120,,,
RLT,2,-120,,,
RLT,2,-120,,,
RLT,2,-120,,,
RLT,2,-120,,,
RLT,2,-120,,,
RLT,2,-120,,,
RLT,2,-120,,,
RLT,2,-120,,,
RLT,2,-120,,,
RLT,2,-120,,,
RLT,2,-120,,,
RLT,2,-120,,,
RLT,2,-120,,,
RLT,2,-120,,,
RLT,2,-120,,,
RLT,2,-120,,,
RLT,2,-120,,,
RLT,2,-120,,,
RLT,2,-120,,,
RLT,2,-120,,,
RLT,2,-120,,,
RLT,2,-120,,,
RLT,2,-120,,,
RLT,2,-120,,,
RLT,2,-120,,,
RLT,2,-120,,,
RLT,2,-120,,,
RLT,2,-120,,,
RLT,2,-120,,,
RLT,2,-120,,,
RLT,3,-20,,,
RLT,3,-20,,,
RLT,3,-20,,,
RLT,3,-20,,,
RLT,3,-20,,,
RLT,3,-20,,,
RLT,3,-20,,,
RLT,3,-20,,,
RLT,3,-20,,,
RLT,3,-20,,,
RLT,3,-20,,,
RLT,3,-20,,,
RLT,3,-20,,,
RLT,3,-20,,,
RLT,3,-20,,,
RLT,3,-20,,,
RLT,3,-20,,,
RLT,3,-20,,,
RLT,3,-20,,,
RLT,3,-20,,,
RLT,3,-20,,,
RLT,3,-20,,,
RLT,3,-20,,,
RLT,3,-20,,,
RLT,3,-20,,,
RLT,3,-20,,,
RLT,3,-20,,,
RLT,3,-20,,,
RLT,3,-20,,,
RLT,3,-20,,,
RLT,3,-20,,,
RLT,3,-20,,,
RLT,3,-20,,,
RLT,3,-20,,,
RLT,3,-20,,,
RLT,3,-20,,,
RLT,3,-20,,,
RLT,3,-20,,,
RLT,3,-20,,,
RLT,3,-20,,,
RLT,3,-40,,,
RLT,3,-40,,,
RLT,3,-40,,,
RLT,3,-40,,,
RLT,3,-40,,,
RLT,3,-40,,,
RLT,3,-40,,,
RLT,3,-40,,,
RLT,3,-40,,,
RLT,3,-40,,,
RLT,3,-40,,,
RLT,3,-40,,,
RLT,3,-40,,,
RLT,3,-40,,,
RLT,3,-40,,,
RLT,3,-40,,,
RLT,3,-40,,,
RLT,3,-40,,,
RLT,3,-40,,,
RLT,3,-40,,,
RLT,3,-40,,,
RLT,3,-40,,,
RLT,3,-40,,,
RLT,3,-40,,,
RLT,3,-40,,,
RLT,3,-40,,,
RLT,3,-40,,,
RLT,3,-40,,,
RLT,3,-40,,,
RLT,3,-40,,,
RLT,3,-40,,,
RLT,3,-40,,,
RLT,3,-40,,,
RLT,3,-40,,,
RLT,3,-40,,,
RLT,3,-40,,,
RLT,3,-40,,,
RLT,3,-40,,,
RLT,3,-40,,,
RLT,3,-40,,,
RLT,3,-60,,,
RLT,3,-60,,,
RLT,3,-60,,,
RLT,3,-60,,,
RLT,3,-60,,,
RLT,3,-60,,,
RLT,3,-60,,,
RLT,3,-60,,,
RLT,3,-60,,,
RLT,3,-60,,,
RLT,3,-60,,,
RLT,3,-60,,,
RLT,3,-60,,,
RLT,3,-60,,,
RLT,3,-60,,,
RLT,3,-60,,,
RLT,3,-60,,,
RLT,3,-60,,,
RLT,3,-60,,,
RLT,3,-60,,,
RLT,3,-60,,,
RLT,3,-60,,,
RLT,3,-60,,,
RLT,3,-60,,,
RLT,3,-60,,,
RLT,3,-60,,,
RLT,3,-60,,,
RLT,3,-60,,,
RLT,3,-60,,,
RLT,3,-60,,,
RLT,3,-60,,,
RLT,3,-60,,,
RLT,3,-60,,,
RLT,3,-60,,,
RLT,3,-60,,,
RLT,3,-60,,,
RLT,3,-60,,,
RLT,3,-60,,,
RLT,3,-60,,,
RLT,3,-60,,,
RLT,3,-80,,,
RLT,3,-80,,,
RLT,3,-80,,,
RLT,3,-80,,,
RLT,3,-80,,,
RLT,3,-80,,,
RLT,3,-80,,,
RLT,3,-80,,,
RLT,3,-80,,,
RLT,3,-80,,,
RLT,3,-80,,,
RLT,3,-80,,,
RLT,3,-80,,,
RLT,3,-80,,,
RLT,3,-80,,,
RLT,3,-80,,,
RLT,3,-80,,,
RLT,3,-80,,,
RLT,3,-80,,,
RLT,3,-80,,,
RLT,3,-80,,,
RLT,3,-80,,,
RLT,3,-80,,,
RLT,3,-80,,,
RLT,3,-80,,,
RLT,3,-80,,,
RLT,3,-80,,,
RLT,3,-80,,,
RLT,3,-80,,,
RLT,3,-80,,,
RLT,3,-80,,,
RLT,3,-80,,,
RLT,3,-80,,,
RLT,3,-80,,,
RLT,3,-80,,,
RLT,3,-80,,,
RLT,3,-80,,,
RLT,3,-80,,,
RLT,3,-80,,,
RLT,3,-80,,,
RLT,3,-120,,,
RLT,3,-120,,,
RLT,3,-120,,,
RLT,3,-120,,,
RLT,3,-120,,,
RLT,3,-120,,,
RLT,3,-120,,,
RLT,3,-120,,,
RLT,3,-120,,,
RLT,3,-120,,,
RLT,3,-120,,,
RLT,3,-120,,,
RLT,3,-120,,,
RLT,3,-120,,,
RLT,3,-120,,,
RLT,3,-120,,,
RLT,3,-120,,,
RLT,3,-120,,,
RLT,3,-120,,,
RLT,3,-120,,,
RLT,3,-120,,,
RLT,3,-120,,,
RLT,3,-120,,,
RLT,3,-120,,,
RLT,3,-120,,,
RLT,3,-120,,,
RLT,3,-120,,,
RLT,3,-120,,,
RLT,3,-120,,,
RLT,3,-120,,,
RLT,3,-120,,,
RLT,3,-120,,,
RLT,3,-120,,,
RLT,3,-120,,,
RLT,3,-120,,,
RLT,3,-120,,,
RLT,3,-120,,,
RLT,3,-120,,,
RLT,3,-120,,,
RLT,3,-120,,,
RLT,3,-20,,,
RLT,3,-20,,,
RLT,3,-20,,,
RLT,3,-20,,,
RLT,3,-20,,,
RLT,3,-20,,,
RLT,3,-20,,,
RLT,3,-20,,,
RLT,3,-20,,,
RLT,3,-20,,,
RLT,3,-20,,,
RLT,3,-20,,,
RLT,3,-20,,,
RLT,3,-20,,,
RLT,3,-20,,,
RLT,3,-20,,,
RLT,3,-20,,,
RLT,3,-20,,,
RLT,3,-20,,,
RLT,3,-20,,,
RLT,3,-20,,,
RLT,3,-20,,,
RLT,3,-20,,,
RLT,3,-20,,,
RLT,3,-20,,,
RLT,3,-20,,,
RLT,3,-20,,,
RLT,3,-20,,,
RLT,3,-20,,,
RLT,3,-20,,,
RLT,3,-20,,,
RLT,3,-20,,,
RLT,3,-20,,,
RLT,3,-20,,,
RLT,3,-20,,,
RLT,3,-20,,,
RLT,3,-20,,,
RLT,3,-20,,,
RLT,3,-20,,,
RLT,3,-20,,,
RLT,3,-40,,,
RLT,3,-40,,,
RLT,3,-40,,,
RLT,3,-40,,,
RLT,3,-40,,,
RLT,3,-40,,,
RLT,3,-40,,,
RLT,3,-40,,,
RLT,3,-40,,,
RLT,3,-40,,,
RLT,3,-40,,,
RLT,3,-40,,,
RLT,3,-40,,,
RLT,3,-40,,,
RLT,3,-40,,,
RLT,3,-40,,,
RLT,3,-40,,,
RLT,3,-40,,,
RLT,3,-40,,,
RLT,3,-40,,,
RLT,3,-40,,,
RLT,3,-40,,,
RLT,3,-40,,,
RLT,3,-40,,,
RLT,3,-40,,,
RLT,3,-40,,,
RLT,3,-40,,,
RLT,3,-40,,,
RLT,3,-40,,,
RLT,3,-40,,,
RLT,3,-40,,,
RLT,3,-40,,,
RLT,3,-40,,,
RLT,3,-40,,,
RLT,3,-40,,,
RLT,3,-40,,,
RLT,3,-40,,,
RLT,3,-40,,,
RLT,3,-40,,,
RLT,3,-40,,,
RLT,3,-60,,,
RLT,3,-60,,,
RLT,3,-60,,,
RLT,3,-60,,,
RLT,3,-60,,,
RLT,3,-60,,,
RLT,3,-60,,,
RLT,3,-60,,,
RLT,3,-60,,,
RLT,3,-60,,,
RLT,3,-60,,,
RLT,3,-60,,,
RLT,3,-60,,,
RLT,3,-60,,,
RLT,3,-60,,,
RLT,3,-60,,,
RLT,3,-60,,,
RLT,3,-60,,,
RLT,3,-60,,,
RLT,3,-60,,,
RLT,3,-60,,,
RLT,3,-60,,,
RLT,3,-60,,,
RLT,3,-60,,,
RLT,3,-60,,,
RLT,3,-60,,,
RLT,3,-60,,,
RLT,3,-60,,,
RLT,3,-60,,,
RLT,3,-60,,,
RLT,3,-60,,,
RLT,3,-60,,,
RLT,3,-60,,,
RLT,3,-60,,,
RLT,3,-60,,,
RLT,3,-60,,,
RLT,3,-60,,,
RLT,3,-60,,,
RLT,3,-60,,,
RLT,3,-60,,,
RLT,3,-80,,,
RLT,3,-80,,,
RLT,3,-80,,,
RLT,3,-80,,,
RLT,3,-80,,,
RLT,3,-80,,,
RLT,3,-80,,,
RLT,3,-80,,,
RLT,3,-80,,,
RLT,3,-80,,,
RLT,3,-80,,,
RLT,3,-80,,,
RLT,3,-80,,,
RLT,3,-80,,,
RLT,3,-80,,,
RLT,3,-80,,,
RLT,3,-80,,,
RLT,3,-80,,,
RLT,3,-80,,,
RLT,3,-80,,,
RLT,3,-80,,,
RLT,3,-80,,,
RLT,3,-80,,,
RLT,3,-80,,,
RLT,3,-80,,,
RLT,3,-80,,,
RLT,3,-80,,,
RLT,3,-80,,,
RLT,3,-80,,,
RLT,3,-80,,,
RLT,3,-80,,,
RLT,3,-80,,,
RLT,3,-80,,,
RLT,3,-80,,,
RLT,3,-80,,,
RLT,3,-80,,,
RLT,3,-80,,,
RLT,3,-80,,,
RLT,3,-80,,,
RLT,3,-80,,,
RLT,3,-120,,,
RLT,3,-120,,,
RLT,3,-120,,,
RLT,3,-120,,,
RLT,3,-120,,,
RLT,3,-120,,,
RLT,3,-120,,,
RLT,3,-120,,,
RLT,3,-120,,,
RLT,3,-120,,,
RLT,3,-120,,,
RLT,3,-120,,,
RLT,3,-120,,,
RLT,3,-120,,,
RLT,3,-120,,,
RLT,3,-120,,,
RLT,3,-120,,,
RLT,3,-120,,,
RLT,3,-120,,,
RLT,3,-120,,,
RLT,3,-120,,,
RLT,3,-120,,,
RLT,3,-120,,,
RLT,3,-120,,,
RLT,3,-120,,,
RLT,3,-120,,,
RLT,3,-120,,,
RLT,3,-120,,,
RLT,3,-120,,,
RLT,3,-120,,,
RLT,3,-120,,,
RLT,3,-120,,,
RLT,3,-120,,,
RLT,3,-120,,,
RLT,3,-120,,,
RLT,3,-120,,,
RLT,3,-120,,,
RLT,3,-120,,,
RLT,3,-120,,,
RLT,3,-120,,,
RLT,3,-20,,,
RLT,3,-20,,,
RLT,3,-20,,,
RLT,3,-20,,,
RLT,3,-20,,,
RLT,3,-20,,,
RLT,3,-20,,,
RLT,3,-20,,,
RLT,3,-20,,,
RLT,3,-20,,,
RLT,3,-20,,,
RLT,3,-20,,,
RLT,3,-20,,,
RLT,3,-20,,,
RLT,3,-20,,,
RLT,3,-20,,,
RLT,3,-20,,,
RLT,3,-20,,,
RLT,3,-20,,,
RLT,3,-20,,,
RLT,3,-20,,,
RLT,3,-20,,,
RLT,3,-20,,,
RLT,3,-20,,,
RLT,3,-20,,,
RLT,3,-20,,,
RLT,3,-20,,,
RLT,3,-20,,,
RLT,3,-20,,,
RLT,3,-20,,,
RLT,3,-20,,,
RLT,3,-20,,,
RLT,3,-20,,,
RLT,3,-20,,,
RLT,3,-20,,,
RLT,3,-20,,,
RLT,3,-20,,,
RLT,3,-20,,,
RLT,3,-20,,,
RLT,3,-20,,,
RLT,3,-40,,,
RLT,3,-40,,,
RLT,3,-40,,,
RLT,3,-40,,,
RLT,3,-40,,,
RLT,3,-40,,,
RLT,3,-40,,,
RLT,3,-40,,,
RLT,3,-40,,,
RLT,3,-40,,,
RLT,3,-40,,,
RLT,3,-40,,,
RLT,3,-40,,,
RLT,3,-40,,,
RLT,3,-40,,,
RLT,3,-40,,,
RLT,3,-40,,,
RLT,3,-40,,,
RLT,3,-40,,,
RLT,3,-40,,,
RLT,3,-40,,,
RLT,3,-40,,,
RLT,3,-40,,,
RLT,3,-40,,,
RLT,3,-40,,,
RLT,3,-40,,,
RLT,3,-40,,,
RLT,3,-40,,,
RLT,3,-40,,,
RLT,3,-40,,,
RLT,3,-40,,,
RLT,3,-40,,,
RLT,3,-40,,,
RLT,3,-40,,,
RLT,3,-40,,,
RLT,3,-40,,,
RLT,3,-40,,,
RLT,3,-40,,,
RLT,3,-40,,,
RLT,3,-40,,,
RLT,3,-60,,,
RLT,3,-60,,,
RLT,3,-60,,,
RLT,3,-60,,,
RLT,3,-60,,,
RLT,3,-60,,,
RLT,3,-60,,,
RLT,3,-60,,,
RLT,3,-60,,,
RLT,3,-60,,,
RLT,3,-60,,,
RLT,3,-60,,,
RLT,3,-60,,,
RLT,3,-60,,,
RLT,3,-60,,,
RLT,3,-60,,,
RLT,3,-60,,,
RLT,3,-60,,,
RLT,3,-60,,,
RLT,3,-60,,,
RLT,3,-60,,,
RLT,3,-60,,,
RLT,3,-60,,,
RLT,3,-60,,,
RLT,3,-60,,,
RLT,3,-60,,,
RLT,3,-60,,,
RLT,3,-60,,,
RLT,3,-60,,,
RLT,3,-60,,,
RLT,3,-60,,,
RLT,3,-60,,,
RLT,3,-60,,,
RLT,3,-60,,,
RLT,3,-60,,,
RLT,3,-60,,,
RLT,3,-60,,,
RLT,3,-60,,,
RLT,3,-60,,,
RLT,3,-60,,,
RLT,3,-80,,,
RLT,3,-80,,,
RLT,3,-80,,,
RLT,3,-80,,,
RLT,3,-80,,,
RLT,3,-80,,,
RLT,3,-80,,,
RLT,3,-80,,,
RLT,3,-80,,,
RLT,3,-80,,,
RLT,3,-80,,,
RLT,3,-80,,,
RLT,3,-80,,,
RLT,3,-80,,,
RLT,3,-80,,,
RLT,3,-80,,,
RLT,3,-80,,,
RLT,3,-80,,,
RLT,3,-80,,,
RLT,3,-80,,,
RLT,3,-80,,,
RLT,3,-80,,,
RLT,3,-80,,,
RLT,3,-80,,,
RLT,3,-80,,,
RLT,3,-80,,,
RLT,3,-80,,,
RLT,3,-80,,,
RLT,3,-80,,,
RLT,3,-80,,,
RLT,3,-80,,,
RLT,3,-80,,,
RLT,3,-80,,,
RLT,3,-80,,,
RLT,3,-80,,,
RLT,3,-80,,,
RLT,3,-80,,,
RLT,3,-80,,,
RLT,3,-80,,,
RLT,3,-80,,,
