<?xml version="1.0" encoding="UTF-8"?>
<Plant name="maize" filetype="parameters">
<organ type="seed" name="maize" subType="0">
    <parameter name="seedPos.x" value="0"/>
    <parameter name="seedPos.y" value="0"/>
    <parameter name="seedPos.z" value="-3"/>
    <parameter name="plantingdepth" value="3"/>
    <parameter name="firstB" value="1" dev="0"/>
    <parameter name="delayB" value="1" dev="0"/>
    <parameter name="maxB" value="0" dev="0"/>
	<parameter name="maxTi" value="2" dev="0"/>
    <parameter name="nC" value="0"/>
    <parameter name="nz" value="0"/>
    <parameter name="firstSB" value="1000" dev="0"/>
    <parameter name="delaySB" value="1000" dev="0"/>
    <parameter name="delayRC" value="1000" dev="0"/>
    <parameter name="simulationTime" value="15" dev="0"/>
</organ>

<organ type="root" name="taproot" subType="1">
    <parameter name="lb" value="1" dev="0"/>
    <!--Basal zone [cm]-->
    <parameter name="la" value="1.2" dev="0"/>
    <!--Apical zone [cm];-->
    <parameter name="ln" value="0.80000000000000004" dev="0"/>
    <!--Inter-lateral distance [cm];-->
    <parameter name="lmax" value="33.399999999999999" dev="3.2999999999999998"/>
    <!--Inter-lateral distance [cm];-->
    <parameter name="nob" value="39.999999999999993" dev="4.1249999999999991"/>
    <parameter name="r" value="4" dev="0"/>
    <parameter name="a" value="0.050000000000000003" dev="0"/>
    <parameter name="colorR" value="0.43137300000000001"/>
    <parameter name="colorG" value="0.39215699999999998"/>
    <parameter name="colorB" value="0.196078"/>
    <parameter name="tropismT" value="1"/>
    <parameter name="tropismN" value="4"/>
    <parameter name="tropismS" value="1.5708"/>
    <parameter name="dx" value="1"/>
    <parameter name="theta" value="0" dev="0"/>
    <parameter name="rlt" value="1000000000" dev="0"/>
    <parameter name="gf" value="1"/>
    <parameter name="successor" number="0" type="2" percentage="1"/>
</organ>

<organ type="root" name="lateral1" subType="2">
    <parameter name="lb" value="0.40000000000000002" dev="0.10000000000000001"/>
    <!--Basal zone [cm]-->
    <parameter name="la" value="0.80000000000000004" dev="0.20000000000000001"/>
    <!--Apical zone [cm];-->
    <parameter name="ln" value="0.5" dev="0.10000000000000001"/>
    <!--Inter-lateral distance [cm];-->
    <parameter name="lmax" value="7.7000000000000002" dev="10"/>
    <!--Inter-lateral distance [cm];-->
    <parameter name="nob" value="14" dev="16.800000000000004"/>
    <parameter name="r" value="1.5" dev="0.14999999999999999"/>
    <parameter name="a" value="0.029999999999999999" dev="0"/>
    <parameter name="colorR" value="0.54901999999999995"/>
    <parameter name="colorG" value="0.49019600000000002"/>
    <parameter name="colorB" value="0.156863"/>
    <parameter name="tropismT" value="0"/>
    <parameter name="tropismN" value="2"/>
    <parameter name="tropismS" value="0.52359900000000004"/>
    <parameter name="dx" value="1"/>
    <parameter name="theta" value="1.22173" dev="0.052359900000000001"/>
    <parameter name="rlt" value="1000000000" dev="0"/>
    <parameter name="gf" value="1"/>
    <parameter name="successor" number="0" type="3" percentage="1"/>
</organ>

<organ type="root" name="lateral2" subType="3">
    <parameter name="lb" value="0.10000000000000001" dev="0.01"/>
    <!--Basal zone [cm]-->
    <parameter name="la" value="0.10000000000000001" dev="0.01"/>
    <!--Apical zone [cm];-->
    <parameter name="ln" value="0.23999999999999999" dev="0"/>
    <!--Inter-lateral distance [cm];-->
    <parameter name="lmax" value="0.44" dev="0.040000000000000001"/>
    <!--Inter-lateral distance [cm];-->
    <parameter name="nob" value="2" dev="0.083333333333333329"/>
    <parameter name="r" value="2" dev="0.20000000000000001"/>
    <parameter name="a" value="0.02" dev="0"/>
    <parameter name="colorR" value="0.62745099999999998"/>
    <parameter name="colorG" value="0.58823499999999995"/>
    <parameter name="colorB" value="0.117647"/>
    <parameter name="tropismT" value="1"/>
    <parameter name="tropismN" value="2"/>
    <parameter name="tropismS" value="0.78539800000000004"/>
    <parameter name="dx" value="1"/>
    <parameter name="theta" value="1.18682" dev="0.052359900000000001"/>
    <parameter name="rlt" value="1000000000" dev="0"/>
    <parameter name="gf" value="1"/>
    <parameter name="successor" number="0" type="4" percentage="1"/>
</organ>

<organ type="root" name="nodal_root" subType="4">
    <parameter name="lb" value="0" dev="0"/>
    <!--Basal zone [cm]-->
    <parameter name="la" value="0.40000000000000002" dev="0.029999999999999999"/>
    <!--Apical zone [cm];-->
    <parameter name="ln" value="0" dev="0"/>
    <!--Inter-lateral distance [cm];-->
    <parameter name="lmax" value="0.40000000000000002" dev="0.040000000000000001"/>
    <!--Inter-lateral distance [cm];-->
    <parameter name="nob" value="0" dev="0"/>
    <parameter name="r" value="2" dev="0.20000000000000001"/>
    <parameter name="a" value="0.02" dev="0"/>
    <parameter name="colorR" value="0.78431399999999996"/>
    <parameter name="colorG" value="0.78431399999999996"/>
    <parameter name="colorB" value="0.039215699999999999"/>
    <parameter name="tropismT" value="0"/>
    <parameter name="tropismN" value="0"/>
    <parameter name="tropismS" value="0.31415900000000002"/>
    <parameter name="dx" value="1"/>
    <parameter name="theta" value="1.18682" dev="0.052359900000000001"/>
    <parameter name="rlt" value="1000000000" dev="0"/>
    <parameter name="gf" value="1"/>
</organ>

<organ type="stem" name="mainstem" subType="1">
    <parameter name="lb" value="1" dev="0"/>
    <!--Basal zone [cm]-->
    <parameter name="la" value="0" dev="0"/>
    <!--Apical zone [cm];-->
    <parameter name="ln" value="2" dev="0" functiontype="3"/>
    <!--Inter-lateral distance [cm];-->
    <parameter name="lmax" value="30" dev="0"/>
    <!--Inter-lateral distance [cm];-->
    <parameter name="nob" value="0" dev="0"/>
    <parameter name="r" value="1" dev="0.45000000000000001"/>
    <parameter name="a" value="0.20000000000000001" dev="0.02"/>
    <parameter name="colorR" value="1"/>
    <parameter name="colorG" value="0"/>
    <parameter name="colorB" value="0"/>
    <parameter name="tropismT" value="1"/>
    <parameter name="tropismN" value="1"/>
    <parameter name="tropismS" value="0"/>
    <parameter name="dx" value="0.25"/>
    <parameter name="theta" value="0" dev="0"/>
    <parameter name="rlt" value="1000000000" dev="0"/>
    <parameter name="gf" value="1"/>
   
</organ>



<organ type="stem" name="bud" subType="2">
    <parameter name="lb" value="1" dev="0"/>
    <!--Basal zone [cm]-->
    <parameter name="la" value="0" dev="0"/>
    <!--Apical zone [cm];-->
    <parameter name="ln" value="5" dev="0" functiontype="5"/>
    <!--Inter-lateral distance [cm];-->
    <parameter name="lmax" value="70" dev="0"/>
    <!--Inter-lateral distance [cm];-->
    <parameter name="nob" value="0" dev="0"/>
    <parameter name="r" value="0.1" dev="0.035000000000000003"/>
    <parameter name="a" value="0.29999999999999999" dev="0.00125"/>
    <parameter name="colorR" value="1"/>
    <parameter name="colorG" value="0"/>
    <parameter name="colorB" value="0.5"/>
    <parameter name="tropismT" value="4"/>
    <parameter name="tropismN" value="8"/>
    <parameter name="tropismS" value="0.05"/>
    <parameter name="dx" value="0.25"/>
    <parameter name="theta" value="0.3" dev="0"/>
    <parameter name="rlt" value="1000000000" dev="0"/>
    <parameter name="gf" value="1"/>
	
</organ>


<organ type="stem" name="tiller" subType="4">
    <parameter name="lb" value="1" dev="0"/>
    <!--Basal zone [cm]-->
    <parameter name="la" value="0" dev="0"/>
    <!--Apical zone [cm];-->
    <parameter name="ln" value="2" dev="0" functiontype="3"/>
    <!--Inter-lateral distance [cm];-->
    <parameter name="lmax" value="20" dev="0"/>
    <!--Inter-lateral distance [cm];-->
    <parameter name="nob" value="0" dev="0"/>
    <parameter name="r" value="1" dev="0.035000000000000003"/>
    <parameter name="a" value="0.29999999999999999" dev="0.00125"/>
    <parameter name="colorR" value="1"/>
    <parameter name="colorG" value="0"/>
    <parameter name="colorB" value="0.5"/>
    <parameter name="tropismT" value="4"/>
    <parameter name="tropismN" value="8"/>
    <parameter name="tropismS" value="0.02"/>
    <parameter name="dx" value="0.25"/>
    <parameter name="theta" value="0.3" dev="0"/>

    <parameter name="rlt" value="1000000000" dev="0"/>
    <parameter name="gf" value="1"/>
	
</organ>



<organ type="leaf" name="lateral2" subType="2">
    <parameter name="lb" value="2" dev="0"/>
    <!--Basal zone [cm]-->
    <parameter name="la" value="0.2" dev="0"/>
    <!--Apical zone [cm];-->
    <parameter name="ln" value="0" dev="0" functiontype="5"/>
    <!--Inter-lateral distance [cm];-->
    <parameter name="lmax" value="2" dev="0"/>
    <!--Inter-lateral distance [cm];-->
    <parameter name="nob" value="0" dev="0"/>
    <parameter name="r" value="1" dev="0"/>
    <parameter name="a" value="0.02" dev="0.002"/>
    <parameter name="colorR" value="0.5"/>
    <parameter name="colorG" value="0.1"/>
    <parameter name="colorB" value="0.5"/>

    <parameter name="tropismT" value="1"/>
    <parameter name="tropismN" value="2"/>
    <parameter name="tropismS" value="0"/>
    <parameter name="dx" value="0.25"/>
    <parameter name="theta" value="0.4" dev="0"/>
    <parameter name="rlt" value="1000000000" dev="0"/>
    <parameter name="gf" value="1"/>
</organ>

</Plant>
