<?xml version="1.0" encoding="UTF-8"?>
<Plant name="Brassica_oleracea_Vansteenkiste_2014" filetype="parameters">
<organ type="seed" name="true" subType="0">
    <parameter name="seedPos.x" value="0"/>
    <parameter name="seedPos.y" value="0"/>
    <parameter name="seedPos.z" value="-3"/>
    <parameter name="plantingdepth" value="3"/>
    <parameter name="firstB" value="0" dev="0"/>
    <parameter name="delayB" value="1" dev="0"/>
    <parameter name="maxB" value="25" dev="0"/>
    <parameter name="maxTi" value="0" dev="0"/>
    <parameter name="nC" value="0"/>
    <parameter name="nz" value="0"/>
    <parameter name="firstSB" value="1000" dev="0"/>
    <parameter name="delaySB" value="1000" dev="0"/>
    <parameter name="delayRC" value="1000" dev="0"/>
    <parameter name="simulationTime" value="60" dev="0"/>
</organ>

<organ type="root" name="taproot" subType="1">
    <parameter name="lb" value="1" dev="0"/>
    <!--Basal zone [cm]-->
    <parameter name="la" value="3" dev="0"/>
    <!--Apical zone [cm];-->
    <parameter name="ln" value="0.40000000000000002" dev="0"/>
    <!--Inter-lateral distance [cm];-->
    <parameter name="lmax" value="200" dev="20"/>
    <!--Inter-lateral distance [cm];-->
    <parameter name="nob" value="491" dev="50"/>
    <parameter name="r" value="1.7" dev="0"/>
    <parameter name="a" value="0.050000000000000003" dev="0"/>
    <parameter name="colorR" value="1"/>
    <parameter name="colorG" value="0"/>
    <parameter name="colorB" value="0"/>
    <parameter name="tropismT" value="1"/>
    <parameter name="tropismN" value="1"/>
    <parameter name="tropismS" value="0.10000000000000001"/>
    <parameter name="dx" value="1"/>
    <parameter name="theta" value="1.5" dev="0"/>
    <parameter name="rlt" value="1000000000" dev="0"/>
    <parameter name="gf" value="1"/>
    <parameter name="successor" number="0" type="2" percentage="0.10000000000000001"/>
    <parameter name="successor" number="1" type="3" percentage="0.90000000000000002"/>
</organ>

<organ type="root" name="lateral1" subType="2">
    <parameter name="lb" value="1" dev="0"/>
    <!--Basal zone [cm]-->
    <parameter name="la" value="1" dev="0"/>
    <!--Apical zone [cm];-->
    <parameter name="ln" value="0.59999999999999998" dev="0"/>
    <!--Inter-lateral distance [cm];-->
    <parameter name="lmax" value="13" dev="1.3"/>
    <!--Inter-lateral distance [cm];-->
    <parameter name="nob" value="19.333333333333336" dev="2.166666666666667"/>
    <parameter name="r" value="0.69999999999999996" dev="0"/>
    <parameter name="a" value="0.014999999999999999" dev="0"/>
    <parameter name="colorR" value="1"/>
    <parameter name="colorG" value="1"/>
    <parameter name="colorB" value="0"/>
    <parameter name="tropismT" value="2"/>
    <parameter name="tropismN" value="1"/>
    <parameter name="tropismS" value="0.5"/>
    <parameter name="dx" value="1"/>
    <parameter name="theta" value="0.78539800000000004" dev="0"/>
    <parameter name="rlt" value="1000000000" dev="0"/>
    <parameter name="gf" value="1"/>
    <parameter name="successor" number="0" type="3" percentage="1"/>
</organ>

<organ type="root" name="lateral2" subType="3">
    <parameter name="lb" value="0" dev="0"/>
    <!--Basal zone [cm]-->
    <parameter name="la" value="3" dev="0"/>
    <!--Apical zone [cm];-->
    <parameter name="ln" value="0" dev="0"/>
    <!--Inter-lateral distance [cm];-->
    <parameter name="lmax" value="2.2000000000000002" dev="0.22"/>
    <!--Inter-lateral distance [cm];-->
    <parameter name="nob" value="0" dev="0"/>
    <parameter name="r" value="0.29999999999999999" dev="0"/>
    <parameter name="a" value="0.0080000000000000002" dev="0"/>
    <parameter name="colorR" value="1"/>
    <parameter name="colorG" value="1"/>
    <parameter name="colorB" value="1"/>
    <parameter name="tropismT" value="2"/>
    <parameter name="tropismN" value="1"/>
    <parameter name="tropismS" value="0.40000000000000002"/>
    <parameter name="dx" value="1"/>
    <parameter name="theta" value="1.22173" dev="0"/>
    <parameter name="rlt" value="1000000000" dev="0"/>
    <parameter name="gf" value="1"/>
</organ>
<organ type="stem" name="mainstem" subType="1">
    <parameter name="lb" value="7" dev="0"/>
    <!--Basal zone [cm]-->
    <parameter name="la" value="0.1" dev="0"/>
    <!--Apical zone [cm];-->
    <parameter name="ln" value="0.5" dev="0" functiontype="0"/>
    <!--Inter-lateral distance [cm];-->
    <parameter name="lmax" value="12" dev="0"/>
    <!--Inter-lateral distance [cm];-->
    <parameter name="nob" value="29.666666666666668" dev="0"/>
    <parameter name="r" value="0.7" dev="0.45000000000000001"/>
    <parameter name="a" value="0.20000000000000001" dev="0.02"/>
    <parameter name="colorR" value="0.7"/>
    <parameter name="colorG" value="0.2"/>
    <parameter name="colorB" value="0"/>
    <parameter name="tropismT" value="4"/>
    <parameter name="tropismN" value="18"/>
    <parameter name="tropismS" value="0.01"/>
    <parameter name="dx" value="0.25"/>
    <parameter name="theta" value="0" dev="0"/>
    <parameter name="rlt" value="1000000000" dev="0"/>
    <parameter name="gf" value="1"/>
    <parameter name="successor" number="0" type="2" percentage="1"/>

</organ>


<organ type="stem" name="1stbranch" subType="2">
    <parameter name="lb" value="0" dev="0"/>
    <!--Basal zone [cm]-->
    <parameter name="la" value="0" dev="0"/>
    <!--Apical zone [cm];-->
    <parameter name="ln" value="0" dev="0" functiontype="0"/>
    <!--Inter-lateral distance [cm];-->
    <parameter name="lmax" value="0" dev="0"/>
    <!--Inter-lateral distance [cm];-->
    <parameter name="nob" value="0" dev="0"/>
    <parameter name="r" value="2" dev="0.035000000000000003"/>
    <parameter name="a" value="0.29999999999999999" dev="0.00125"/>
    <parameter name="colorR" value="0.3"/>
    <parameter name="colorG" value="0"/>
    <parameter name="colorB" value="0"/>
    <parameter name="tropismT" value="1"/>
    <parameter name="tropismN" value="2"/>
    <parameter name="tropismS" value="0"/>
    <parameter name="dx" value="0.25"/>
    <parameter name="theta" value="0.4" dev="0"/>
    <parameter name="rlt" value="1000000000" dev="0"/>
    <parameter name="gf" value="1"/>
</organ>



<organ type="leaf" name="maize" subType="2">
    <parameter name="lb" value="1" dev="0"/>
    <!--Basal zone [cm]-->
    <parameter name="la" value="0" dev="0"/>
    <!--Apical zone [cm];-->
    <parameter name="ln" value="1" dev="0" functiontype="3"/>
    <!--Inter-lateral distance [cm];-->
    <parameter name="lmax" value="30" dev="0"/>
    <!--Inter-lateral distance [cm];-->
    <parameter name="nob" value="0" dev="0"/>
    <parameter name="r" value="2" dev="0.035000000000000003"/>
    <parameter name="a" value="0.29999999999999999" dev="0.00125"/>
    <parameter name="colorR" value="0.3"/>
    <parameter name="colorG" value="0"/>
    <parameter name="colorB" value="0"/>
    <parameter name="tropismT" value="1"/>
    <parameter name="tropismN" value="2"/>
    <parameter name="tropismS" value="0"/>
    <parameter name="dx" value="0.25"/>
    <parameter name="theta" value="0.4" dev="0"/>
    <parameter name="rlt" value="1000000000" dev="0"/>
    <parameter name="gf" value="1"/>
	    <parameter name="successor" number="0" type="3" percentage="1"/>
	
</organ>

<organ type="leaf" name="maize" subType="3">
    <parameter name="lb" value="1" dev="0"/>
    <!--Basal zone [cm]-->
    <parameter name="la" value="2" dev="0"/>
    <!--Apical zone [cm];-->
    <parameter name="ln" value="6" dev="0" functiontype="4"/>
    <!--Inter-lateral distance [cm];-->
    <parameter name="lmax" value="0" dev="0"/>
    <!--Inter-lateral distance [cm];-->
    <parameter name="nob" value="0" dev="0"/>
    <parameter name="r" value="7" dev="3"/>
    <parameter name="a" value="7" dev="0.002"/>
    <parameter name="colorR" value="1"/>
    <parameter name="colorG" value="0"/>
    <parameter name="colorB" value="1.5"/>
    <parameter name="tropismT" value="4"/>
    <parameter name="tropismN" value="18"/>
    <parameter name="tropismS" value="0.01"/>
    <parameter name="dx" value="0.25"/>
    <parameter name="theta" value="0.4" dev="0"/>
    <parameter name="rlt" value="1000000000" dev="0"/>
    <parameter name="gf" value="1"/>
</organ>


</Plant>
