<?xml version="1.0" encoding="UTF-8"?>
<Plant name="Crypsis_aculeata_Clausnitzer_1994" filetype="parameters">
<organ type="seed" name="true" subType="0">
    <parameter name="seedPos.x" value="0"/>
    <parameter name="seedPos.y" value="0"/>
    <parameter name="seedPos.z" value="-3"/>
    <parameter name="plantingdepth" value="3"/>
    <parameter name="firstB" value="0" dev="0"/>
    <parameter name="delayB" value="0" dev="0"/>
    <parameter name="maxB" value="50" dev="0"/>
    <parameter name="maxTi" value="10" dev="0"/>
    <parameter name="nC" value="0"/>
    <parameter name="nz" value="1"/>
    <parameter name="firstSB" value="25" dev="0"/>
    <parameter name="delaySB" value="0" dev="0"/>
    <parameter name="delayRC" value="0" dev="0"/>
    <parameter name="simulationTime" value="30" dev="0"/>
</organ>

<organ type="root" name="taproot" subType="1">
    <parameter name="lb" value="6.5999999999999996" dev="0"/>
    <!--Basal zone [cm]-->
    <parameter name="la" value="3" dev="0"/>
    <!--Apical zone [cm];-->
    <parameter name="ln" value="1" dev="0"/>
    <!--Inter-lateral distance [cm];-->
    <parameter name="lmax" value="200" dev="20"/>
    <!--Inter-lateral distance [cm];-->
    <parameter name="nob" value="191.40000000000001" dev="20"/>
    <parameter name="r" value="2.0600000000000001" dev="0"/>
    <parameter name="a" value="0.14999999999999999" dev="0"/>
    <parameter name="colorR" value="1"/>
    <parameter name="colorG" value="0"/>
    <parameter name="colorB" value="1"/>
    <parameter name="tropismT" value="1"/>
    <parameter name="tropismN" value="0.20000000000000001"/>
    <parameter name="tropismS" value="0.261799"/>
    <parameter name="dx" value="1"/>
    <parameter name="theta" value="0" dev="0"/>
    <parameter name="rlt" value="1000000000" dev="0"/>
    <parameter name="gf" value="1"/>
    <parameter name="successor" number="0" type="2" percentage="1"/>
</organ>

<organ type="root" name="lateral1" subType="2">
    <parameter name="lb" value="3" dev="0"/>
    <!--Basal zone [cm]-->
    <parameter name="la" value="0" dev="0"/>
    <!--Apical zone [cm];-->
    <parameter name="ln" value="0.5" dev="0"/>
    <!--Inter-lateral distance [cm];-->
    <parameter name="lmax" value="3" dev="0.29999999999999999"/>
    <!--Inter-lateral distance [cm];-->
    <parameter name="nob" value="1" dev="0.59999999999999998"/>
    <parameter name="r" value="0.93999999999999995" dev="0"/>
    <parameter name="a" value="0.050000000000000003" dev="0"/>
    <parameter name="colorR" value="0"/>
    <parameter name="colorG" value="1"/>
    <parameter name="colorB" value="0"/>
    <parameter name="tropismT" value="1"/>
    <parameter name="tropismN" value="0.5"/>
    <parameter name="tropismS" value="0.087266499999999997"/>
    <parameter name="dx" value="1"/>
    <parameter name="theta" value="1.5708" dev="0"/>
    <parameter name="rlt" value="1000000000" dev="0"/>
    <parameter name="gf" value="1"/>
    <parameter name="successor" number="0" type="3" percentage="1"/>
</organ>

<organ type="root" name="lateral2" subType="3">
    <parameter name="lb" value="0" dev="0"/>
    <!--Basal zone [cm]-->
    <parameter name="la" value="10" dev="0"/>
    <!--Apical zone [cm];-->
    <parameter name="ln" value="0" dev="0"/>
    <!--Inter-lateral distance [cm];-->
    <parameter name="lmax" value="0.80000000000000004" dev="0.080000000000000002"/>
    <!--Inter-lateral distance [cm];-->
    <parameter name="nob" value="0" dev="0"/>
    <parameter name="r" value="0.93999999999999995" dev="0"/>
    <parameter name="a" value="0.050000000000000003" dev="0"/>
    <parameter name="colorR" value="0"/>
    <parameter name="colorG" value="0"/>
    <parameter name="colorB" value="0"/>
    <parameter name="tropismT" value="1"/>
    <parameter name="tropismN" value="0.5"/>
    <parameter name="tropismS" value="0.087266499999999997"/>
    <parameter name="dx" value="1"/>
    <parameter name="theta" value="1.5708" dev="0"/>
    <parameter name="rlt" value="1000000000" dev="0"/>
    <parameter name="gf" value="1"/>
</organ>

<organ type="root" name="nodal_root" subType="4">
    <parameter name="lb" value="6.5999999999999996" dev="0"/>
    <!--Basal zone [cm]-->
    <parameter name="la" value="3" dev="0"/>
    <!--Apical zone [cm];-->
    <parameter name="ln" value="1" dev="0"/>
    <!--Inter-lateral distance [cm];-->
    <parameter name="lmax" value="200.59999999999999" dev="20"/>
    <!--Inter-lateral distance [cm];-->
    <parameter name="nob" value="192" dev="20"/>
    <parameter name="r" value="2.0600000000000001" dev="0"/>
    <parameter name="a" value="0.14999999999999999" dev="0"/>
    <parameter name="colorR" value="0"/>
    <parameter name="colorG" value="0"/>
    <parameter name="colorB" value="1"/>
    <parameter name="tropismT" value="1"/>
    <parameter name="tropismN" value="0.20000000000000001"/>
    <parameter name="tropismS" value="0.261799"/>
    <parameter name="dx" value="1"/>
    <parameter name="theta" value="1.0471999999999999" dev="0"/>
    <parameter name="rlt" value="1000000000" dev="0"/>
    <parameter name="gf" value="1"/>
    <parameter name="successor" number="0" type="2" percentage="1"/>
</organ>

<organ type="root" name="shoot_borne_root" subType="5">
    <parameter name="lb" value="6.5999999999999996" dev="0"/>
    <!--Basal zone [cm]-->
    <parameter name="la" value="12" dev="0"/>
    <!--Apical zone [cm];-->
    <parameter name="ln" value="1" dev="0"/>
    <!--Inter-lateral distance [cm];-->
    <parameter name="lmax" value="200.59999999999999" dev="20"/>
    <!--Inter-lateral distance [cm];-->
    <parameter name="nob" value="183" dev="20"/>
    <parameter name="r" value="2.0600000000000001" dev="0"/>
    <parameter name="a" value="0.14999999999999999" dev="0"/>
    <parameter name="colorR" value="0.5"/>
    <parameter name="colorG" value="0.5"/>
    <parameter name="colorB" value="0.5"/>
    <parameter name="tropismT" value="1"/>
    <parameter name="tropismN" value="0.20000000000000001"/>
    <parameter name="tropismS" value="0.261799"/>
    <parameter name="dx" value="1"/>
    <parameter name="theta" value="1.3089999999999999" dev="0"/>
    <parameter name="rlt" value="1000000000" dev="0"/>
    <parameter name="gf" value="1"/>
    <parameter name="successor" number="0" type="2" percentage="1"/>
</organ>

<organ type="stem" name="mainstem" subType="1">
    <parameter name="lb" value="1" dev="0"/>
    <!--Basal zone [cm]-->
    <parameter name="la" value="0" dev="0"/>
    <!--Apical zone [cm];-->
    <parameter name="ln" value="8" dev="0" functiontype="0"/>
    <!--Inter-lateral distance [cm];-->
    <parameter name="lmax" value="30" dev="0"/>
    <!--Inter-lateral distance [cm];-->
    <parameter name="nob" value="0" dev="0"/>
    <parameter name="r" value="1" dev="0.45000000000000001"/>
    <parameter name="a" value="0.20000000000000001" dev="0.02"/>
    <parameter name="colorR" value="1"/>
    <parameter name="colorG" value="0"/>
    <parameter name="colorB" value="0"/>
    <parameter name="tropismT" value="1"/>
    <parameter name="tropismN" value="1"/>
    <parameter name="tropismS" value="0"/>
    <parameter name="dx" value="0.25"/>
    <parameter name="theta" value="0" dev="0"/>
    <parameter name="rlt" value="1000000000" dev="0"/>
    <parameter name="gf" value="1"/>
    <parameter name="successor" number="0" type="2" percentage="1"/>
</organ>



<organ type="stem" name="1stbranch" subType="2">
    <parameter name="lb" value="0" dev="0"/>
    <!--Basal zone [cm]-->
    <parameter name="la" value="0" dev="0"/>
    <!--Apical zone [cm];-->
    <parameter name="ln" value="0" dev="0" functiontype="1"/>
    <!--Inter-lateral distance [cm];-->
    <parameter name="lmax" value="1" dev="0"/>
    <!--Inter-lateral distance [cm];-->
    <parameter name="nob" value="0" dev="0"/>
    <parameter name="r" value="2" dev="0.035000000000000003"/>
    <parameter name="a" value="0.29999999999999999" dev="0.00125"/>
    <parameter name="colorR" value="0"/>
    <parameter name="colorG" value="0"/>
    <parameter name="colorB" value="0"/>
    <parameter name="tropismT" value="1"/>
    <parameter name="tropismN" value="2"/>
    <parameter name="tropismS" value="0.10000000000000001"/>
    <parameter name="dx" value="0.25"/>
    <parameter name="theta" value="0" dev="0"/>
    <parameter name="rlt" value="1000000000" dev="0"/>
    <parameter name="gf" value="1"/>
</organ>

<organ type="stem" name="2ndbranch" subType="3">
    <parameter name="lb" value="1" dev="0"/>
    <!--Basal zone [cm]-->
    <parameter name="la" value="30" dev="0"/>
    <!--Apical zone [cm];-->
    <parameter name="ln" value="8" dev="0" functiontype="1"/>
    <!--Inter-lateral distance [cm];-->
    <parameter name="lmax" value="140" dev="0"/>
    <!--Inter-lateral distance [cm];-->
    <parameter name="nob" value="14.625" dev="0"/>
    <parameter name="r" value="2" dev="0.45000000000000001"/>
    <parameter name="a" value="0.20000000000000001" dev="0.02"/>
    <parameter name="colorR" value="0.5"/>
    <parameter name="colorG" value="0.10000000000000001"/>
    <parameter name="colorB" value="0"/>
    <parameter name="tropismT" value="1"/>
    <parameter name="tropismN" value="1"/>
    <parameter name="tropismS" value="0"/>
    <parameter name="dx" value="0.25"/>
    <parameter name="theta" value="0.29999999999999999" dev="0"/>
    <parameter name="rlt" value="1000000000" dev="0"/>
    <parameter name="gf" value="1"/>
    <parameter name="successor" number="0" type="2" percentage="1"/>
</organ>

<organ type="leaf" name="lateral1" subType="2">
    <parameter name="lb" value="3" dev="0"/>
    <!--Basal zone [cm]-->
    <parameter name="la" value="4" dev="0"/>
    <!--Apical zone [cm];-->
    <parameter name="ln" value="0" dev="0" functiontype="3"/>
    <!--Inter-lateral distance [cm];-->
    <parameter name="lmax" value="8" dev="0"/>
    <!--Inter-lateral distance [cm];-->
    <parameter name="nob" value="4.5" dev="0"/>
    <parameter name="r" value="0.59999999999999998" dev="3"/>
    <parameter name="a" value="0.02" dev="0.002"/>
    <parameter name="colorR" value="0.69999999999999996"/>
    <parameter name="colorG" value="0.29999999999999999"/>
    <parameter name="colorB" value="0"/>
    <parameter name="tropismT" value="4"/>
    <parameter name="tropismN" value="18"/>
    <parameter name="tropismS" value="0.02"/>
    <parameter name="dx" value="0.25"/>
    <parameter name="theta" value="0.20000000000000001" dev="0"/>
    <parameter name="rlt" value="1000000000" dev="0"/>
    <parameter name="gf" value="1"/>
</organ>


<organ type="stem" name="tiller" subType="4">
    <parameter name="lb" value="1" dev="0"/>
    <!--Basal zone [cm]-->
    <parameter name="la" value="0" dev="0"/>
    <!--Apical zone [cm];-->
    <parameter name="ln" value="5" dev="0" functiontype="0"/>
    <!--Inter-lateral distance [cm];-->
    <parameter name="lmax" value="40" dev="0"/>
    <!--Inter-lateral distance [cm];-->
    <parameter name="nob" value="0" dev="0"/>
    <parameter name="r" value="1" dev="0.035000000000000003"/>
    <parameter name="a" value="0.29999999999999999" dev="0.00125"/>
    <parameter name="colorR" value="0.3"/>
    <parameter name="colorG" value="0"/>
    <parameter name="colorB" value="0"/>
    <parameter name="tropismT" value="1"/>
    <parameter name="tropismN" value="0.5"/>
    <parameter name="tropismS" value="0.28"/>
    <parameter name="dx" value="0.25"/>
    <parameter name="theta" value="0.2" dev="0.1"/>

    <parameter name="rlt" value="1000000000" dev="0"/>
    <parameter name="gf" value="1"/>
	<parameter name="successor" number="0" type="2" percentage="1"/>
</organ>



</Plant>
