<?xml version="1.0" encoding="UTF-8"?>
<Plant name="Heliantus_Pagès_2013" filetype="parameters">
<organ type="seed" name="true" subType="0">
    <parameter name="seedPos.x" value="0"/>
    <parameter name="seedPos.y" value="0"/>
    <parameter name="seedPos.z" value="-3"/>
    <parameter name="plantingdepth" value="3"/>
    <parameter name="firstB" value="0" dev="0"/>
    <parameter name="delayB" value="0" dev="0"/>
    <parameter name="maxB" value="0" dev="0"/>
    <parameter name="maxTi" value="0" dev="0"/>
    <parameter name="nC" value="0"/>
    <parameter name="nz" value="0"/>
    <parameter name="firstSB" value="1000" dev="0"/>
    <parameter name="delaySB" value="1000" dev="0"/>
    <parameter name="delayRC" value="1000" dev="0"/>
    <parameter name="simulationTime" value="20" dev="0"/>
</organ>

<organ type="root" name="taproot" subType="1">
    <parameter name="lb" value="1" dev="0"/>
    <!--Basal zone [cm]-->
    <parameter name="la" value="10" dev="0"/>
    <!--Apical zone [cm];-->
    <parameter name="ln" value="0.40000000000000002" dev="0.20000000000000001"/>
    <!--Inter-lateral distance [cm];-->
    <parameter name="lmax" value="101.45999999999999" dev="10.1"/>
    <!--Inter-lateral distance [cm];-->
    <parameter name="nob" value="227.14999999999998" dev="0"/>
    <parameter name="r" value="2.7599999999999998" dev="0"/>
    <parameter name="a" value="0.023" dev="0"/>
    <parameter name="colorR" value="1"/>
    <parameter name="colorG" value="0"/>
    <parameter name="colorB" value="0"/>
    <parameter name="tropismT" value="1"/>
    <parameter name="tropismN" value="2"/>
    <parameter name="tropismS" value="0.10000000000000001"/>
    <parameter name="dx" value="1"/>
    <parameter name="theta" value="0" dev="0"/>
    <parameter name="rlt" value="1000000000" dev="0"/>
    <parameter name="gf" value="1"/>
    <parameter name="successor" number="0" type="2" percentage="0.29999999999999999"/>
    <parameter name="successor" number="1" type="3" percentage="0.69999999999999996"/>
</organ>

<organ type="root" name="lateral1" subType="2">
    <parameter name="lb" value="0" dev="0"/>
    <!--Basal zone [cm]-->
    <parameter name="la" value="5" dev="0"/>
    <!--Apical zone [cm];-->
    <parameter name="ln" value="0.40000000000000002" dev="0"/>
    <!--Inter-lateral distance [cm];-->
    <parameter name="lmax" value="15" dev="1.5"/>
    <!--Inter-lateral distance [cm];-->
    <parameter name="nob" value="26" dev="3.75"/>
    <parameter name="r" value="2.7599999999999998" dev="0"/>
    <parameter name="a" value="0.023" dev="0"/>
    <parameter name="colorR" value="1"/>
    <parameter name="colorG" value="1"/>
    <parameter name="colorB" value="0"/>
    <parameter name="tropismT" value="2"/>
    <parameter name="tropismN" value="1"/>
    <parameter name="tropismS" value="0.20000000000000001"/>
    <parameter name="dx" value="1"/>
    <parameter name="theta" value="1.3" dev="0"/>
    <parameter name="rlt" value="1000000000" dev="0"/>
    <parameter name="gf" value="1"/>
    <parameter name="successor" number="0" type="3" percentage="1"/>
</organ>

<organ type="root" name="lateral2" subType="3">
    <parameter name="lb" value="0" dev="0"/>
    <!--Basal zone [cm]-->
    <parameter name="la" value="10" dev="0"/>
    <!--Apical zone [cm];-->
    <parameter name="ln" value="0" dev="0"/>
    <!--Inter-lateral distance [cm];-->
    <parameter name="lmax" value="10" dev="1"/>
    <!--Inter-lateral distance [cm];-->
    <parameter name="nob" value="0" dev="0"/>
    <parameter name="r" value="2.7599999999999998" dev="0"/>
    <parameter name="a" value="0.0080000000000000002" dev="0"/>
    <parameter name="colorR" value="1"/>
    <parameter name="colorG" value="1"/>
    <parameter name="colorB" value="1"/>
    <parameter name="tropismT" value="2"/>
    <parameter name="tropismN" value="1"/>
    <parameter name="tropismS" value="0.40000000000000002"/>
    <parameter name="dx" value="1"/>
    <parameter name="theta" value="1.22173" dev="0"/>
    <parameter name="rlt" value="1000000000" dev="0"/>
    <parameter name="gf" value="1"/>
</organ>

<organ type="stem" name="mainstem" subType="1">
    <parameter name="lb" value="1" dev="0"/>
    <!--Basal zone [cm]-->
    <parameter name="la" value="30" dev="0"/>
    <!--Apical zone [cm];-->
    <parameter name="ln" value="10" dev="0" functiontype="0"/>
    <!--Inter-lateral distance [cm];-->
    <parameter name="lmax" value="140" dev="0"/>
    <!--Inter-lateral distance [cm];-->
    <parameter name="nob" value="14.625" dev="0"/>
    <parameter name="r" value="2" dev="0.45000000000000001"/>
    <parameter name="a" value="0.20000000000000001" dev="0.02"/>
    <parameter name="colorR" value="1"/>
    <parameter name="colorG" value="0.20000000000000001"/>
    <parameter name="colorB" value="0"/>
    <parameter name="tropismT" value="4"/>
    <parameter name="tropismN" value="18"/>
    <parameter name="tropismS" value="0.01"/>
    <parameter name="dx" value="0.25"/>
    <parameter name="theta" value="0" dev="0"/>
    <parameter name="rlt" value="1000000000" dev="0"/>
    <parameter name="gf" value="1"/>
    <parameter name="successor" number="0" type="2" percentage="1"/>
    <parameter name="successor" number="1" type="3" percentage="0.29999999999999999"/>
</organ>

<organ type="stem" name="1stbranch" subType="2">
    <parameter name="lb" value="8" dev="0"/>
    <!--Basal zone [cm]-->
    <parameter name="la" value="1" dev="0"/>
    <!--Apical zone [cm];-->
    <parameter name="ln" value="10" dev="0" functiontype="1"/>
    <!--Inter-lateral distance [cm];-->
    <parameter name="lmax" value="23" dev="0"/>
    <!--Inter-lateral distance [cm];-->
    <parameter name="nob" value="0" dev="0"/>
    <parameter name="r" value="1" dev="0.035000000000000003"/>
    <parameter name="a" value="0.29999999999999999" dev="0.00125"/>
    <parameter name="colorR" value="1"/>
    <parameter name="colorG" value="0"/>
    <parameter name="colorB" value="0"/>
    <parameter name="tropismT" value="1"/>
    <parameter name="tropismN" value="2"/>
    <parameter name="tropismS" value="0.10000000000000001"/>
    <parameter name="dx" value="0.25"/>
    <parameter name="theta" value="0" dev="0"/>
    <parameter name="rlt" value="1000000000" dev="0"/>
    <parameter name="gf" value="1"/>
	
</organ>

<organ type="stem" name="2ndbranch" subType="3">
    <parameter name="lb" value="1" dev="0"/>
    <!--Basal zone [cm]-->
    <parameter name="la" value="30" dev="0"/>
    <!--Apical zone [cm];-->
    <parameter name="ln" value="8" dev="0" functiontype="1"/>
    <!--Inter-lateral distance [cm];-->
    <parameter name="lmax" value="140" dev="0"/>
    <!--Inter-lateral distance [cm];-->
    <parameter name="nob" value="14.625" dev="0"/>
    <parameter name="r" value="2" dev="0.45000000000000001"/>
    <parameter name="a" value="0.20000000000000001" dev="0.02"/>
    <parameter name="colorR" value="1"/>
    <parameter name="colorG" value="0.10000000000000001"/>
    <parameter name="colorB" value="0"/>
    <parameter name="tropismT" value="1"/>
    <parameter name="tropismN" value="1"/>
    <parameter name="tropismS" value="0"/>
    <parameter name="dx" value="0.25"/>
    <parameter name="theta" value="0.29999999999999999" dev="0"/>
    <parameter name="rlt" value="1000000000" dev="0"/>
    <parameter name="gf" value="1"/>
    <parameter name="successor" number="0" type="2" percentage="1"/>
</organ>

<organ type="leaf" name="lateral1" subType="2">
    <parameter name="lb" value="15" dev="0"/>
    <!--Basal zone [cm]-->
    <parameter name="la" value="4" dev="0"/>
    <!--Apical zone [cm];-->
    <parameter name="ln" value="6" dev="0" functiontype="3"/>
    <!--Inter-lateral distance [cm];-->
    <parameter name="lmax" value="20" dev="0"/>
    <!--Inter-lateral distance [cm];-->
    <parameter name="nob" value="4.5" dev="0"/>
    <parameter name="r" value="0.59999999999999998" dev="3"/>
    <parameter name="a" value="0.02" dev="0.002"/>
    <parameter name="colorR" value="1"/>
    <parameter name="colorG" value="0.29999999999999999"/>
    <parameter name="colorB" value="0"/>
    <parameter name="tropismT" value="1"/>
    <parameter name="tropismN" value="18"/>
    <parameter name="tropismS" value="0.03"/>
    <parameter name="dx" value="0.25"/>
    <parameter name="theta" value="0" dev="0"/>
    <parameter name="rlt" value="1000000000" dev="0"/>
    <parameter name="gf" value="1"/>
</organ>
</Plant>
