<?xml version="1.0" encoding="UTF-8"?>
<Plant name="Juncus_squarrosus_Clausnitzer_1994" filetype="parameters">
<organ type="seed" name="true" subType="0">
    <parameter name="seedPos.x" value="0"/>
    <parameter name="seedPos.y" value="0"/>
    <parameter name="seedPos.z" value="-3"/>
    <parameter name="plantingdepth" value="3"/>
    <parameter name="firstB" value="0" dev="0"/>
    <parameter name="delayB" value="0" dev="0"/>
    <parameter name="maxB" value="47" dev="0"/>
    <parameter name="maxTi" value="20" dev="0"/>
    <parameter name="nC" value="0"/>
    <parameter name="nz" value="0"/>
    <parameter name="firstSB" value="1000" dev="0"/>
    <parameter name="delaySB" value="1000" dev="0"/>
    <parameter name="delayRC" value="1000" dev="0"/>
    <parameter name="simulationTime" value="30" dev="0"/>
</organ>

<organ type="root" name="taproot" subType="1">
    <parameter name="lb" value="3" dev="0"/>
    <!--Basal zone [cm]-->
    <parameter name="la" value="12" dev="0"/>
    <!--Apical zone [cm];-->
    <parameter name="ln" value="1" dev="0"/>
    <!--Inter-lateral distance [cm];-->
    <parameter name="lmax" value="196.69999999999999" dev="19.600000000000001"/>
    <!--Inter-lateral distance [cm];-->
    <parameter name="nob" value="182.69999999999999" dev="19.600000000000001"/>
    <parameter name="r" value="2.0880000000000001" dev="0"/>
    <parameter name="a" value="0.14999999999999999" dev="0"/>
    <parameter name="colorR" value="0"/>
    <parameter name="colorG" value="0"/>
    <parameter name="colorB" value="205"/>
    <parameter name="tropismT" value="1"/>
    <parameter name="tropismN" value="0.20000000000000001"/>
    <parameter name="tropismS" value="0.20000000000000001"/>
    <parameter name="dx" value="0.5"/>
    <parameter name="theta" value="0.5" dev="0"/>
    <parameter name="rlt" value="1000000000" dev="0"/>
    <parameter name="gf" value="1"/>
    <parameter name="successor" number="0" type="2" percentage="1"/>
</organ>

<organ type="root" name="lateral1" subType="2">
    <parameter name="lb" value="0.29999999999999999" dev="0"/>
    <!--Basal zone [cm]-->
    <parameter name="la" value="1.9199999999999999" dev="0"/>
    <!--Apical zone [cm];-->
    <parameter name="ln" value="0.14999999999999999" dev="0"/>
    <!--Inter-lateral distance [cm];-->
    <parameter name="lmax" value="2.6699999999999999" dev="0.27000000000000002"/>
    <!--Inter-lateral distance [cm];-->
    <parameter name="nob" value="4" dev="1.8000000000000003"/>
    <parameter name="r" value="0.23999999999999999" dev="0"/>
    <parameter name="a" value="0.050000000000000003" dev="0"/>
    <parameter name="colorR" value="238"/>
    <parameter name="colorG" value="0"/>
    <parameter name="colorB" value="0"/>
    <parameter name="tropismT" value="1"/>
    <parameter name="tropismN" value="1.5"/>
    <parameter name="tropismS" value="0.20000000000000001"/>
    <parameter name="dx" value="0.5"/>
    <parameter name="theta" value="1.5708" dev="0"/>
    <parameter name="rlt" value="1000000000" dev="0"/>
    <parameter name="gf" value="1"/>
</organ>

<organ type="stem" name="mainstem" subType="1">
    <parameter name="lb" value="70" dev="0"/>
    <!--Basal zone [cm]-->
    <parameter name="la" value="0.2" dev="0"/>
    <!--Apical zone [cm];-->
    <parameter name="ln" value="0" dev="0" functiontype="0"/>
    <!--Inter-lateral distance [cm];-->
    <parameter name="lmax" value="100" dev="0"/>
    <!--Inter-lateral distance [cm];-->
    <parameter name="nob" value="0" dev="0"/>
    <parameter name="r" value="4" dev="0.45000000000000001"/>
    <parameter name="a" value="0.20000000000000001" dev="0.02"/>
    <parameter name="colorR" value="1"/>
    <parameter name="colorG" value="0"/>
    <parameter name="colorB" value="0"/>
    <parameter name="tropismT" value="1"/>
    <parameter name="tropismN" value="1"/>
    <parameter name="tropismS" value="0"/>
    <parameter name="dx" value="0.25"/>
    <parameter name="theta" value="0" dev="0"/>
    <parameter name="rlt" value="1000000000" dev="0"/>
    <parameter name="gf" value="1"/>
    <parameter name="successor" number="0" type="2" percentage="1"/>
</organ>



<organ type="stem" name="1stbranch" subType="2">
    <parameter name="lb" value="0" dev="0"/>
    <!--Basal zone [cm]-->
    <parameter name="la" value="0" dev="0"/>
    <!--Apical zone [cm];-->
    <parameter name="ln" value="0" dev="0" functiontype="1"/>
    <!--Inter-lateral distance [cm];-->
    <parameter name="lmax" value="1" dev="0"/>
    <!--Inter-lateral distance [cm];-->
    <parameter name="nob" value="0" dev="0"/>
    <parameter name="r" value="2" dev="0.035000000000000003"/>
    <parameter name="a" value="0.29999999999999999" dev="0.00125"/>
    <parameter name="colorR" value="0"/>
    <parameter name="colorG" value="0"/>
    <parameter name="colorB" value="0"/>
    <parameter name="tropismT" value="1"/>
    <parameter name="tropismN" value="2"/>
    <parameter name="tropismS" value="0.10000000000000001"/>
    <parameter name="dx" value="0.25"/>
    <parameter name="theta" value="0" dev="0"/>
    <parameter name="rlt" value="1000000000" dev="0"/>
    <parameter name="gf" value="1"/>
</organ>

<organ type="stem" name="2ndbranch" subType="3">
    <parameter name="lb" value="1" dev="0"/>
    <!--Basal zone [cm]-->
    <parameter name="la" value="30" dev="0"/>
    <!--Apical zone [cm];-->
    <parameter name="ln" value="8" dev="0" functiontype="1"/>
    <!--Inter-lateral distance [cm];-->
    <parameter name="lmax" value="140" dev="0"/>
    <!--Inter-lateral distance [cm];-->
    <parameter name="nob" value="14.625" dev="0"/>
    <parameter name="r" value="2" dev="0.45000000000000001"/>
    <parameter name="a" value="0.20000000000000001" dev="0.02"/>
    <parameter name="colorR" value="0.5"/>
    <parameter name="colorG" value="0.10000000000000001"/>
    <parameter name="colorB" value="0"/>
    <parameter name="tropismT" value="1"/>
    <parameter name="tropismN" value="1"/>
    <parameter name="tropismS" value="0"/>
    <parameter name="dx" value="0.25"/>
    <parameter name="theta" value="0.29999999999999999" dev="0"/>
    <parameter name="rlt" value="1000000000" dev="0"/>
    <parameter name="gf" value="1"/>
    <parameter name="successor" number="0" type="2" percentage="1"/>
</organ>

<organ type="leaf" name="lateral1" subType="2">
    <parameter name="lb" value="20" dev="6"/>
    <!--Basal zone [cm]-->
    <parameter name="la" value="4" dev="6"/>
    <!--Apical zone [cm];-->
    <parameter name="ln" value="14" dev="6" functiontype="3"/>
    <!--Inter-lateral distance [cm];-->
    <parameter name="lmax" value="21" dev="6"/>
    <!--Inter-lateral distance [cm];-->
    <parameter name="nob" value="4.5" dev="0"/>
    <parameter name="r" value="0.59999999999999998" dev="3"/>
    <parameter name="a" value="2" dev="0.002"/>
    <parameter name="colorR" value="0.69999999999999996"/>
    <parameter name="colorG" value="0.29999999999999999"/>
    <parameter name="colorB" value="0"/>
    <parameter name="tropismT" value="1"/>
    <parameter name="tropismN" value="18"/>
    <parameter name="tropismS" value="0.01"/>
    <parameter name="dx" value="0.25"/>
    <parameter name="theta" value="0.1" dev="0.3"/>
    <parameter name="rlt" value="1000000000" dev="0"/>
    <parameter name="gf" value="1"/>
</organ>


<organ type="stem" name="tiller" subType="4">
    <parameter name="lb" value="1" dev="0"/>
    <!--Basal zone [cm]-->
    <parameter name="la" value="0" dev="0"/>
    <!--Apical zone [cm];-->
    <parameter name="ln" value="4" dev="0" functiontype="0"/>
    <!--Inter-lateral distance [cm];-->
    <parameter name="lmax" value="5" dev="3"/>
    <!--Inter-lateral distance [cm];-->
    <parameter name="nob" value="0" dev="0"/>
    <parameter name="r" value="1" dev="0.035000000000000003"/>
    <parameter name="a" value="0.29999999999999999" dev="0.00125"/>
    <parameter name="colorR" value="0.3"/>
    <parameter name="colorG" value="0"/>
    <parameter name="colorB" value="0"/>
    <parameter name="tropismT" value="1"/>
    <parameter name="tropismN" value="0.5"/>
    <parameter name="tropismS" value="0.05"/>
    <parameter name="dx" value="0.25"/>
    <parameter name="theta" value="0.05" dev="0.02"/>

    <parameter name="rlt" value="1000000000" dev="0"/>
    <parameter name="gf" value="1"/>
	<parameter name="successor" number="0" type="2" percentage="1"/>
</organ>
</Plant>
