<Plant filetype="parameters" name="Brassica_oleracea_Vansteenkiste_2014">
<organ name="true" subType="0" type="seed">
    <parameter name="seedPos.x" value="30" />
    <parameter name="seedPos.y" value="0" />
    <parameter name="seedPos.z" value="-3" />
    <parameter name="plantingdepth" value="3" />
    <parameter dev="0" name="firstB" value="0" />
    <parameter dev="0" name="delayB" value="1" />
    <parameter dev="0" name="maxB" value="25" />
    <parameter dev="0" name="maxTi" value="0" />
    <parameter name="nC" value="0" />
    <parameter name="nz" value="0" />
    <parameter dev="0" name="firstSB" value="1000" />
    <parameter dev="0" name="delaySB" value="1000" />
    <parameter dev="0" name="delayRC" value="1000" />
    <parameter dev="0" name="simulationTime" value="60" />
</organ>

<organ name="taproot" subType="1" type="root">
    <parameter dev="0" name="lb" value="1" />
    
    <parameter dev="0" name="la" value="3" />
    
    <parameter dev="0" name="ln" value="0.40000000000000002" />
    
    <parameter dev="20" name="lmax" value="200" />
    
    <parameter dev="50" name="nob" value="491" />
    <parameter dev="0" name="r" value="1.7" />
    <parameter dev="0" name="a" value="0.050000000000000003" />
    <parameter name="RotBeta" value="1" />
    <parameter name="BetaDev" value="0" />
    <parameter name="InitBeta" value="0" />
    <parameter name="tropismT" value="1" />
    <parameter name="tropismN" value="1" />
    <parameter name="tropismS" value="0.10000000000000001" />
    <parameter name="dx" value="1" />
    <parameter dev="0" name="theta" value="1.5" />
    <parameter dev="0" name="rlt" value="1000000000" />
    <parameter name="gf" value="1" />
    <parameter name="successor" number="0" percentage="0.10000000000000001" type="2" />
    <parameter name="successor" number="1" percentage="0.90000000000000002" type="3" />
</organ>

<organ name="lateral1" subType="2" type="root">
    <parameter dev="0" name="lb" value="1" />
    
    <parameter dev="0" name="la" value="1" />
    
    <parameter dev="0" name="ln" value="0.59999999999999998" />
    
    <parameter dev="1.3" name="lmax" value="13" />
    
    <parameter dev="2.166666666666667" name="nob" value="19.333333333333336" />
    <parameter dev="0" name="r" value="0.69999999999999996" />
    <parameter dev="0" name="a" value="0.014999999999999999" />
    <parameter name="RotBeta" value="1" />
    <parameter name="BetaDev" value="1" />
    <parameter name="InitBeta" value="0" />
    <parameter name="tropismT" value="2" />
    <parameter name="tropismN" value="1" />
    <parameter name="tropismS" value="0.5" />
    <parameter name="dx" value="1" />
    <parameter dev="0" name="theta" value="0.78539800000000004" />
    <parameter dev="0" name="rlt" value="1000000000" />
    <parameter name="gf" value="1" />
    <parameter name="successor" number="0" percentage="1" type="3" />
</organ>

<organ name="lateral2" subType="3" type="root">
    <parameter dev="0" name="lb" value="0" />
    
    <parameter dev="0" name="la" value="3" />
    
    <parameter dev="0" name="ln" value="0" />
    
    <parameter dev="0.22" name="lmax" value="2.2000000000000002" />
    
    <parameter dev="0" name="nob" value="0" />
    <parameter dev="0" name="r" value="0.29999999999999999" />
    <parameter dev="0" name="a" value="0.0080000000000000002" />
    <parameter name="RotBeta" value="1" />
    <parameter name="BetaDev" value="1" />
    <parameter name="InitBeta" value="1" />
    <parameter name="tropismT" value="2" />
    <parameter name="tropismN" value="1" />
    <parameter name="tropismS" value="0.40000000000000002" />
    <parameter name="dx" value="1" />
    <parameter dev="0" name="theta" value="1.22173" />
    <parameter dev="0" name="rlt" value="1000000000" />
    <parameter name="gf" value="1" />
</organ>
<organ name="mainstem" subType="1" type="stem">
    <parameter dev="0" name="lb" value="7" />
    
    <parameter dev="0" name="la" value="0.1" />
    
    <parameter dev="0" functiontype="0" name="ln" value="0.5" />
    
    <parameter dev="0" name="lmax" value="12" />
    
    <parameter dev="0" name="nob" value="29.666666666666668" />
    <parameter dev="0.45000000000000001" name="r" value="0.7" />
    <parameter dev="0.02" name="a" value="0.20000000000000001" />
    <parameter name="RotBeta" value="0.7" />
    <parameter name="BetaDev" value="0.2" />
    <parameter name="InitBeta" value="0" />
    <parameter name="tropismT" value="4" />
    <parameter name="tropismN" value="18" />
    <parameter name="tropismS" value="0.01" />
    <parameter name="dx" value="0.25" />
    <parameter dev="0" name="theta" value="0" />
    <parameter dev="0" name="rlt" value="1000000000" />
    <parameter name="gf" value="1" />
    <parameter name="successor" number="0" percentage="1" type="2" />

</organ>


<organ name="1stbranch" subType="2" type="stem">
    <parameter dev="0" name="lb" value="0" />
    
    <parameter dev="0" name="la" value="0" />
    
    <parameter dev="0" functiontype="0" name="ln" value="0" />
    
    <parameter dev="0" name="lmax" value="0" />
    
    <parameter dev="0" name="nob" value="0" />
    <parameter dev="0.035000000000000003" name="r" value="2" />
    <parameter dev="0.00125" name="a" value="0.29999999999999999" />
    <parameter name="RotBeta" value="0.3" />
    <parameter name="BetaDev" value="0" />
    <parameter name="InitBeta" value="0" />
    <parameter name="tropismT" value="1" />
    <parameter name="tropismN" value="2" />
    <parameter name="tropismS" value="0" />
    <parameter name="dx" value="0.25" />
    <parameter dev="0" name="theta" value="0.4" />
    <parameter dev="0" name="rlt" value="1000000000" />
    <parameter name="gf" value="1" />
</organ>



<organ name="maize" subType="2" type="leaf">
    <parameter dev="0" name="lb" value="1" />
    
    <parameter dev="0" name="la" value="0" />
    
    <parameter dev="0" functiontype="3" name="ln" value="1" />
    
    <parameter dev="0" name="lmax" value="30" />
    
    <parameter dev="0" name="nob" value="0" />
    <parameter dev="0.035000000000000003" name="r" value="2" />
    <parameter dev="0." name="a" value="0.05" />
    <parameter name="RotBeta" value="0.3" />
    <parameter name="BetaDev" value="0" />
    <parameter name="InitBeta" value="0" />
    <parameter name="tropismT" value="1" />
    <parameter name="tropismN" value="5" />
    <parameter name="tropismS" value="0.01" />
    <parameter name="dx" value="0.25" />
    <parameter dev="0" name="theta" value="0.4" />
    <parameter dev="0" name="rlt" value="1000000000" />
    <parameter name="gf" value="1" />
	    <parameter name="successor" number="0" percentage="1" type="3" />

</organ>

<organ name="maize" subType="3" type="leaf">
    <parameter dev="0" name="lb" value="1" />
    
    <parameter dev="0" name="la" value="3.5" />
    
    <parameter dev="0" name="ln" value="7" />
    
    <parameter dev="0" name="lmax" value="7.5" />
    
    <parameter dev="3" name="r" value="7" />
    <parameter dev="0.0" name="a" value="0.05" />
    <parameter name="RotBeta" value="1" />
    <parameter name="BetaDev" value="0" />
    <parameter name="InitBeta" value="1.5" />
    <parameter name="tropismT" value="4" />
    <parameter name="tropismN" value="18" />
    <parameter name="tropismS" value="0.01" />
    <parameter name="dx" value="0.25" />
    <parameter dev="0" name="theta" value="0.4" />
    <parameter dev="0" name="rlt" value="1000000000" />
    <parameter name="gf" value="1" />
    <parameter name="areaMax" value="10"/>
    <parameter name="geometryN" value="100"/>
    <parameter name="parametrisationType" value="0"/>
	<parameter name="leafGeometry" phi="-1.5707963, -0.7853982,  0.,  0.7853982,  1.5707963" x="3, 2.2, 1.7, 2, 3.5"/>
</organ>


</Plant>