<?xml version="1.0" encoding="UTF-8"?>
<plant name="Triticum_aestivum_a_Bingham_2011_new" filetype="parameters">
<organ type="seed" name="true" subType="0">
    <parameter name="seedPos.x" value="0"/>
    <parameter name="seedPos.y" value="0"/>
    <parameter name="seedPos.z" value="0"/>
    <parameter name="firstB" value="0" dev="0"/>
    <parameter name="delayB" value="0" dev="0"/>
    <parameter name="maxB" value="0" dev="0"/>
    <parameter name="maxTi" value="3" dev="0"/>
    <parameter name="firstTi" value="3" dev="0"/>
    <parameter name="delayTi" value="1" dev="0"/>
    <parameter name="nC" value="0"/>
    <parameter name="nz" value="0"/>
    <parameter name="firstSB" value="1000" dev="0"/>
    <parameter name="delaySB" value="1000" dev="0"/>
    <parameter name="delayRC" value="1000" dev="0"/>
    <parameter name="simulationTime" value="15" dev="0"/>
</organ>

<organ type="root" name="taproot" subType="1">
    <parameter name="lb" value="1" dev="0"/>
    <!--Basal zone [cm]-->
    <parameter name="la" value="0" dev="0"/>
    <!--Apical zone [cm];-->
    <parameter name="ln" value="4.5" dev="0.0"/>
    <!--Inter-lateral distance [cm];-->
    <parameter name="lmax" value="1" dev="0"/>
    <!--Inter-lateral distance [cm];-->
    <parameter name="r" value="4.4" dev="0"/>
    <parameter name="a" value="0.050000000000000003" dev="0.000"/>
    <parameter name="tropismT" value="1"/>
    <parameter name="tropismN" value="0.5"/>
    <parameter name="tropismS" value="0.261799"/>
    <parameter name="dx" value="4"/>
    <parameter name="dxMin" value="1"/>
    <parameter name="theta" value="0.78000000000000003" dev="0.0"/>
    <parameter name="rlt" value="1000000000" dev="0"/>
    <parameter name="gf" value="3"/>
</organ>

<organ type="root" name="lateral1" subType="2">
    <parameter name="lb" value="5" dev="0"/>
    <!--Basal zone [cm]-->
    <parameter name="la" value="5" dev="0"/>
    <!--Apical zone [cm];-->
    <parameter name="ln" value="4.5"/>
    <!--Inter-lateral distance [cm];-->
    <parameter name="lmax" value="40"/>
    <!--Inter-lateral distance [cm];-->
    <parameter name="r" value="1" dev="0"/>
    <parameter name="a" value="0.029999999999999999" />
    <parameter name="tropismT" value="1"/>
    <parameter name="tropismN" value="1"/>
    <parameter name="tropismS" value="0.5"/>
    <parameter name="dx" value="4"/>
    <parameter name="dxMin" value="1"/>
    <parameter name="theta" value="0.38539800000000004" />
    <parameter name="rlt" value="1000000000" dev="0"/>
    <parameter name="gf" value="3"/>
    <parameter name="successor" number="0" type="3" percentage="1"/>
</organ>

<organ type="root" name="lateral2" subType="3">
    <parameter name="lb" value="5"/>
    <!--Basal zone [cm]-->
    <parameter name="la" value="3" />
    <!--Apical zone [cm];-->
    <parameter name="ln" value="4.5" />
    <!--Inter-lateral distance [cm];-->
    <parameter name="lmax" value="30" dev="0"/>
    <!--Inter-lateral distance [cm];-->
    <parameter name="r" value="0.2" dev="0"/>
    <parameter name="a" value="0.02" dev="0"/>
    <parameter name="tropismT" value="1"/>
    <parameter name="tropismN" value="1"/>
    <parameter name="tropismS" value="0.40000000000000002"/>
    <parameter name="dx" value="4"/>
    <parameter name="dxMin" value="1"/>
    <parameter name="theta" value="0.95993099999999998" dev="0"/>
    <parameter name="rlt" value="1000000000" dev="0"/>
    <parameter name="gf" value="3"/>
</organ>


<organ type="stem" name="mainstem" subType="1">
    <parameter name="lb" value="1" dev="0"/>
    <!--Basal zone [cm]-->
    <parameter name="la" value="1" dev="0"/>
    <!--Apical zone [cm];-->
    <parameter name="ln" value="4" dev="0" functiontype="0"/>
    <!--Inter-lateral distance [cm];-->
    <parameter name="lmax" value="10" dev="0"/>
    <!--Inter-lateral distance [cm];-->
    <parameter name="r" value="1" dev="0"/>
    <parameter name="a" value="0.20000000000000001" dev="0"/>
    <parameter name="RotBeta" value="0"/>
    <parameter name="BetaDev" value="10"/>
    <parameter name="InitBeta" value="0"/>
    <parameter name="tropismT" value="1"/>
    <parameter name="tropismN" value="18"/>
    <parameter name="tropismS" value="0.1"/>
    <parameter name="dx" value="0.5"/>
    <parameter name="dxMin" value="0.1"/>
    <parameter name="theta" value="0.2" dev="0"/>
    <parameter name="rlt" value="1000000000" dev="0"/>
    <parameter name="gf" value="3"/>
    <parameter name="nodalGrowth" value="1"/>
    <parameter name="delayNG" value="5" dev="0"/>
    <parameter name="successor" number="0" type="3" percentage="1"/>
</organ>


<organ type="stem" name="latstem" subType="3">
    <parameter name="lb" value="1" dev="0"/>
    <!--Basal zone [cm]-->
    <parameter name="la" value="0" dev="0"/>
    <!--Apical zone [cm];-->
    <parameter name="ln" value="4" dev="0" functiontype="0"/>
    <!--Inter-lateral distance [cm];-->
    <parameter name="lmax" value="9" dev="0"/>
    <!--Inter-lateral distance [cm];-->
    <parameter name="r" value="1" dev="0"/>
    <parameter name="a" value="0.20000000000000001" dev="0"/>
    <parameter name="RotBeta" value="0"/>
    <parameter name="BetaDev" value="10"/>
    <parameter name="InitBeta" value="0"/>
    <parameter name="tropismT" value="4"/>
    <parameter name="tropismN" value="1"/>
    <parameter name="tropismS" value="0.1"/>
    <parameter name="dx" value="4"/>
    <parameter name="dxMin" value="1"/>
    <parameter name="theta" value="0.2" dev="0"/>
    <parameter name="rlt" value="1000000000" dev="0"/>
    <parameter name="gf" value="3"/>
    <parameter name="nodalGrowth" value="1"/>
    <parameter name="delayNG" value="1" dev="0"/>
    <parameter name="successor" number="0" type="2" percentage="1"/>
</organ>

<organ type="stem" name="1stbranch" subType="2">
    <parameter name="lb" value="0" dev="0"/>
    <!--Basal zone [cm]-->
    <parameter name="la" value="0" dev="0"/>
    <!--Apical zone [cm];-->
    <parameter name="ln" value="0" dev="0" functiontype="1"/>
    <!--Inter-lateral distance [cm];-->
    <parameter name="lmax" value="0" dev="0"/>
    <parameter name="r" value="2" dev="0"/>
    <parameter name="a" value="0.29999999999999999" dev="0"/>
    <parameter name="tropismT" value="1"/>
    <parameter name="tropismN" value="2"/>
    <parameter name="tropismS" value="0.10000000000000001"/>
    <parameter name="tropismAge" value="6" dev="1"/>
    <parameter name="dx" value="5"/>
    <parameter name="theta" value="0" dev="0"/>
    <parameter name="rlt" value="1000000000" dev="0"/>
    <parameter name="gf" value="1"/>
</organ>


<organ type="leaf" name="lateral1" subType="2">
    <parameter name="lb" value="2" dev="0"/>
    <!--Basal zone [cm]-->
    <parameter name="la" value="3.5" dev="0"/>
    <!--Apical zone [cm];-->
    <parameter name="ln" value="0" dev="0" functiontype="3"/>
    <!--Inter-lateral distance [cm];-->
    <parameter name="lmax" value="8.5" dev="0"/>
    <!--Inter-lateral distance [cm];-->
    <parameter name="r" value="0.5" />
    <parameter name="a" value="0.016"/>
    <parameter name="tropismT" value="6"/>
    <parameter name="tropismN" value="18"/>
    <parameter name="tropismS" value="0.2"/>
    <parameter name="tropismAge" value="10"/>
    <parameter name="dx" value="1"/>
    <parameter name="dxMin" value="0.5"/>
    <parameter name="theta" value="0" dev="0"/>
    <parameter name="rlt" value="1000000000" dev="0"/>
    <parameter name="gf" value="3"/>
    <parameter name="areaMax" value="10"/>
    <parameter name="geometryN" value="100"/>
    <parameter name="parametrisationType" value="1"/>
	<parameter name="leafGeometry" phi="-3, -2.1, 0., 2.45, 3.5" x="0., 1.54, 1.7, 1.26, 0."/>
</organ>


</plant>