<?xml version="1.0" encoding="UTF-8"?>
<Plant name="Lupinus_albus_Leitner_2014_new" filetype="parameters">
<organ type="seed" name="true" subType="0">
    <parameter name="seedPos.x" value="0"/>
    <parameter name="seedPos.y" value="0"/>
    <parameter name="seedPos.z" value="-3"/>
    <parameter name="plantingdepth" value="3"/>
    <parameter name="firstB" value="0" dev="0"/>
    <parameter name="delayB" value="0" dev="0"/>
    <parameter name="maxB" value="0" dev="0"/>
    <parameter name="maxTi" value="0" dev="0"/>
    <parameter name="nC" value="0"/>
    <parameter name="nz" value="0"/>
    <parameter name="firstSB" value="1000" dev="0"/>
    <parameter name="delaySB" value="1000" dev="0"/>
    <parameter name="delayRC" value="1000" dev="0"/>
    <parameter name="simulationTime" value="26" dev="0"/>
</organ>

<organ type="root" name="taproot" subType="1">
    <parameter name="lb" value="0.38" dev="0.33000000000000002"/>
    <!--Basal zone [cm]-->
    <parameter name="la" value="3.0699999999999998" dev="2.9399999999999999"/>
    <!--Apical zone [cm];-->
    <parameter name="ln" value="0.33000000000000002" dev="0.31"/>
    <!--Inter-lateral distance [cm];-->
    <parameter name="lmax" value="28.530000000000001" dev="24.0546357278592"/>
    <!--Inter-lateral distance [cm];-->
    <parameter name="nob" value="77" dev="0"/>
    <parameter name="r" value="4.4000000000000004" dev="0.83999999999999997"/>
    <parameter name="a" value="0.089999999999999997" dev="0.01"/>
    <parameter name="RotBeta" value="0.5"/>
    <parameter name="BetaDev" value="0.050000000000000003"/>
    <parameter name="InitBeta" value="0"/>
    <parameter name="tropismT" value="1"/>
    <parameter name="tropismN" value="2"/>
    <parameter name="tropismS" value="0.39000000000000001"/>
    <parameter name="dx" value="1"/>
    <parameter name="theta" value="0" dev="0"/>
    <parameter name="rlt" value="1000000000" dev="100000000"/>
    <parameter name="gf" value="1"/>
    <parameter name="successor" number="0" type="2" percentage="0.31"/>
    <parameter name="successor" number="1" type="3" percentage="0.68999999999999995"/>
</organ>

<organ type="root" name="lateral1" subType="2">
    <parameter name="lb" value="2.2000000000000002" dev="1.78"/>
    <!--Basal zone [cm]-->
    <parameter name="la" value="4.3799999999999999" dev="2.4900000000000002"/>
    <!--Apical zone [cm];-->
    <parameter name="ln" value="0.81000000000000005" dev="0.95999999999999996"/>
    <!--Inter-lateral distance [cm];-->
    <parameter name="lmax" value="17.109999999999999" dev="13.8175142482286"/>
    <!--Inter-lateral distance [cm];-->
    <parameter name="nob" value="14" dev="0"/>
    <parameter name="r" value="0.88" dev="0.070000000000000007"/>
    <parameter name="a" value="0.070000000000000007" dev="0.01"/>
    <parameter name="RotBeta" value="0"/>
    <parameter name="BetaDev" value="1"/>
    <parameter name="InitBeta" value="0"/>
    <parameter name="tropismT" value="2"/>
    <parameter name="tropismN" value="3"/>
    <parameter name="tropismS" value="0.46999999999999997"/>
    <parameter name="dx" value="1"/>
    <parameter name="theta" value="1.45" dev="0.46999999999999997"/>
    <parameter name="rlt" value="1000000000" dev="100000000"/>
    <parameter name="gf" value="1"/>
    <parameter name="successor" number="0" type="2" percentage="0.0089999999999999993"/>
    <parameter name="successor" number="1" type="3" percentage="0.99099999999999999"/>
</organ>

<organ type="root" name="lateral2" subType="3">
    <parameter name="lb" value="0.34000000000000002" dev="0.46000000000000002"/>
    <!--Basal zone [cm]-->
    <parameter name="la" value="0.64000000000000001" dev="0.82999999999999996"/>
    <!--Apical zone [cm];-->
    <parameter name="ln" value="0.78000000000000003" dev="0.79000000000000004"/>
    <!--Inter-lateral distance [cm];-->
    <parameter name="lmax" value="2.54" dev="2.78386422082687"/>
    <!--Inter-lateral distance [cm];-->
    <parameter name="nob" value="3" dev="0"/>
    <parameter name="r" value="0.12" dev="0.01"/>
    <parameter name="a" value="0.070000000000000007" dev="0.01"/>
    <parameter name="RotBeta" value="0.5"/>
    <parameter name="BetaDev" value="0.5"/>
    <parameter name="InitBeta" value="0"/>
    <parameter name="tropismT" value="1"/>
    <parameter name="tropismN" value="0"/>
    <parameter name="tropismS" value="0.60999999999999999"/>
    <parameter name="dx" value="1"/>
    <parameter name="theta" value="1.47" dev="0.67000000000000004"/>
    <parameter name="rlt" value="1000000000" dev="100000000"/>
    <parameter name="gf" value="1"/>
    <parameter name="successor" number="0" type="3" percentage="1"/>
</organ>

<organ type="root" name="nodal_root" subType="4">
    <parameter name="lb" value="0" dev="0"/>
    <!--Basal zone [cm]-->
    <parameter name="la" value="10" dev="1"/>
    <!--Apical zone [cm];-->
    <parameter name="ln" value="0" dev="0"/>
    <!--Inter-lateral distance [cm];-->
    <parameter name="lmax" value="10" dev="0"/>
    <!--Inter-lateral distance [cm];-->
    <parameter name="nob" value="0" dev="0"/>
    <parameter name="r" value="1" dev="0.10000000000000001"/>
    <parameter name="a" value="0.01" dev="0.001"/>
    <parameter name="RotBeta" value="0.58823499999999995"/>
    <parameter name="BetaDev" value="0.58823499999999995"/>
    <parameter name="InitBeta" value="0.196078"/>
    <parameter name="tropismT" value="1"/>
    <parameter name="tropismN" value="1"/>
    <parameter name="tropismS" value="0.15708"/>
    <parameter name="dx" value="0.10000000000000001"/>
    <parameter name="theta" value="1.22173" dev="0.122173"/>
    <parameter name="rlt" value="1000000000" dev="100000000"/>
    <parameter name="gf" value="1"/>
</organ>

<organ type="stem" name="mainstem" subType="1">
    <parameter name="lb" value="1" dev="0"/>
    <!--Basal zone [cm]-->
    <parameter name="la" value="30" dev="0"/>
    <!--Apical zone [cm];-->
    <parameter name="ln" value="10" dev="0" functiontype="0"/>
    <!--Inter-lateral distance [cm];-->
    <parameter name="lmax" value="70" dev="0"/>
    <!--Inter-lateral distance [cm];-->
    <parameter name="nob" value="4.9000000000000004" dev="0"/>
    <parameter name="r" value="2" dev="0.45000000000000001"/>
    <parameter name="a" value="0.20000000000000001" dev="0.02"/>
    <parameter name="RotBeta" value="1"/>
    <parameter name="BetaDev" value="0.20000000000000001"/>
    <parameter name="InitBeta" value="0"/>
    <parameter name="tropismT" value="4"/>
    <parameter name="tropismN" value="18"/>
    <parameter name="tropismS" value="0.01"/>
    <parameter name="dx" value="0.25"/>
    <parameter name="theta" value="0" dev="0"/>
    <parameter name="rlt" value="1000000000" dev="0"/>
    <parameter name="gf" value="1"/>
    <parameter name="successor" number="0" type="2" percentage="1"/>
    <parameter name="successor" number="1" type="3" percentage="0.29999999999999999"/>
</organ>

<organ type="stem" name="1stbranch" subType="2">
    <parameter name="lb" value="4" dev="0"/>
    <!--Basal zone [cm]-->
    <parameter name="la" value="1" dev="0"/>
    <!--Apical zone [cm];-->
    <parameter name="ln" value="0.29999999999999999" dev="0" functiontype="0"/>
    <!--Inter-lateral distance [cm];-->
    <parameter name="lmax" value="30" dev="0"/>
    <!--Inter-lateral distance [cm];-->
    <parameter name="nob" value="84.333333333333343" dev="0"/>
    <parameter name="r" value="1" dev="0.035000000000000003"/>
    <parameter name="a" value="0.29999999999999999" dev="0.00125"/>
    <parameter name="RotBeta" value="1"/>
    <parameter name="BetaDev" value="0"/>
    <parameter name="InitBeta" value="0"/>
    <parameter name="tropismT" value="4"/>
    <parameter name="tropismN" value="2"/>
    <parameter name="tropismS" value="0.10000000000000001"/>
    <parameter name="dx" value="0.25"/>
    <parameter name="theta" value="0.20000000000000001" dev="0"/>
    <parameter name="rlt" value="1000000000" dev="0"/>
    <parameter name="gf" value="1"/>
</organ>

<organ type="stem" name="2ndbranch" subType="3">
    <parameter name="lb" value="1" dev="0"/>
    <!--Basal zone [cm]-->
    <parameter name="la" value="30" dev="0"/>
    <!--Apical zone [cm];-->
    <parameter name="ln" value="8" dev="0" functiontype="1"/>
    <!--Inter-lateral distance [cm];-->
    <parameter name="lmax" value="140" dev="0"/>
    <!--Inter-lateral distance [cm];-->
    <parameter name="nob" value="14.625" dev="0"/>
    <parameter name="r" value="0.29999999999999999" dev="0.45000000000000001"/>
    <parameter name="a" value="0.20000000000000001" dev="0.02"/>
    <parameter name="RotBeta" value="1"/>
    <parameter name="BetaDev" value="0.10000000000000001"/>
    <parameter name="InitBeta" value="0"/>
    <parameter name="tropismT" value="1"/>
    <parameter name="tropismN" value="1"/>
    <parameter name="tropismS" value="0"/>
    <parameter name="dx" value="0.25"/>
    <parameter name="theta" value="0.29999999999999999" dev="0"/>
    <parameter name="rlt" value="1000000000" dev="0"/>
    <parameter name="gf" value="1"/>
    <parameter name="successor" number="0" type="2" percentage="1"/>
</organ>

<organ type="leaf" name="lateral1" subType="2">
    <parameter name="lb" value="1" dev="0"/>
    <!--Basal zone [cm]-->
    <parameter name="la" value="5" dev="0"/>
    <!--Apical zone [cm];-->
    <parameter name="ln" value="5" dev="0" functiontype="3"/>
    <!--Inter-lateral distance [cm];-->
    <parameter name="lmax" value="11" dev="0"/>
    <parameter name="r" value="0.59999999999999998" dev="3"/>
    <parameter name="a" value="0.02" dev="0.002"/>
    <parameter name="tropismT" value="1"/>
    <parameter name="tropismN" value="18"/>
    <parameter name="tropismS" value="0.029999999999999999"/>
    <parameter name="dx" value="0.25"/>
    <parameter name="theta" value="0" dev="0"/>
    <parameter name="rlt" value="1000000000" dev="0"/>
    <parameter name="gf" value="1"/>
    <parameter name="areaMax" value="40"/>
    <parameter name="geometryN" value="100"/>
    <parameter name="parametrisationType" value="0"/>
	<parameter name="leafGeometry" phi="-1.57, -1.178, -0.785, -0.39,  0.0,  0.39,  0.785,  1.178, 1.57" x="5, 1, 5, 1, 5, 1, 5, 1, 5"/>
</organ>


</Plant>
