<?xml version="1.0" encoding="UTF-8"?>
<Plant name="Zea_mays_4_Leitner_2014_new" filetype="parameters">
<organ type="seed" name="true" subType="0">
    <parameter name="seedPos.x" value="0"/>
    <parameter name="seedPos.y" value="0"/>
    <parameter name="seedPos.z" value="-3"/>
    <parameter name="plantingdepth" value="3"/>
    <parameter name="firstB" value="7" dev="0"/>
    <parameter name="delayB" value="7" dev="0"/>
    <parameter name="maxB" value="5" dev="0"/>
    <parameter name="maxTi" value="0" dev="0"/>
    <parameter name="nC" value="0"/>
    <parameter name="nz" value="0"/>
    <parameter name="firstSB" value="1000" dev="0"/>
    <parameter name="delaySB" value="1000" dev="0"/>
    <parameter name="delayRC" value="1000" dev="0"/>
    <parameter name="simulationTime" value="60" dev="0"/>
</organ>

<organ type="root" name="taproot" subType="1">
    <parameter name="lb" value="0.5" dev="0.050000000000000003"/>
    <!--Basal zone [cm]-->
    <parameter name="la" value="18.100000000000001" dev="1.8100000000000001"/>
    <!--Apical zone [cm];-->
    <parameter name="ln" value="0.5" dev="0.050000000000000003"/>
    <!--Inter-lateral distance [cm];-->
    <parameter name="lmax" value="180.09999999999999" dev="18.010000000000002"/>
    <!--Inter-lateral distance [cm];-->
    <parameter name="nob" value="324" dev="5.0237591864288337e-16"/>
    <parameter name="r" value="2.9399999999999999" dev="0.29399999999999998"/>
    <parameter name="a" value="0.13" dev="0.012999999999999999"/>
    <parameter name="RotBeta" value="0"/>
    <parameter name="BetaDev" value="0"/>
    <parameter name="InitBeta" value="205"/>
    <parameter name="tropismT" value="1"/>
    <parameter name="tropismN" value="1"/>
    <parameter name="tropismS" value="0.10000000000000001"/>
    <parameter name="dx" value="1"/>
    <parameter name="theta" value="1.3962600000000001" dev="0.139626"/>
    <parameter name="rlt" value="1000000000" dev="100000000"/>
    <parameter name="gf" value="1"/>
    <parameter name="successor" number="0" type="2" percentage="1"/>
</organ>

<organ type="root" name="lateral1" subType="2">
    <parameter name="lb" value="0" dev="0"/>
    <!--Basal zone [cm]-->
    <parameter name="la" value="10" dev="1"/>
    <!--Apical zone [cm];-->
    <parameter name="ln" value="1.2" dev="0.12"/>
    <!--Inter-lateral distance [cm];-->
    <parameter name="lmax" value="8.8000000000000007" dev="0"/>
    <!--Inter-lateral distance [cm];-->
    <parameter name="nob" value="5.5511151231257827e-16" dev="0"/>
    <parameter name="r" value="0.75" dev="0.074999999999999997"/>
    <parameter name="a" value="0.050000000000000003" dev="0.0050000000000000001"/>
    <parameter name="RotBeta" value="238"/>
    <parameter name="BetaDev" value="23.800000000000001"/>
    <parameter name="InitBeta" value="0"/>
    <parameter name="tropismT" value="2"/>
    <parameter name="tropismN" value="0.5"/>
    <parameter name="tropismS" value="0.10000000000000001"/>
    <parameter name="dx" value="1"/>
    <parameter name="theta" value="1.50098" dev="0.15009800000000001"/>
    <parameter name="rlt" value="1000000000" dev="100000000"/>
    <parameter name="gf" value="1"/>
    
</organ>

<organ type="stem" name="mainstem" subType="1">
    <parameter name="lb" value="1" dev="0"/>
    <!--Basal zone [cm]-->
    <parameter name="la" value="0" dev="0"/>
    <!--Apical zone [cm];-->
    <parameter name="ln" value="30" dev="0" functiontype="0"/>
    <!--Inter-lateral distance [cm];-->
    <parameter name="lmax" value="160" dev="0"/>
    <parameter name="r" value="30" dev="0.45000000000000001"/>
    <parameter name="a" value="0.20000000000000001" dev="0.02"/>
    <parameter name="RotBeta" value="1"/>
    <parameter name="BetaDev" value="0"/>
    <parameter name="InitBeta" value="0"/>
    <parameter name="tropismT" value="1"/>
    <parameter name="tropismN" value="1"/>
    <parameter name="tropismS" value="0"/>
    <parameter name="dx" value="0.25"/>
    <parameter name="theta" value="0" dev="0"/>
    <parameter name="rlt" value="1000000000" dev="0"/>
    <parameter name="gf" value="1"/>
    <parameter name="successor" number="0" type="2" percentage="1"/>
</organ>

<organ type="leaf" name="lateral1" subType="2">
    <parameter name="lb" value="2" dev="0"/>
    <!--Basal zone [cm]-->
    <parameter name="la" value="14" dev="0"/>
    <!--Apical zone [cm];-->
    <parameter name="ln" value="0" dev="0" functiontype="3"/>
    <!--Inter-lateral distance [cm];-->
    <parameter name="lmax" value="32" dev="0"/>
    <!--Inter-lateral distance [cm];-->
    <parameter name="nob" value="0" dev="0"/>
    <parameter name="r" value="20" dev="3"/>
    <parameter name="a" value="0.02" dev="0.002"/>
    <parameter name="tropismT" value="6"/>
    <parameter name="tropismN" value="18"/>
    <parameter name="tropismS" value="0.2"/>
    <parameter name="tropismAge" value="10"/>
    <parameter name="dx" value="0.25"/>
    <parameter name="theta" value="0.20000000000000001" dev="0"/>
    <parameter name="rlt" value="1000000000" dev="0"/>
    <parameter name="gf" value="1"/>
	<parameter name="areaMax" value="80"/>
    <parameter name="geometryN" value="100"/>
    <parameter name="parametrisationType" value="0"/>
	<parameter name="leafGeometry" phi="-1.57, -0.785, 0.0, 0.78, 1.5707963" x="15, 5, 4, 5, 15"/>
</organ>

</Plant>
