CURRENTDATE;yield
01.01.1991;0
02.01.1991;0
03.01.1991;0
04.01.1991;0
05.01.1991;0
06.01.1991;0
07.01.1991;0
08.01.1991;0
09.01.1991;0
10.01.1991;0
11.01.1991;0
12.01.1991;0
13.01.1991;0
14.01.1991;0
15.01.1991;0
16.01.1991;0
17.01.1991;0
18.01.1991;0
19.01.1991;0
20.01.1991;0
21.01.1991;0
22.01.1991;0
23.01.1991;0
24.01.1991;0
25.01.1991;0
26.01.1991;0
27.01.1991;0
28.01.1991;0
29.01.1991;0
30.01.1991;0
31.01.1991;0
01.02.1991;0
02.02.1991;0
03.02.1991;0
04.02.1991;0
05.02.1991;0
06.02.1991;0
07.02.1991;0
08.02.1991;0
09.02.1991;0
10.02.1991;0
11.02.1991;0
12.02.1991;0
13.02.1991;0
14.02.1991;0
15.02.1991;0
16.02.1991;0
17.02.1991;0
18.02.1991;0
19.02.1991;0
20.02.1991;0
21.02.1991;0
22.02.1991;0
23.02.1991;0
24.02.1991;0
25.02.1991;0
26.02.1991;0
27.02.1991;0
28.02.1991;0
01.03.1991;0
02.03.1991;0
03.03.1991;0
04.03.1991;0
05.03.1991;0
06.03.1991;0
07.03.1991;0
08.03.1991;0
09.03.1991;0
10.03.1991;0
11.03.1991;0
12.03.1991;0
13.03.1991;0
14.03.1991;0
15.03.1991;0
16.03.1991;0
17.03.1991;0
18.03.1991;0
19.03.1991;0
20.03.1991;0
21.03.1991;0
22.03.1991;0
23.03.1991;0
24.03.1991;0
25.03.1991;0
26.03.1991;0
27.03.1991;0
28.03.1991;0
29.03.1991;0
30.03.1991;0
31.03.1991;0
01.04.1991;0
02.04.1991;0
03.04.1991;0
04.04.1991;0
05.04.1991;0
06.04.1991;0
07.04.1991;0
08.04.1991;0
09.04.1991;0
10.04.1991;0
11.04.1991;0
12.04.1991;0
13.04.1991;0
14.04.1991;0
15.04.1991;0
16.04.1991;0
17.04.1991;0
18.04.1991;0
19.04.1991;0
20.04.1991;0
21.04.1991;0
22.04.1991;0
23.04.1991;0
24.04.1991;0
25.04.1991;0
26.04.1991;0
27.04.1991;0
28.04.1991;0
29.04.1991;0
30.04.1991;0
01.05.1991;0
02.05.1991;0
03.05.1991;0
04.05.1991;0
05.05.1991;0
06.05.1991;0
07.05.1991;0
08.05.1991;0
09.05.1991;0
10.05.1991;0
11.05.1991;0
12.05.1991;0
13.05.1991;0
14.05.1991;0
15.05.1991;0
16.05.1991;0
17.05.1991;0
18.05.1991;0
19.05.1991;0
20.05.1991;0
21.05.1991;0
22.05.1991;0
23.05.1991;0
24.05.1991;0
25.05.1991;0
26.05.1991;0
27.05.1991;0
28.05.1991;0
29.05.1991;0
30.05.1991;0
31.05.1991;0
01.06.1991;0
02.06.1991;0
03.06.1991;0
04.06.1991;0
05.06.1991;0
06.06.1991;0
07.06.1991;0
08.06.1991;0
09.06.1991;0
10.06.1991;0
11.06.1991;0
12.06.1991;0
13.06.1991;0
14.06.1991;0
15.06.1991;0
16.06.1991;0
17.06.1991;0
18.06.1991;0
19.06.1991;0
20.06.1991;0
21.06.1991;0
22.06.1991;0
23.06.1991;0
24.06.1991;0
25.06.1991;0
26.06.1991;0
27.06.1991;0
28.06.1991;0
29.06.1991;0
30.06.1991;0
01.07.1991;0
02.07.1991;0
03.07.1991;0
04.07.1991;0
05.07.1991;0
06.07.1991;0
07.07.1991;0
08.07.1991;0
09.07.1991;0
10.07.1991;0
11.07.1991;0
12.07.1991;0
13.07.1991;0
14.07.1991;0
15.07.1991;0
16.07.1991;0
17.07.1991;0
18.07.1991;0
19.07.1991;0
20.07.1991;0
21.07.1991;0
22.07.1991;0
23.07.1991;0
24.07.1991;0
25.07.1991;0
26.07.1991;0
27.07.1991;0
28.07.1991;0
29.07.1991;0
30.07.1991;0
31.07.1991;0
01.08.1991;0
02.08.1991;0
03.08.1991;0
04.08.1991;0
05.08.1991;0
06.08.1991;0
07.08.1991;0
08.08.1991;0
09.08.1991;0
10.08.1991;0
11.08.1991;0
12.08.1991;0
13.08.1991;0
14.08.1991;0
15.08.1991;0
16.08.1991;0
17.08.1991;0
18.08.1991;0
19.08.1991;0
20.08.1991;0
21.08.1991;0
22.08.1991;0
23.08.1991;0
24.08.1991;0
25.08.1991;0
26.08.1991;0
27.08.1991;0
28.08.1991;0
29.08.1991;0
30.08.1991;0
31.08.1991;0
01.09.1991;0
02.09.1991;0
03.09.1991;0
04.09.1991;0
05.09.1991;0
06.09.1991;0
07.09.1991;0
08.09.1991;0
09.09.1991;0
10.09.1991;0
11.09.1991;0
12.09.1991;0
13.09.1991;0
14.09.1991;0
15.09.1991;0
16.09.1991;0
17.09.1991;0
18.09.1991;0
19.09.1991;0
20.09.1991;0
21.09.1991;0
22.09.1991;0
23.09.1991;0
24.09.1991;0
25.09.1991;0
26.09.1991;0
27.09.1991;0
28.09.1991;0
29.09.1991;0
30.09.1991;0
01.10.1991;0
02.10.1991;0
03.10.1991;0
04.10.1991;0
05.10.1991;0
06.10.1991;0
07.10.1991;0
08.10.1991;0
09.10.1991;0
10.10.1991;0
11.10.1991;0
12.10.1991;0
13.10.1991;0
14.10.1991;0
15.10.1991;0
16.10.1991;0
17.10.1991;0
18.10.1991;0
19.10.1991;0
20.10.1991;0
21.10.1991;0
22.10.1991;0
23.10.1991;0
24.10.1991;0
25.10.1991;0
26.10.1991;0
27.10.1991;0
28.10.1991;0
29.10.1991;0
30.10.1991;0
31.10.1991;0
01.11.1991;0
02.11.1991;0
03.11.1991;0
04.11.1991;0
05.11.1991;0
06.11.1991;0
07.11.1991;0
08.11.1991;0
09.11.1991;0
10.11.1991;0
11.11.1991;0
12.11.1991;0
13.11.1991;0
14.11.1991;0
15.11.1991;0
16.11.1991;0
17.11.1991;0
18.11.1991;0
19.11.1991;0
20.11.1991;0
21.11.1991;0
22.11.1991;0
23.11.1991;0
24.11.1991;0
25.11.1991;0
26.11.1991;0
27.11.1991;0
28.11.1991;0
29.11.1991;0
30.11.1991;0
01.12.1991;0
02.12.1991;0
03.12.1991;0
04.12.1991;0
05.12.1991;0
06.12.1991;0
07.12.1991;0
08.12.1991;0
09.12.1991;0
10.12.1991;0
11.12.1991;0
12.12.1991;0
13.12.1991;0
14.12.1991;0
15.12.1991;0
16.12.1991;0
17.12.1991;0
18.12.1991;0
19.12.1991;0
20.12.1991;0
21.12.1991;0
22.12.1991;0
23.12.1991;0
24.12.1991;0
25.12.1991;0
26.12.1991;0
27.12.1991;0
28.12.1991;0
29.12.1991;0
30.12.1991;0
31.12.1991;0
01.01.1992;0
02.01.1992;0
03.01.1992;0
04.01.1992;0
05.01.1992;0
06.01.1992;0
07.01.1992;0
08.01.1992;0
09.01.1992;0
10.01.1992;0
11.01.1992;0
12.01.1992;0
13.01.1992;0
14.01.1992;0
15.01.1992;0
16.01.1992;0
17.01.1992;0
18.01.1992;0
19.01.1992;0
20.01.1992;0
21.01.1992;0
22.01.1992;0
23.01.1992;0
24.01.1992;0
25.01.1992;0
26.01.1992;0
27.01.1992;0
28.01.1992;0
29.01.1992;0
30.01.1992;0
31.01.1992;0
01.02.1992;0
02.02.1992;0
03.02.1992;0
04.02.1992;0
05.02.1992;0
06.02.1992;0
07.02.1992;0
08.02.1992;0
09.02.1992;0
10.02.1992;0
11.02.1992;0
12.02.1992;0
13.02.1992;0
14.02.1992;0
15.02.1992;0
16.02.1992;0
17.02.1992;0
18.02.1992;0
19.02.1992;0
20.02.1992;0
21.02.1992;0
22.02.1992;0
23.02.1992;0
24.02.1992;0
25.02.1992;0
26.02.1992;0
27.02.1992;0
28.02.1992;0
29.02.1992;0
01.03.1992;0
02.03.1992;0
03.03.1992;0
04.03.1992;0
05.03.1992;0
06.03.1992;0
07.03.1992;0
08.03.1992;0
09.03.1992;0
10.03.1992;0
11.03.1992;0
12.03.1992;0
13.03.1992;0
14.03.1992;0
15.03.1992;0
16.03.1992;0
17.03.1992;0
18.03.1992;0
19.03.1992;0
20.03.1992;0
21.03.1992;0
22.03.1992;0
23.03.1992;0
24.03.1992;0
25.03.1992;0
26.03.1992;0
27.03.1992;0
28.03.1992;0
29.03.1992;0
30.03.1992;0
31.03.1992;0
01.04.1992;0
02.04.1992;0
03.04.1992;0
04.04.1992;0
05.04.1992;0
06.04.1992;0
07.04.1992;0
08.04.1992;0
09.04.1992;0
10.04.1992;0
11.04.1992;0
12.04.1992;0
13.04.1992;0
14.04.1992;0
15.04.1992;0
16.04.1992;0
17.04.1992;0
18.04.1992;0
19.04.1992;0
20.04.1992;0
21.04.1992;0
22.04.1992;0
23.04.1992;0
24.04.1992;0
25.04.1992;0
26.04.1992;0
27.04.1992;0
28.04.1992;0
29.04.1992;0
30.04.1992;0
01.05.1992;0
02.05.1992;0
03.05.1992;0
04.05.1992;0
05.05.1992;0
06.05.1992;0
07.05.1992;0
08.05.1992;0
09.05.1992;0
10.05.1992;0
11.05.1992;0
12.05.1992;0
13.05.1992;0
14.05.1992;0
15.05.1992;0
16.05.1992;0
17.05.1992;0
18.05.1992;0
19.05.1992;0
20.05.1992;0
21.05.1992;0
22.05.1992;0
23.05.1992;0
24.05.1992;0
25.05.1992;0
26.05.1992;0
27.05.1992;0
28.05.1992;0
29.05.1992;0
30.05.1992;0
31.05.1992;0
01.06.1992;0
02.06.1992;0
03.06.1992;0
04.06.1992;0
05.06.1992;0
06.06.1992;0
07.06.1992;0
08.06.1992;0
09.06.1992;0
10.06.1992;0
11.06.1992;0
12.06.1992;0
13.06.1992;0
14.06.1992;0
15.06.1992;0
16.06.1992;0
17.06.1992;0
18.06.1992;0
19.06.1992;0
20.06.1992;27.38555985
21.06.1992;55.94405682
22.06.1992;87.40943094
23.06.1992;117.0365565
24.06.1992;145.4159437
25.06.1992;177.1251599
26.06.1992;197.6843327
27.06.1992;224.640925
28.06.1992;250.5101251
29.06.1992;278.3514603
30.06.1992;308.3114152
01.07.1992;338.3041378
02.07.1992;367.3420164
03.07.1992;394.8635103
04.07.1992;421.5595988
05.07.1992;448.3694662
06.07.1992;465.2076607
07.07.1992;486.5466936
08.07.1992;505.1172621
09.07.1992;523.5548531
10.07.1992;542.346218
11.07.1992;557.9105078
12.07.1992;577.2562759
13.07.1992;586.1877753
14.07.1992;600.7933624
15.07.1992;619.9123713
16.07.1992;634.1460086
17.07.1992;647.1639058
18.07.1992;660.5160682
19.07.1992;676.6292012
20.07.1992;688.797663
21.07.1992;703.0576503
22.07.1992;716.7216314
23.07.1992;730.1228376
24.07.1992;741.0995595
25.07.1992;751.9870884
26.07.1992;763.2767637
27.07.1992;774.0617631
28.07.1992;783.2579309
29.07.1992;789.8082546
30.07.1992;798.3069605
31.07.1992;0
01.08.1992;0
02.08.1992;0
03.08.1992;0
04.08.1992;0
05.08.1992;0
06.08.1992;0
07.08.1992;0
08.08.1992;0
09.08.1992;0
10.08.1992;0
11.08.1992;0
12.08.1992;0
13.08.1992;0
14.08.1992;0
15.08.1992;0
16.08.1992;0
17.08.1992;0
18.08.1992;0
19.08.1992;0
20.08.1992;0
21.08.1992;0
22.08.1992;0
23.08.1992;0
24.08.1992;0
25.08.1992;0
26.08.1992;0
27.08.1992;0
28.08.1992;0
29.08.1992;0
30.08.1992;0
31.08.1992;0
01.09.1992;0
02.09.1992;0
03.09.1992;0
04.09.1992;0
05.09.1992;0
06.09.1992;0
07.09.1992;0
08.09.1992;0
09.09.1992;0
10.09.1992;0
11.09.1992;0
12.09.1992;0
13.09.1992;0
14.09.1992;0
15.09.1992;0
16.09.1992;0
17.09.1992;0
18.09.1992;0
19.09.1992;0
20.09.1992;0
21.09.1992;0
22.09.1992;0
23.09.1992;0
24.09.1992;0
25.09.1992;0
26.09.1992;0
27.09.1992;0
28.09.1992;0
29.09.1992;0
30.09.1992;0
01.10.1992;0
02.10.1992;0
03.10.1992;0
04.10.1992;0
05.10.1992;0
06.10.1992;0
07.10.1992;0
08.10.1992;0
09.10.1992;0
10.10.1992;0
11.10.1992;0
12.10.1992;0
13.10.1992;0
14.10.1992;0
15.10.1992;0
16.10.1992;0
17.10.1992;0
18.10.1992;0
19.10.1992;0
20.10.1992;0
21.10.1992;0
22.10.1992;0
23.10.1992;0
24.10.1992;0
25.10.1992;0
26.10.1992;0
27.10.1992;0
28.10.1992;0
29.10.1992;0
30.10.1992;0
31.10.1992;0
01.11.1992;0
02.11.1992;0
03.11.1992;0
04.11.1992;0
05.11.1992;0
06.11.1992;0
07.11.1992;0
08.11.1992;0
09.11.1992;0
10.11.1992;0
11.11.1992;0
12.11.1992;0
13.11.1992;0
14.11.1992;0
15.11.1992;0
16.11.1992;0
17.11.1992;0
18.11.1992;0
19.11.1992;0
20.11.1992;0
21.11.1992;0
22.11.1992;0
23.11.1992;0
24.11.1992;0
25.11.1992;0
26.11.1992;0
27.11.1992;0
28.11.1992;0
29.11.1992;0
30.11.1992;0
01.12.1992;0
02.12.1992;0
03.12.1992;0
04.12.1992;0
05.12.1992;0
06.12.1992;0
07.12.1992;0
08.12.1992;0
09.12.1992;0
10.12.1992;0
11.12.1992;0
12.12.1992;0
13.12.1992;0
14.12.1992;0
15.12.1992;0
16.12.1992;0
17.12.1992;0
18.12.1992;0
19.12.1992;0
20.12.1992;0
21.12.1992;0
22.12.1992;0
23.12.1992;0
24.12.1992;0
25.12.1992;0
26.12.1992;0
27.12.1992;0
28.12.1992;0
29.12.1992;0
30.12.1992;0
31.12.1992;0
01.01.1993;0
02.01.1993;0
03.01.1993;0
04.01.1993;0
05.01.1993;0
06.01.1993;0
07.01.1993;0
08.01.1993;0
09.01.1993;0
10.01.1993;0
11.01.1993;0
12.01.1993;0
13.01.1993;0
14.01.1993;0
15.01.1993;0
16.01.1993;0
17.01.1993;0
18.01.1993;0
19.01.1993;0
20.01.1993;0
21.01.1993;0
22.01.1993;0
23.01.1993;0
24.01.1993;0
25.01.1993;0
26.01.1993;0
27.01.1993;0
28.01.1993;0
29.01.1993;0
30.01.1993;0
31.01.1993;0
01.02.1993;0
02.02.1993;0
03.02.1993;0
04.02.1993;0
05.02.1993;0
06.02.1993;0
07.02.1993;0
08.02.1993;0
09.02.1993;0
10.02.1993;0
11.02.1993;0
12.02.1993;0
13.02.1993;0
14.02.1993;0
15.02.1993;0
16.02.1993;0
17.02.1993;0
18.02.1993;0
19.02.1993;0
20.02.1993;0
21.02.1993;0
22.02.1993;0
23.02.1993;0
24.02.1993;0
25.02.1993;0
26.02.1993;0
27.02.1993;0
28.02.1993;0
01.03.1993;0
02.03.1993;0
03.03.1993;0
04.03.1993;0
05.03.1993;0
06.03.1993;0
07.03.1993;0
08.03.1993;0
09.03.1993;0
10.03.1993;0
11.03.1993;0
12.03.1993;0
13.03.1993;0
14.03.1993;0
15.03.1993;0
16.03.1993;0
17.03.1993;0
18.03.1993;0
19.03.1993;0
20.03.1993;0
21.03.1993;0
22.03.1993;0
23.03.1993;0
24.03.1993;0
25.03.1993;0
26.03.1993;0
27.03.1993;0
28.03.1993;0
29.03.1993;0
30.03.1993;0
31.03.1993;0
01.04.1993;0
02.04.1993;0
03.04.1993;0
04.04.1993;0
05.04.1993;0
06.04.1993;0
07.04.1993;0
08.04.1993;0
09.04.1993;0
10.04.1993;0
11.04.1993;0
12.04.1993;0
13.04.1993;0
14.04.1993;0
15.04.1993;0
16.04.1993;0
17.04.1993;0
18.04.1993;0
19.04.1993;0
20.04.1993;0
21.04.1993;0
22.04.1993;0
23.04.1993;0
24.04.1993;0
25.04.1993;0
26.04.1993;0
27.04.1993;0
28.04.1993;0
29.04.1993;0
30.04.1993;0
01.05.1993;0
02.05.1993;0
03.05.1993;0
04.05.1993;0
05.05.1993;0
06.05.1993;0
07.05.1993;0
08.05.1993;0
09.05.1993;0
10.05.1993;0
11.05.1993;0
12.05.1993;0
13.05.1993;0
14.05.1993;0
15.05.1993;0
16.05.1993;0
17.05.1993;0
18.05.1993;0
19.05.1993;0
20.05.1993;0
21.05.1993;0
22.05.1993;0
23.05.1993;0
24.05.1993;0
25.05.1993;0
26.05.1993;0
27.05.1993;0
28.05.1993;0
29.05.1993;0
30.05.1993;0
31.05.1993;0
01.06.1993;0
02.06.1993;0
03.06.1993;0
04.06.1993;0
05.06.1993;0
06.06.1993;0
07.06.1993;0
08.06.1993;0
09.06.1993;0
10.06.1993;0
11.06.1993;0
12.06.1993;0
13.06.1993;0
14.06.1993;0
15.06.1993;0
16.06.1993;30.97144917
17.06.1993;60.79685979
18.06.1993;78.82505855
19.06.1993;109.4285529
20.06.1993;145.5957181
21.06.1993;180.3032565
22.06.1993;203.9203074
23.06.1993;229.8945421
24.06.1993;256.5393741
25.06.1993;271.8186192
26.06.1993;299.1946945
27.06.1993;317.9286908
28.06.1993;344.3232486
29.06.1993;365.504413
30.06.1993;391.5973473
01.07.1993;419.3088231
02.07.1993;443.6560349
03.07.1993;470.8360668
04.07.1993;496.1887795
05.07.1993;521.0596341
06.07.1993;543.100313
07.07.1993;559.9590923
08.07.1993;581.6312333
09.07.1993;599.6247184
10.07.1993;617.7855933
11.07.1993;638.7457587
12.07.1993;653.9517576
13.07.1993;668.4007708
14.07.1993;682.4932306
15.07.1993;699.5967124
16.07.1993;707.2545144
17.07.1993;721.2535551
18.07.1993;729.7729753
19.07.1993;742.4111209
20.07.1993;753.2224271
21.07.1993;761.9128572
22.07.1993;771.005054
23.07.1993;780.1058413
24.07.1993;789.8497698
25.07.1993;801.3649537
26.07.1993;812.6982369
27.07.1993;818.7788367
28.07.1993;828.2138419
29.07.1993;834.9075881
30.07.1993;842.1925868
31.07.1993;0
01.08.1993;0
02.08.1993;0
03.08.1993;0
04.08.1993;0
05.08.1993;0
06.08.1993;0
07.08.1993;0
08.08.1993;0
09.08.1993;0
10.08.1993;0
11.08.1993;0
12.08.1993;0
13.08.1993;0
14.08.1993;0
15.08.1993;0
16.08.1993;0
17.08.1993;0
18.08.1993;0
19.08.1993;0
20.08.1993;0
21.08.1993;0
22.08.1993;0
23.08.1993;0
24.08.1993;0
25.08.1993;0
26.08.1993;0
27.08.1993;0
28.08.1993;0
29.08.1993;0
30.08.1993;0
31.08.1993;0
01.09.1993;0
02.09.1993;0
03.09.1993;0
04.09.1993;0
05.09.1993;0
06.09.1993;0
07.09.1993;0
08.09.1993;0
09.09.1993;0
10.09.1993;0
11.09.1993;0
12.09.1993;0
13.09.1993;0
14.09.1993;0
15.09.1993;0
16.09.1993;0
17.09.1993;0
18.09.1993;0
19.09.1993;0
20.09.1993;0
21.09.1993;0
22.09.1993;0
23.09.1993;0
24.09.1993;0
25.09.1993;0
26.09.1993;0
27.09.1993;0
28.09.1993;0
29.09.1993;0
30.09.1993;0
01.10.1993;0
02.10.1993;0
03.10.1993;0
04.10.1993;0
05.10.1993;0
06.10.1993;0
07.10.1993;0
08.10.1993;0
09.10.1993;0
10.10.1993;0
11.10.1993;0
12.10.1993;0
13.10.1993;0
14.10.1993;0
15.10.1993;0
16.10.1993;0
17.10.1993;0
18.10.1993;0
19.10.1993;0
20.10.1993;0
21.10.1993;0
22.10.1993;0
23.10.1993;0
24.10.1993;0
25.10.1993;0
26.10.1993;0
27.10.1993;0
28.10.1993;0
29.10.1993;0
30.10.1993;0
31.10.1993;0
01.11.1993;0
02.11.1993;0
03.11.1993;0
04.11.1993;0
05.11.1993;0
06.11.1993;0
07.11.1993;0
08.11.1993;0
09.11.1993;0
10.11.1993;0
11.11.1993;0
12.11.1993;0
13.11.1993;0
14.11.1993;0
15.11.1993;0
16.11.1993;0
17.11.1993;0
18.11.1993;0
19.11.1993;0
20.11.1993;0
21.11.1993;0
22.11.1993;0
23.11.1993;0
24.11.1993;0
25.11.1993;0
26.11.1993;0
27.11.1993;0
28.11.1993;0
29.11.1993;0
30.11.1993;0
01.12.1993;0
02.12.1993;0
03.12.1993;0
04.12.1993;0
05.12.1993;0
06.12.1993;0
07.12.1993;0
08.12.1993;0
09.12.1993;0
10.12.1993;0
11.12.1993;0
12.12.1993;0
13.12.1993;0
14.12.1993;0
15.12.1993;0
16.12.1993;0
17.12.1993;0
18.12.1993;0
19.12.1993;0
20.12.1993;0
21.12.1993;0
22.12.1993;0
23.12.1993;0
24.12.1993;0
25.12.1993;0
26.12.1993;0
27.12.1993;0
28.12.1993;0
29.12.1993;0
30.12.1993;0
31.12.1993;0
01.01.1994;0
02.01.1994;0
03.01.1994;0
04.01.1994;0
05.01.1994;0
06.01.1994;0
07.01.1994;0
08.01.1994;0
09.01.1994;0
10.01.1994;0
11.01.1994;0
12.01.1994;0
13.01.1994;0
14.01.1994;0
15.01.1994;0
16.01.1994;0
17.01.1994;0
18.01.1994;0
19.01.1994;0
20.01.1994;0
21.01.1994;0
22.01.1994;0
23.01.1994;0
24.01.1994;0
25.01.1994;0
26.01.1994;0
27.01.1994;0
28.01.1994;0
29.01.1994;0
30.01.1994;0
31.01.1994;0
01.02.1994;0
02.02.1994;0
03.02.1994;0
04.02.1994;0
05.02.1994;0
06.02.1994;0
07.02.1994;0
08.02.1994;0
09.02.1994;0
10.02.1994;0
11.02.1994;0
12.02.1994;0
13.02.1994;0
14.02.1994;0
15.02.1994;0
16.02.1994;0
17.02.1994;0
18.02.1994;0
19.02.1994;0
20.02.1994;0
21.02.1994;0
22.02.1994;0
23.02.1994;0
24.02.1994;0
25.02.1994;0
26.02.1994;0
27.02.1994;0
28.02.1994;0
01.03.1994;0
02.03.1994;0
03.03.1994;0
04.03.1994;0
05.03.1994;0
06.03.1994;0
07.03.1994;0
08.03.1994;0
09.03.1994;0
10.03.1994;0
11.03.1994;0
12.03.1994;0
13.03.1994;0
14.03.1994;0
15.03.1994;0
16.03.1994;0
17.03.1994;0
18.03.1994;0
19.03.1994;0
20.03.1994;0
21.03.1994;0
22.03.1994;0
23.03.1994;0
24.03.1994;0
25.03.1994;0
26.03.1994;0
27.03.1994;0
28.03.1994;0
29.03.1994;0
30.03.1994;0
31.03.1994;0
01.04.1994;0
02.04.1994;0
03.04.1994;0
04.04.1994;0
05.04.1994;0
06.04.1994;0
07.04.1994;0
08.04.1994;0
09.04.1994;0
10.04.1994;0
11.04.1994;0
12.04.1994;0
13.04.1994;0
14.04.1994;0
15.04.1994;0
16.04.1994;0
17.04.1994;0
18.04.1994;0
19.04.1994;0
20.04.1994;0
21.04.1994;0
22.04.1994;0
23.04.1994;0
24.04.1994;0
25.04.1994;0
26.04.1994;0
27.04.1994;0
28.04.1994;0
29.04.1994;0
30.04.1994;0
01.05.1994;0
02.05.1994;0
03.05.1994;0
04.05.1994;0
05.05.1994;0
06.05.1994;0
07.05.1994;0
08.05.1994;0
09.05.1994;0
10.05.1994;0
11.05.1994;0
12.05.1994;0
13.05.1994;0
14.05.1994;0
15.05.1994;0
16.05.1994;0
17.05.1994;0
18.05.1994;0
19.05.1994;0
20.05.1994;0
21.05.1994;0
22.05.1994;0
23.05.1994;0
24.05.1994;0
25.05.1994;0
26.05.1994;0
27.05.1994;0
28.05.1994;0
29.05.1994;0
30.05.1994;0
31.05.1994;0
01.06.1994;0
02.06.1994;0
03.06.1994;0
04.06.1994;0
05.06.1994;0
06.06.1994;0
07.06.1994;0
08.06.1994;0
09.06.1994;0
10.06.1994;0
11.06.1994;0
12.06.1994;0
13.06.1994;0
14.06.1994;0
15.06.1994;0
16.06.1994;0
17.06.1994;0
18.06.1994;0
19.06.1994;0
20.06.1994;0
21.06.1994;11.15844908
22.06.1994;35.98687968
23.06.1994;71.38295085
24.06.1994;101.1448603
25.06.1994;126.4490918
26.06.1994;149.8382822
27.06.1994;182.285133
28.06.1994;214.3944699
29.06.1994;246.8246472
30.06.1994;273.5923379
01.07.1994;300.2380255
02.07.1994;323.4889122
03.07.1994;349.6215627
04.07.1994;374.7252165
05.07.1994;400.621558
06.07.1994;421.6474965
07.07.1994;443.6919465
08.07.1994;460.3867846
09.07.1994;472.0738023
10.07.1994;490.3660786
11.07.1994;505.0129056
12.07.1994;524.0775465
13.07.1994;543.1916502
14.07.1994;556.9971861
15.07.1994;567.8971655
16.07.1994;575.7667219
17.07.1994;581.9492544
18.07.1994;587.36232
19.07.1994;601.2475734
20.07.1994;611.8570006
21.07.1994;620.2016704
22.07.1994;630.0753593
23.07.1994;635.491939
24.07.1994;638.6965201
25.07.1994;641.3611545
26.07.1994;643.8573749
27.07.1994;645.9468789
28.07.1994;647.8219335
29.07.1994;0
30.07.1994;0
31.07.1994;0
01.08.1994;0
02.08.1994;0
03.08.1994;0
04.08.1994;0
05.08.1994;0
06.08.1994;0
07.08.1994;0
08.08.1994;0
09.08.1994;0
10.08.1994;0
11.08.1994;0
12.08.1994;0
13.08.1994;0
14.08.1994;0
15.08.1994;0
16.08.1994;0
17.08.1994;0
18.08.1994;0
19.08.1994;0
20.08.1994;0
21.08.1994;0
22.08.1994;0
23.08.1994;0
24.08.1994;0
25.08.1994;0
26.08.1994;0
27.08.1994;0
28.08.1994;0
29.08.1994;0
30.08.1994;0
31.08.1994;0
01.09.1994;0
02.09.1994;0
03.09.1994;0
04.09.1994;0
05.09.1994;0
06.09.1994;0
07.09.1994;0
08.09.1994;0
09.09.1994;0
10.09.1994;0
11.09.1994;0
12.09.1994;0
13.09.1994;0
14.09.1994;0
15.09.1994;0
16.09.1994;0
17.09.1994;0
18.09.1994;0
19.09.1994;0
20.09.1994;0
21.09.1994;0
22.09.1994;0
23.09.1994;0
24.09.1994;0
25.09.1994;0
26.09.1994;0
27.09.1994;0
28.09.1994;0
29.09.1994;0
30.09.1994;0
01.10.1994;0
02.10.1994;0
03.10.1994;0
04.10.1994;0
05.10.1994;0
06.10.1994;0
07.10.1994;0
08.10.1994;0
09.10.1994;0
10.10.1994;0
11.10.1994;0
12.10.1994;0
13.10.1994;0
14.10.1994;0
15.10.1994;0
16.10.1994;0
17.10.1994;0
18.10.1994;0
19.10.1994;0
20.10.1994;0
21.10.1994;0
22.10.1994;0
23.10.1994;0
24.10.1994;0
25.10.1994;0
26.10.1994;0
27.10.1994;0
28.10.1994;0
29.10.1994;0
30.10.1994;0
31.10.1994;0
01.11.1994;0
02.11.1994;0
03.11.1994;0
04.11.1994;0
05.11.1994;0
06.11.1994;0
07.11.1994;0
08.11.1994;0
09.11.1994;0
10.11.1994;0
11.11.1994;0
12.11.1994;0
13.11.1994;0
14.11.1994;0
15.11.1994;0
16.11.1994;0
17.11.1994;0
18.11.1994;0
19.11.1994;0
20.11.1994;0
21.11.1994;0
22.11.1994;0
23.11.1994;0
24.11.1994;0
25.11.1994;0
26.11.1994;0
27.11.1994;0
28.11.1994;0
29.11.1994;0
30.11.1994;0
01.12.1994;0
02.12.1994;0
03.12.1994;0
04.12.1994;0
05.12.1994;0
06.12.1994;0
07.12.1994;0
08.12.1994;0
09.12.1994;0
10.12.1994;0
11.12.1994;0
12.12.1994;0
13.12.1994;0
14.12.1994;0
15.12.1994;0
16.12.1994;0
17.12.1994;0
18.12.1994;0
19.12.1994;0
20.12.1994;0
21.12.1994;0
22.12.1994;0
23.12.1994;0
24.12.1994;0
25.12.1994;0
26.12.1994;0
27.12.1994;0
28.12.1994;0
29.12.1994;0
30.12.1994;0
31.12.1994;0
01.01.1995;0
02.01.1995;0
03.01.1995;0
04.01.1995;0
05.01.1995;0
06.01.1995;0
07.01.1995;0
08.01.1995;0
09.01.1995;0
10.01.1995;0
11.01.1995;0
12.01.1995;0
13.01.1995;0
14.01.1995;0
15.01.1995;0
16.01.1995;0
17.01.1995;0
18.01.1995;0
19.01.1995;0
20.01.1995;0
21.01.1995;0
22.01.1995;0
23.01.1995;0
24.01.1995;0
25.01.1995;0
26.01.1995;0
27.01.1995;0
28.01.1995;0
29.01.1995;0
30.01.1995;0
31.01.1995;0
01.02.1995;0
02.02.1995;0
03.02.1995;0
04.02.1995;0
05.02.1995;0
06.02.1995;0
07.02.1995;0
08.02.1995;0
09.02.1995;0
10.02.1995;0
11.02.1995;0
12.02.1995;0
13.02.1995;0
14.02.1995;0
15.02.1995;0
16.02.1995;0
17.02.1995;0
18.02.1995;0
19.02.1995;0
20.02.1995;0
21.02.1995;0
22.02.1995;0
23.02.1995;0
24.02.1995;0
25.02.1995;0
26.02.1995;0
27.02.1995;0
28.02.1995;0
01.03.1995;0
02.03.1995;0
03.03.1995;0
04.03.1995;0
05.03.1995;0
06.03.1995;0
07.03.1995;0
08.03.1995;0
09.03.1995;0
10.03.1995;0
11.03.1995;0
12.03.1995;0
13.03.1995;0
14.03.1995;0
15.03.1995;0
16.03.1995;0
17.03.1995;0
18.03.1995;0
19.03.1995;0
20.03.1995;0
21.03.1995;0
22.03.1995;0
23.03.1995;0
24.03.1995;0
25.03.1995;0
26.03.1995;0
27.03.1995;0
28.03.1995;0
29.03.1995;0
30.03.1995;0
31.03.1995;0
01.04.1995;0
02.04.1995;0
03.04.1995;0
04.04.1995;0
05.04.1995;0
06.04.1995;0
07.04.1995;0
08.04.1995;0
09.04.1995;0
10.04.1995;0
11.04.1995;0
12.04.1995;0
13.04.1995;0
14.04.1995;0
15.04.1995;0
16.04.1995;0
17.04.1995;0
18.04.1995;0
19.04.1995;0
20.04.1995;0
21.04.1995;0
22.04.1995;0
23.04.1995;0
24.04.1995;0
25.04.1995;0
26.04.1995;0
27.04.1995;0
28.04.1995;0
29.04.1995;0
30.04.1995;0
01.05.1995;0
02.05.1995;0
03.05.1995;0
04.05.1995;0
05.05.1995;0
06.05.1995;0
07.05.1995;0
08.05.1995;0
09.05.1995;0
10.05.1995;0
11.05.1995;0
12.05.1995;0
13.05.1995;0
14.05.1995;0
15.05.1995;0
16.05.1995;0
17.05.1995;0
18.05.1995;0
19.05.1995;0
20.05.1995;0
21.05.1995;0
22.05.1995;0
23.05.1995;0
24.05.1995;0
25.05.1995;0
26.05.1995;0
27.05.1995;0
28.05.1995;0
29.05.1995;0
30.05.1995;0
31.05.1995;0
01.06.1995;0
02.06.1995;0
03.06.1995;0
04.06.1995;0
05.06.1995;0
06.06.1995;0
07.06.1995;0
08.06.1995;0
09.06.1995;0
10.06.1995;0
11.06.1995;0
12.06.1995;0
13.06.1995;0
14.06.1995;0
15.06.1995;0
16.06.1995;0
17.06.1995;0
18.06.1995;0
19.06.1995;0
20.06.1995;0
21.06.1995;0
22.06.1995;11.8163223
23.06.1995;23.48171322
24.06.1995;41.12148366
25.06.1995;51.947518
26.06.1995;69.22652835
27.06.1995;93.3127719
28.06.1995;117.2684773
29.06.1995;152.9341041
30.06.1995;186.747155
01.07.1995;223.2409488
02.07.1995;259.4580937
03.07.1995;280.6497381
04.07.1995;307.7682716
05.07.1995;333.1197302
06.07.1995;349.1672104
07.07.1995;361.9806098
08.07.1995;391.6822487
09.07.1995;421.4612246
10.07.1995;450.7159835
11.07.1995;477.4443969
12.07.1995;503.9886896
13.07.1995;526.1816923
14.07.1995;547.7365163
15.07.1995;565.5645275
16.07.1995;579.901589
17.07.1995;599.8210905
18.07.1995;611.7654056
19.07.1995;626.9301471
20.07.1995;641.7517552
21.07.1995;658.2668901
22.07.1995;673.2079342
23.07.1995;688.1079042
24.07.1995;698.7106984
25.07.1995;711.4943926
26.07.1995;725.1174638
27.07.1995;738.0918664
28.07.1995;748.6266382
29.07.1995;753.6291122
30.07.1995;756.4226878
31.07.1995;765.4957772
01.08.1995;0
02.08.1995;0
03.08.1995;0
04.08.1995;0
05.08.1995;0
06.08.1995;0
07.08.1995;0
08.08.1995;0
09.08.1995;0
10.08.1995;0
11.08.1995;0
12.08.1995;0
13.08.1995;0
14.08.1995;0
15.08.1995;0
16.08.1995;0
17.08.1995;0
18.08.1995;0
19.08.1995;0
20.08.1995;0
21.08.1995;0
22.08.1995;0
23.08.1995;0
24.08.1995;0
25.08.1995;0
26.08.1995;0
27.08.1995;0
28.08.1995;0
29.08.1995;0
30.08.1995;0
31.08.1995;0
01.09.1995;0
02.09.1995;0
03.09.1995;0
04.09.1995;0
05.09.1995;0
06.09.1995;0
07.09.1995;0
08.09.1995;0
09.09.1995;0
10.09.1995;0
11.09.1995;0
12.09.1995;0
13.09.1995;0
14.09.1995;0
15.09.1995;0
16.09.1995;0
17.09.1995;0
18.09.1995;0
19.09.1995;0
20.09.1995;0
21.09.1995;0
22.09.1995;0
23.09.1995;0
24.09.1995;0
25.09.1995;0
26.09.1995;0
27.09.1995;0
28.09.1995;0
29.09.1995;0
30.09.1995;0
01.10.1995;0
02.10.1995;0
03.10.1995;0
04.10.1995;0
05.10.1995;0
06.10.1995;0
07.10.1995;0
08.10.1995;0
09.10.1995;0
10.10.1995;0
11.10.1995;0
12.10.1995;0
13.10.1995;0
14.10.1995;0
15.10.1995;0
16.10.1995;0
17.10.1995;0
18.10.1995;0
19.10.1995;0
20.10.1995;0
21.10.1995;0
22.10.1995;0
23.10.1995;0
24.10.1995;0
25.10.1995;0
26.10.1995;0
27.10.1995;0
28.10.1995;0
29.10.1995;0
30.10.1995;0
31.10.1995;0
01.11.1995;0
02.11.1995;0
03.11.1995;0
04.11.1995;0
05.11.1995;0
06.11.1995;0
07.11.1995;0
08.11.1995;0
09.11.1995;0
10.11.1995;0
11.11.1995;0
12.11.1995;0
13.11.1995;0
14.11.1995;0
15.11.1995;0
16.11.1995;0
17.11.1995;0
18.11.1995;0
19.11.1995;0
20.11.1995;0
21.11.1995;0
22.11.1995;0
23.11.1995;0
24.11.1995;0
25.11.1995;0
26.11.1995;0
27.11.1995;0
28.11.1995;0
29.11.1995;0
30.11.1995;0
01.12.1995;0
02.12.1995;0
03.12.1995;0
04.12.1995;0
05.12.1995;0
06.12.1995;0
07.12.1995;0
08.12.1995;0
09.12.1995;0
10.12.1995;0
11.12.1995;0
12.12.1995;0
13.12.1995;0
14.12.1995;0
15.12.1995;0
16.12.1995;0
17.12.1995;0
18.12.1995;0
19.12.1995;0
20.12.1995;0
21.12.1995;0
22.12.1995;0
23.12.1995;0
24.12.1995;0
25.12.1995;0
26.12.1995;0
27.12.1995;0
28.12.1995;0
29.12.1995;0
30.12.1995;0
31.12.1995;0
01.01.1996;0
02.01.1996;0
03.01.1996;0
04.01.1996;0
05.01.1996;0
06.01.1996;0
07.01.1996;0
08.01.1996;0
09.01.1996;0
10.01.1996;0
11.01.1996;0
12.01.1996;0
13.01.1996;0
14.01.1996;0
15.01.1996;0
16.01.1996;0
17.01.1996;0
18.01.1996;0
19.01.1996;0
20.01.1996;0
21.01.1996;0
22.01.1996;0
23.01.1996;0
24.01.1996;0
25.01.1996;0
26.01.1996;0
27.01.1996;0
28.01.1996;0
29.01.1996;0
30.01.1996;0
31.01.1996;0
01.02.1996;0
02.02.1996;0
03.02.1996;0
04.02.1996;0
05.02.1996;0
06.02.1996;0
07.02.1996;0
08.02.1996;0
09.02.1996;0
10.02.1996;0
11.02.1996;0
12.02.1996;0
13.02.1996;0
14.02.1996;0
15.02.1996;0
16.02.1996;0
17.02.1996;0
18.02.1996;0
19.02.1996;0
20.02.1996;0
21.02.1996;0
22.02.1996;0
23.02.1996;0
24.02.1996;0
25.02.1996;0
26.02.1996;0
27.02.1996;0
28.02.1996;0
29.02.1996;0
01.03.1996;0
02.03.1996;0
03.03.1996;0
04.03.1996;0
05.03.1996;0
06.03.1996;0
07.03.1996;0
08.03.1996;0
09.03.1996;0
10.03.1996;0
11.03.1996;0
12.03.1996;0
13.03.1996;0
14.03.1996;0
15.03.1996;0
16.03.1996;0
17.03.1996;0
18.03.1996;0
19.03.1996;0
20.03.1996;0
21.03.1996;0
22.03.1996;0
23.03.1996;0
24.03.1996;0
25.03.1996;0
26.03.1996;0
27.03.1996;0
28.03.1996;0
29.03.1996;0
30.03.1996;0
31.03.1996;0
01.04.1996;0
02.04.1996;0
03.04.1996;0
04.04.1996;0
05.04.1996;0
06.04.1996;0
07.04.1996;0
08.04.1996;0
09.04.1996;0
10.04.1996;0
11.04.1996;0
12.04.1996;0
13.04.1996;0
14.04.1996;0
15.04.1996;0
16.04.1996;0
17.04.1996;0
18.04.1996;0
19.04.1996;0
20.04.1996;0
21.04.1996;0
22.04.1996;0
23.04.1996;0
24.04.1996;0
25.04.1996;0
26.04.1996;0
27.04.1996;0
28.04.1996;0
29.04.1996;0
30.04.1996;0
01.05.1996;0
02.05.1996;0
03.05.1996;0
04.05.1996;0
05.05.1996;0
06.05.1996;0
07.05.1996;0
08.05.1996;0
09.05.1996;0
10.05.1996;0
11.05.1996;0
12.05.1996;0
13.05.1996;0
14.05.1996;0
15.05.1996;0
16.05.1996;0
17.05.1996;0
18.05.1996;0
19.05.1996;0
20.05.1996;0
21.05.1996;0
22.05.1996;0
23.05.1996;0
24.05.1996;0
25.05.1996;0
26.05.1996;0
27.05.1996;0
28.05.1996;0
29.05.1996;0
30.05.1996;0
31.05.1996;0
01.06.1996;0
02.06.1996;0
03.06.1996;0
04.06.1996;0
05.06.1996;0
06.06.1996;0
07.06.1996;0
08.06.1996;0
09.06.1996;0
10.06.1996;0
11.06.1996;0
12.06.1996;0
13.06.1996;0
14.06.1996;0
15.06.1996;0
16.06.1996;0
17.06.1996;7.556643109
18.06.1996;43.57163853
19.06.1996;79.33621574
20.06.1996;103.9493729
21.06.1996;132.5762597
22.06.1996;147.1967654
23.06.1996;167.3382801
24.06.1996;182.1129481
25.06.1996;207.9164557
26.06.1996;227.4420996
27.06.1996;237.0303356
28.06.1996;260.1630291
29.06.1996;283.4787286
30.06.1996;312.0849749
01.07.1996;328.864592
02.07.1996;337.0797873
03.07.1996;346.6287009
04.07.1996;364.601786
05.07.1996;391.7805719
06.07.1996;414.6080141
07.07.1996;433.7323664
08.07.1996;447.8133794
09.07.1996;464.9394144
10.07.1996;482.7195937
11.07.1996;494.4311281
12.07.1996;507.3196939
13.07.1996;520.4753123
14.07.1996;539.2734761
15.07.1996;557.1639899
16.07.1996;572.7336036
17.07.1996;583.5556173
18.07.1996;596.8024606
19.07.1996;610.8972047
20.07.1996;623.683899
21.07.1996;635.8087443
22.07.1996;648.1207833
23.07.1996;660.2027569
24.07.1996;673.2260695
25.07.1996;682.1589822
26.07.1996;689.9657332
27.07.1996;699.1617551
28.07.1996;708.0024789
29.07.1996;715.5760332
30.07.1996;723.234754
31.07.1996;727.9992191
01.08.1996;735.5838752
02.08.1996;743.3176078
03.08.1996;0
04.08.1996;0
05.08.1996;0
06.08.1996;0
07.08.1996;0
08.08.1996;0
09.08.1996;0
10.08.1996;0
11.08.1996;0
12.08.1996;0
13.08.1996;0
14.08.1996;0
15.08.1996;0
16.08.1996;0
17.08.1996;0
18.08.1996;0
19.08.1996;0
20.08.1996;0
21.08.1996;0
22.08.1996;0
23.08.1996;0
24.08.1996;0
25.08.1996;0
26.08.1996;0
27.08.1996;0
28.08.1996;0
29.08.1996;0
30.08.1996;0
31.08.1996;0
01.09.1996;0
02.09.1996;0
03.09.1996;0
04.09.1996;0
05.09.1996;0
06.09.1996;0
07.09.1996;0
08.09.1996;0
09.09.1996;0
10.09.1996;0
11.09.1996;0
12.09.1996;0
13.09.1996;0
14.09.1996;0
15.09.1996;0
16.09.1996;0
17.09.1996;0
18.09.1996;0
19.09.1996;0
20.09.1996;0
21.09.1996;0
22.09.1996;0
23.09.1996;0
24.09.1996;0
25.09.1996;0
26.09.1996;0
27.09.1996;0
28.09.1996;0
29.09.1996;0
30.09.1996;0
01.10.1996;0
02.10.1996;0
03.10.1996;0
04.10.1996;0
05.10.1996;0
06.10.1996;0
07.10.1996;0
08.10.1996;0
09.10.1996;0
10.10.1996;0
11.10.1996;0
12.10.1996;0
13.10.1996;0
14.10.1996;0
15.10.1996;0
16.10.1996;0
17.10.1996;0
18.10.1996;0
19.10.1996;0
20.10.1996;0
21.10.1996;0
22.10.1996;0
23.10.1996;0
24.10.1996;0
25.10.1996;0
26.10.1996;0
27.10.1996;0
28.10.1996;0
29.10.1996;0
30.10.1996;0
31.10.1996;0
01.11.1996;0
02.11.1996;0
03.11.1996;0
04.11.1996;0
05.11.1996;0
06.11.1996;0
07.11.1996;0
08.11.1996;0
09.11.1996;0
10.11.1996;0
11.11.1996;0
12.11.1996;0
13.11.1996;0
14.11.1996;0
15.11.1996;0
16.11.1996;0
17.11.1996;0
18.11.1996;0
19.11.1996;0
20.11.1996;0
21.11.1996;0
22.11.1996;0
23.11.1996;0
24.11.1996;0
25.11.1996;0
26.11.1996;0
27.11.1996;0
28.11.1996;0
29.11.1996;0
30.11.1996;0
01.12.1996;0
02.12.1996;0
03.12.1996;0
04.12.1996;0
05.12.1996;0
06.12.1996;0
07.12.1996;0
08.12.1996;0
09.12.1996;0
10.12.1996;0
11.12.1996;0
12.12.1996;0
13.12.1996;0
14.12.1996;0
15.12.1996;0
16.12.1996;0
17.12.1996;0
18.12.1996;0
19.12.1996;0
20.12.1996;0
21.12.1996;0
22.12.1996;0
23.12.1996;0
24.12.1996;0
25.12.1996;0
26.12.1996;0
27.12.1996;0
28.12.1996;0
29.12.1996;0
30.12.1996;0
31.12.1996;0
01.01.1997;0
02.01.1997;0
03.01.1997;0
04.01.1997;0
05.01.1997;0
06.01.1997;0
07.01.1997;0
08.01.1997;0
09.01.1997;0
10.01.1997;0
11.01.1997;0
12.01.1997;0
13.01.1997;0
14.01.1997;0
15.01.1997;0
16.01.1997;0
17.01.1997;0
18.01.1997;0
19.01.1997;0
20.01.1997;0
21.01.1997;0
22.01.1997;0
23.01.1997;0
24.01.1997;0
25.01.1997;0
26.01.1997;0
27.01.1997;0
28.01.1997;0
29.01.1997;0
30.01.1997;0
31.01.1997;0
01.02.1997;0
02.02.1997;0
03.02.1997;0
04.02.1997;0
05.02.1997;0
06.02.1997;0
07.02.1997;0
08.02.1997;0
09.02.1997;0
10.02.1997;0
11.02.1997;0
12.02.1997;0
13.02.1997;0
14.02.1997;0
15.02.1997;0
16.02.1997;0
17.02.1997;0
18.02.1997;0
19.02.1997;0
20.02.1997;0
21.02.1997;0
22.02.1997;0
23.02.1997;0
24.02.1997;0
25.02.1997;0
26.02.1997;0
27.02.1997;0
28.02.1997;0
01.03.1997;0
02.03.1997;0
03.03.1997;0
04.03.1997;0
05.03.1997;0
06.03.1997;0
07.03.1997;0
08.03.1997;0
09.03.1997;0
10.03.1997;0
11.03.1997;0
12.03.1997;0
13.03.1997;0
14.03.1997;0
15.03.1997;0
16.03.1997;0
17.03.1997;0
18.03.1997;0
19.03.1997;0
20.03.1997;0
21.03.1997;0
22.03.1997;0
23.03.1997;0
24.03.1997;0
25.03.1997;0
26.03.1997;0
27.03.1997;0
28.03.1997;0
29.03.1997;0
30.03.1997;0
31.03.1997;0
01.04.1997;0
02.04.1997;0
03.04.1997;0
04.04.1997;0
05.04.1997;0
06.04.1997;0
07.04.1997;0
08.04.1997;0
09.04.1997;0
10.04.1997;0
11.04.1997;0
12.04.1997;0
13.04.1997;0
14.04.1997;0
15.04.1997;0
16.04.1997;0
17.04.1997;0
18.04.1997;0
19.04.1997;0
20.04.1997;0
21.04.1997;0
22.04.1997;0
23.04.1997;0
24.04.1997;0
25.04.1997;0
26.04.1997;0
27.04.1997;0
28.04.1997;0
29.04.1997;0
30.04.1997;0
01.05.1997;0
02.05.1997;0
03.05.1997;0
04.05.1997;0
05.05.1997;0
06.05.1997;0
07.05.1997;0
08.05.1997;0
09.05.1997;0
10.05.1997;0
11.05.1997;0
12.05.1997;0
13.05.1997;0
14.05.1997;0
15.05.1997;0
16.05.1997;0
17.05.1997;0
18.05.1997;0
19.05.1997;0
20.05.1997;0
21.05.1997;0
22.05.1997;0
23.05.1997;0
24.05.1997;0
25.05.1997;0
26.05.1997;0
27.05.1997;0
28.05.1997;0
29.05.1997;0
30.05.1997;0
31.05.1997;0
01.06.1997;0
02.06.1997;0
03.06.1997;0
04.06.1997;0
05.06.1997;0
06.06.1997;0
07.06.1997;0
08.06.1997;0
09.06.1997;0
10.06.1997;0
11.06.1997;0
12.06.1997;0
13.06.1997;0
14.06.1997;0
15.06.1997;0
16.06.1997;0
17.06.1997;0
18.06.1997;0
19.06.1997;0
20.06.1997;0
21.06.1997;0
22.06.1997;21.70967796
23.06.1997;53.30217199
24.06.1997;83.51777908
25.06.1997;112.8433648
26.06.1997;146.7134414
27.06.1997;175.2752591
28.06.1997;205.7671084
29.06.1997;239.2058063
30.06.1997;275.6856704
01.07.1997;300.5342977
02.07.1997;325.4483189
03.07.1997;358.2591112
04.07.1997;387.9162691
05.07.1997;420.9844941
06.07.1997;438.9307773
07.07.1997;451.2321971
08.07.1997;465.2684502
09.07.1997;480.5294921
10.07.1997;508.5131822
11.07.1997;532.9594484
12.07.1997;548.4983707
13.07.1997;568.2162728
14.07.1997;588.4059149
15.07.1997;607.9432628
16.07.1997;620.7302928
17.07.1997;636.7597277
18.07.1997;653.4711475
19.07.1997;661.5639624
20.07.1997;671.5754419
21.07.1997;687.9749639
22.07.1997;702.6511829
23.07.1997;718.1636566
24.07.1997;733.6359193
25.07.1997;745.2745231
26.07.1997;755.4281924
27.07.1997;768.3918307
28.07.1997;782.6962499
29.07.1997;793.2863715
30.07.1997;798.4307355
31.07.1997;810.7309277
01.08.1997;822.0499091
02.08.1997;828.9970638
03.08.1997;838.7105329
04.08.1997;847.6160622
05.08.1997;0
06.08.1997;0
07.08.1997;0
08.08.1997;0
09.08.1997;0
10.08.1997;0
11.08.1997;0
12.08.1997;0
13.08.1997;0
14.08.1997;0
15.08.1997;0
16.08.1997;0
17.08.1997;0
18.08.1997;0
19.08.1997;0
20.08.1997;0
21.08.1997;0
22.08.1997;0
23.08.1997;0
24.08.1997;0
25.08.1997;0
26.08.1997;0
27.08.1997;0
28.08.1997;0
29.08.1997;0
30.08.1997;0
31.08.1997;0
01.09.1997;0
02.09.1997;0
03.09.1997;0
04.09.1997;0
05.09.1997;0
06.09.1997;0
07.09.1997;0
08.09.1997;0
09.09.1997;0
10.09.1997;0
11.09.1997;0
12.09.1997;0
13.09.1997;0
14.09.1997;0
15.09.1997;0
16.09.1997;0
17.09.1997;0
18.09.1997;0
19.09.1997;0
20.09.1997;0
21.09.1997;0
22.09.1997;0
23.09.1997;0
24.09.1997;0
25.09.1997;0
26.09.1997;0
27.09.1997;0
28.09.1997;0
29.09.1997;0
30.09.1997;0
01.10.1997;0
02.10.1997;0
03.10.1997;0
04.10.1997;0
05.10.1997;0
06.10.1997;0
07.10.1997;0
08.10.1997;0
09.10.1997;0
10.10.1997;0
11.10.1997;0
12.10.1997;0
13.10.1997;0
14.10.1997;0
15.10.1997;0
16.10.1997;0
17.10.1997;0
18.10.1997;0
19.10.1997;0
20.10.1997;0
21.10.1997;0
22.10.1997;0
23.10.1997;0
24.10.1997;0
25.10.1997;0
26.10.1997;0
27.10.1997;0
28.10.1997;0
29.10.1997;0
30.10.1997;0
31.10.1997;0
01.11.1997;0
02.11.1997;0
03.11.1997;0
04.11.1997;0
05.11.1997;0
06.11.1997;0
07.11.1997;0
08.11.1997;0
09.11.1997;0
10.11.1997;0
11.11.1997;0
12.11.1997;0
13.11.1997;0
14.11.1997;0
15.11.1997;0
16.11.1997;0
17.11.1997;0
18.11.1997;0
19.11.1997;0
20.11.1997;0
21.11.1997;0
22.11.1997;0
23.11.1997;0
24.11.1997;0
25.11.1997;0
26.11.1997;0
27.11.1997;0
28.11.1997;0
29.11.1997;0
30.11.1997;0
01.12.1997;0
02.12.1997;0
03.12.1997;0
04.12.1997;0
05.12.1997;0
06.12.1997;0
07.12.1997;0
08.12.1997;0
09.12.1997;0
10.12.1997;0
11.12.1997;0
12.12.1997;0
13.12.1997;0
14.12.1997;0
15.12.1997;0
16.12.1997;0
17.12.1997;0
18.12.1997;0
19.12.1997;0
20.12.1997;0
21.12.1997;0
22.12.1997;0
23.12.1997;0
24.12.1997;0
25.12.1997;0
26.12.1997;0
27.12.1997;0
28.12.1997;0
29.12.1997;0
30.12.1997;0
31.12.1997;0
01.01.1998;0
02.01.1998;0
03.01.1998;0
04.01.1998;0
05.01.1998;0
06.01.1998;0
07.01.1998;0
08.01.1998;0
09.01.1998;0
10.01.1998;0
11.01.1998;0
12.01.1998;0
13.01.1998;0
14.01.1998;0
15.01.1998;0
16.01.1998;0
17.01.1998;0
18.01.1998;0
19.01.1998;0
20.01.1998;0
21.01.1998;0
22.01.1998;0
23.01.1998;0
24.01.1998;0
25.01.1998;0
26.01.1998;0
27.01.1998;0
28.01.1998;0
29.01.1998;0
30.01.1998;0
31.01.1998;0
01.02.1998;0
02.02.1998;0
03.02.1998;0
04.02.1998;0
05.02.1998;0
06.02.1998;0
07.02.1998;0
08.02.1998;0
09.02.1998;0
10.02.1998;0
11.02.1998;0
12.02.1998;0
13.02.1998;0
14.02.1998;0
15.02.1998;0
16.02.1998;0
17.02.1998;0
18.02.1998;0
19.02.1998;0
20.02.1998;0
21.02.1998;0
22.02.1998;0
23.02.1998;0
24.02.1998;0
25.02.1998;0
26.02.1998;0
27.02.1998;0
28.02.1998;0
01.03.1998;0
02.03.1998;0
03.03.1998;0
04.03.1998;0
05.03.1998;0
06.03.1998;0
07.03.1998;0
08.03.1998;0
09.03.1998;0
10.03.1998;0
11.03.1998;0
12.03.1998;0
13.03.1998;0
14.03.1998;0
15.03.1998;0
16.03.1998;0
17.03.1998;0
18.03.1998;0
19.03.1998;0
20.03.1998;0
21.03.1998;0
22.03.1998;0
23.03.1998;0
24.03.1998;0
25.03.1998;0
26.03.1998;0
27.03.1998;0
28.03.1998;0
29.03.1998;0
30.03.1998;0
31.03.1998;0
01.04.1998;0
02.04.1998;0
03.04.1998;0
04.04.1998;0
05.04.1998;0
06.04.1998;0
07.04.1998;0
08.04.1998;0
09.04.1998;0
10.04.1998;0
11.04.1998;0
12.04.1998;0
13.04.1998;0
14.04.1998;0
15.04.1998;0
16.04.1998;0
17.04.1998;0
18.04.1998;0
19.04.1998;0
20.04.1998;0
21.04.1998;0
22.04.1998;0
23.04.1998;0
24.04.1998;0
25.04.1998;0
26.04.1998;0
27.04.1998;0
28.04.1998;0
29.04.1998;0
30.04.1998;0
01.05.1998;0
02.05.1998;0
03.05.1998;0
04.05.1998;0
05.05.1998;0
06.05.1998;0
07.05.1998;0
08.05.1998;0
09.05.1998;0
10.05.1998;0
11.05.1998;0
12.05.1998;0
13.05.1998;0
14.05.1998;0
15.05.1998;0
16.05.1998;0
17.05.1998;0
18.05.1998;0
19.05.1998;0
20.05.1998;0
21.05.1998;0
22.05.1998;0
23.05.1998;0
24.05.1998;0
25.05.1998;0
26.05.1998;0
27.05.1998;0
28.05.1998;0
29.05.1998;0
30.05.1998;0
31.05.1998;0
01.06.1998;0
02.06.1998;0
03.06.1998;0
04.06.1998;0
05.06.1998;0
06.06.1998;0
07.06.1998;0
08.06.1998;0
09.06.1998;0
10.06.1998;0
11.06.1998;0
12.06.1998;0
13.06.1998;0
14.06.1998;0
15.06.1998;0
16.06.1998;0
17.06.1998;0
18.06.1998;0
19.06.1998;0
20.06.1998;28.42063277
21.06.1998;57.62864689
22.06.1998;97.018553
23.06.1998;129.8673032
24.06.1998;150.6777841
25.06.1998;172.824827
26.06.1998;200.3330207
27.06.1998;224.1019703
28.06.1998;252.8117285
29.06.1998;278.1171239
30.06.1998;295.7791994
01.07.1998;321.2151561
02.07.1998;351.2444591
03.07.1998;363.4447177
04.07.1998;376.7396334
05.07.1998;397.3663271
06.07.1998;411.3184906
07.07.1998;429.4654953
08.07.1998;445.5759233
09.07.1998;462.3684689
10.07.1998;481.5912947
11.07.1998;501.4041681
12.07.1998;516.1559386
13.07.1998;528.038391
14.07.1998;548.2970247
15.07.1998;551.7912986
16.07.1998;565.6304463
17.07.1998;584.8860405
18.07.1998;600.390263
19.07.1998;616.18366
20.07.1998;629.7356853
21.07.1998;647.3136391
22.07.1998;663.5813584
23.07.1998;678.0340699
24.07.1998;691.213657
25.07.1998;701.4697013
26.07.1998;710.0258728
27.07.1998;719.8053921
28.07.1998;729.8310652
29.07.1998;0
30.07.1998;0
31.07.1998;0
01.08.1998;0
02.08.1998;0
03.08.1998;0
04.08.1998;0
05.08.1998;0
06.08.1998;0
07.08.1998;0
08.08.1998;0
09.08.1998;0
10.08.1998;0
11.08.1998;0
12.08.1998;0
13.08.1998;0
14.08.1998;0
15.08.1998;0
16.08.1998;0
17.08.1998;0
18.08.1998;0
19.08.1998;0
20.08.1998;0
21.08.1998;0
22.08.1998;0
23.08.1998;0
24.08.1998;0
25.08.1998;0
26.08.1998;0
27.08.1998;0
28.08.1998;0
29.08.1998;0
30.08.1998;0
31.08.1998;0
01.09.1998;0
02.09.1998;0
03.09.1998;0
04.09.1998;0
05.09.1998;0
06.09.1998;0
07.09.1998;0
08.09.1998;0
09.09.1998;0
10.09.1998;0
11.09.1998;0
12.09.1998;0
13.09.1998;0
14.09.1998;0
15.09.1998;0
16.09.1998;0
17.09.1998;0
18.09.1998;0
19.09.1998;0
20.09.1998;0
21.09.1998;0
22.09.1998;0
23.09.1998;0
24.09.1998;0
25.09.1998;0
26.09.1998;0
27.09.1998;0
28.09.1998;0
29.09.1998;0
30.09.1998;0
01.10.1998;0
02.10.1998;0
03.10.1998;0
04.10.1998;0
05.10.1998;0
06.10.1998;0
07.10.1998;0
08.10.1998;0
09.10.1998;0
10.10.1998;0
11.10.1998;0
12.10.1998;0
13.10.1998;0
14.10.1998;0
15.10.1998;0
16.10.1998;0
17.10.1998;0
18.10.1998;0
19.10.1998;0
20.10.1998;0
21.10.1998;0
22.10.1998;0
23.10.1998;0
24.10.1998;0
25.10.1998;0
26.10.1998;0
27.10.1998;0
28.10.1998;0
29.10.1998;0
30.10.1998;0
31.10.1998;0
01.11.1998;0
02.11.1998;0
03.11.1998;0
04.11.1998;0
05.11.1998;0
06.11.1998;0
07.11.1998;0
08.11.1998;0
09.11.1998;0
10.11.1998;0
11.11.1998;0
12.11.1998;0
13.11.1998;0
14.11.1998;0
15.11.1998;0
16.11.1998;0
17.11.1998;0
18.11.1998;0
19.11.1998;0
20.11.1998;0
21.11.1998;0
22.11.1998;0
23.11.1998;0
24.11.1998;0
25.11.1998;0
26.11.1998;0
27.11.1998;0
28.11.1998;0
29.11.1998;0
30.11.1998;0
01.12.1998;0
02.12.1998;0
03.12.1998;0
04.12.1998;0
05.12.1998;0
06.12.1998;0
07.12.1998;0
08.12.1998;0
09.12.1998;0
10.12.1998;0
11.12.1998;0
12.12.1998;0
13.12.1998;0
14.12.1998;0
15.12.1998;0
16.12.1998;0
17.12.1998;0
18.12.1998;0
19.12.1998;0
20.12.1998;0
21.12.1998;0
22.12.1998;0
23.12.1998;0
24.12.1998;0
25.12.1998;0
26.12.1998;0
27.12.1998;0
28.12.1998;0
29.12.1998;0
30.12.1998;0
31.12.1998;0
01.01.1999;0
02.01.1999;0
03.01.1999;0
04.01.1999;0
05.01.1999;0
06.01.1999;0
07.01.1999;0
08.01.1999;0
09.01.1999;0
10.01.1999;0
11.01.1999;0
12.01.1999;0
13.01.1999;0
14.01.1999;0
15.01.1999;0
16.01.1999;0
17.01.1999;0
18.01.1999;0
19.01.1999;0
20.01.1999;0
21.01.1999;0
22.01.1999;0
23.01.1999;0
24.01.1999;0
25.01.1999;0
26.01.1999;0
27.01.1999;0
28.01.1999;0
29.01.1999;0
30.01.1999;0
31.01.1999;0
01.02.1999;0
02.02.1999;0
03.02.1999;0
04.02.1999;0
05.02.1999;0
06.02.1999;0
07.02.1999;0
08.02.1999;0
09.02.1999;0
10.02.1999;0
11.02.1999;0
12.02.1999;0
13.02.1999;0
14.02.1999;0
15.02.1999;0
16.02.1999;0
17.02.1999;0
18.02.1999;0
19.02.1999;0
20.02.1999;0
21.02.1999;0
22.02.1999;0
23.02.1999;0
24.02.1999;0
25.02.1999;0
26.02.1999;0
27.02.1999;0
28.02.1999;0
01.03.1999;0
02.03.1999;0
03.03.1999;0
04.03.1999;0
05.03.1999;0
06.03.1999;0
07.03.1999;0
08.03.1999;0
09.03.1999;0
10.03.1999;0
11.03.1999;0
12.03.1999;0
13.03.1999;0
14.03.1999;0
15.03.1999;0
16.03.1999;0
17.03.1999;0
18.03.1999;0
19.03.1999;0
20.03.1999;0
21.03.1999;0
22.03.1999;0
23.03.1999;0
24.03.1999;0
25.03.1999;0
26.03.1999;0
27.03.1999;0
28.03.1999;0
29.03.1999;0
30.03.1999;0
31.03.1999;0
01.04.1999;0
02.04.1999;0
03.04.1999;0
04.04.1999;0
05.04.1999;0
06.04.1999;0
07.04.1999;0
08.04.1999;0
09.04.1999;0
10.04.1999;0
11.04.1999;0
12.04.1999;0
13.04.1999;0
14.04.1999;0
15.04.1999;0
16.04.1999;0
17.04.1999;0
18.04.1999;0
19.04.1999;0
20.04.1999;0
21.04.1999;0
22.04.1999;0
23.04.1999;0
24.04.1999;0
25.04.1999;0
26.04.1999;0
27.04.1999;0
28.04.1999;0
29.04.1999;0
30.04.1999;0
01.05.1999;0
02.05.1999;0
03.05.1999;0
04.05.1999;0
05.05.1999;0
06.05.1999;0
07.05.1999;0
08.05.1999;0
09.05.1999;0
10.05.1999;0
11.05.1999;0
12.05.1999;0
13.05.1999;0
14.05.1999;0
15.05.1999;0
16.05.1999;0
17.05.1999;0
18.05.1999;0
19.05.1999;0
20.05.1999;0
21.05.1999;0
22.05.1999;0
23.05.1999;0
24.05.1999;0
25.05.1999;0
26.05.1999;0
27.05.1999;0
28.05.1999;0
29.05.1999;0
30.05.1999;0
31.05.1999;0
01.06.1999;0
02.06.1999;0
03.06.1999;0
04.06.1999;0
05.06.1999;0
06.06.1999;0
07.06.1999;0
08.06.1999;0
09.06.1999;0
10.06.1999;0
11.06.1999;0
12.06.1999;0
13.06.1999;0
14.06.1999;0
15.06.1999;0
16.06.1999;23.25334931
17.06.1999;43.33459618
18.06.1999;67.2912182
19.06.1999;92.29258254
20.06.1999;109.3509154
21.06.1999;141.1588078
22.06.1999;151.2984569
23.06.1999;164.5614791
24.06.1999;199.4068204
25.06.1999;231.6851447
26.06.1999;266.8800157
27.06.1999;302.9479043
28.06.1999;326.434502
29.06.1999;350.6955425
30.06.1999;377.0902906
01.07.1999;403.9387561
02.07.1999;428.256881
03.07.1999;456.0104811
04.07.1999;484.458083
05.07.1999;512.5729423
06.07.1999;538.9726808
07.07.1999;564.286108
08.07.1999;570.2060809
09.07.1999;586.2894377
10.07.1999;593.1055503
11.07.1999;602.137077
12.07.1999;613.2704993
13.07.1999;628.6179517
14.07.1999;644.1927903
15.07.1999;656.956383
16.07.1999;671.2150383
17.07.1999;686.3213332
18.07.1999;700.4401269
19.07.1999;715.112245
20.07.1999;729.6106699
21.07.1999;742.8483024
22.07.1999;753.129926
23.07.1999;757.4182492
24.07.1999;765.3047205
25.07.1999;773.4959548
26.07.1999;778.824486
27.07.1999;783.9906914
28.07.1999;0
29.07.1999;0
30.07.1999;0
31.07.1999;0
01.08.1999;0
02.08.1999;0
03.08.1999;0
04.08.1999;0
05.08.1999;0
06.08.1999;0
07.08.1999;0
08.08.1999;0
09.08.1999;0
10.08.1999;0
11.08.1999;0
12.08.1999;0
13.08.1999;0
14.08.1999;0
15.08.1999;0
16.08.1999;0
17.08.1999;0
18.08.1999;0
19.08.1999;0
20.08.1999;0
21.08.1999;0
22.08.1999;0
23.08.1999;0
24.08.1999;0
25.08.1999;0
26.08.1999;0
27.08.1999;0
28.08.1999;0
29.08.1999;0
30.08.1999;0
31.08.1999;0
01.09.1999;0
02.09.1999;0
03.09.1999;0
04.09.1999;0
05.09.1999;0
06.09.1999;0
07.09.1999;0
08.09.1999;0
09.09.1999;0
10.09.1999;0
11.09.1999;0
12.09.1999;0
13.09.1999;0
14.09.1999;0
15.09.1999;0
16.09.1999;0
17.09.1999;0
18.09.1999;0
19.09.1999;0
20.09.1999;0
21.09.1999;0
22.09.1999;0
23.09.1999;0
24.09.1999;0
25.09.1999;0
26.09.1999;0
27.09.1999;0
28.09.1999;0
29.09.1999;0
30.09.1999;0
01.10.1999;0
02.10.1999;0
03.10.1999;0
04.10.1999;0
05.10.1999;0
06.10.1999;0
07.10.1999;0
08.10.1999;0
09.10.1999;0
10.10.1999;0
11.10.1999;0
12.10.1999;0
13.10.1999;0
14.10.1999;0
15.10.1999;0
16.10.1999;0
17.10.1999;0
18.10.1999;0
19.10.1999;0
20.10.1999;0
21.10.1999;0
22.10.1999;0
23.10.1999;0
24.10.1999;0
25.10.1999;0
26.10.1999;0
27.10.1999;0
28.10.1999;0
29.10.1999;0
30.10.1999;0
31.10.1999;0
01.11.1999;0
02.11.1999;0
03.11.1999;0
04.11.1999;0
05.11.1999;0
06.11.1999;0
07.11.1999;0
08.11.1999;0
09.11.1999;0
10.11.1999;0
11.11.1999;0
12.11.1999;0
13.11.1999;0
14.11.1999;0
15.11.1999;0
16.11.1999;0
17.11.1999;0
18.11.1999;0
19.11.1999;0
20.11.1999;0
21.11.1999;0
22.11.1999;0
23.11.1999;0
24.11.1999;0
25.11.1999;0
26.11.1999;0
27.11.1999;0
28.11.1999;0
29.11.1999;0
30.11.1999;0
01.12.1999;0
02.12.1999;0
03.12.1999;0
04.12.1999;0
05.12.1999;0
06.12.1999;0
07.12.1999;0
08.12.1999;0
09.12.1999;0
10.12.1999;0
11.12.1999;0
12.12.1999;0
13.12.1999;0
14.12.1999;0
15.12.1999;0
16.12.1999;0
17.12.1999;0
18.12.1999;0
19.12.1999;0
20.12.1999;0
21.12.1999;0
22.12.1999;0
23.12.1999;0
24.12.1999;0
25.12.1999;0
26.12.1999;0
27.12.1999;0
28.12.1999;0
29.12.1999;0
30.12.1999;0
31.12.1999;0
01.01.2000;0
02.01.2000;0
03.01.2000;0
04.01.2000;0
05.01.2000;0
06.01.2000;0
07.01.2000;0
08.01.2000;0
09.01.2000;0
10.01.2000;0
11.01.2000;0
12.01.2000;0
13.01.2000;0
14.01.2000;0
15.01.2000;0
16.01.2000;0
17.01.2000;0
18.01.2000;0
19.01.2000;0
20.01.2000;0
21.01.2000;0
22.01.2000;0
23.01.2000;0
24.01.2000;0
25.01.2000;0
26.01.2000;0
27.01.2000;0
28.01.2000;0
29.01.2000;0
30.01.2000;0
31.01.2000;0
01.02.2000;0
02.02.2000;0
03.02.2000;0
04.02.2000;0
05.02.2000;0
06.02.2000;0
07.02.2000;0
08.02.2000;0
09.02.2000;0
10.02.2000;0
11.02.2000;0
12.02.2000;0
13.02.2000;0
14.02.2000;0
15.02.2000;0
16.02.2000;0
17.02.2000;0
18.02.2000;0
19.02.2000;0
20.02.2000;0
21.02.2000;0
22.02.2000;0
23.02.2000;0
24.02.2000;0
25.02.2000;0
26.02.2000;0
27.02.2000;0
28.02.2000;0
29.02.2000;0
01.03.2000;0
02.03.2000;0
03.03.2000;0
04.03.2000;0
05.03.2000;0
06.03.2000;0
07.03.2000;0
08.03.2000;0
09.03.2000;0
10.03.2000;0
11.03.2000;0
12.03.2000;0
13.03.2000;0
14.03.2000;0
15.03.2000;0
16.03.2000;0
17.03.2000;0
18.03.2000;0
19.03.2000;0
20.03.2000;0
21.03.2000;0
22.03.2000;0
23.03.2000;0
24.03.2000;0
25.03.2000;0
26.03.2000;0
27.03.2000;0
28.03.2000;0
29.03.2000;0
30.03.2000;0
31.03.2000;0
01.04.2000;0
02.04.2000;0
03.04.2000;0
04.04.2000;0
05.04.2000;0
06.04.2000;0
07.04.2000;0
08.04.2000;0
09.04.2000;0
10.04.2000;0
11.04.2000;0
12.04.2000;0
13.04.2000;0
14.04.2000;0
15.04.2000;0
16.04.2000;0
17.04.2000;0
18.04.2000;0
19.04.2000;0
20.04.2000;0
21.04.2000;0
22.04.2000;0
23.04.2000;0
24.04.2000;0
25.04.2000;0
26.04.2000;0
27.04.2000;0
28.04.2000;0
29.04.2000;0
30.04.2000;0
01.05.2000;0
02.05.2000;0
03.05.2000;0
04.05.2000;0
05.05.2000;0
06.05.2000;0
07.05.2000;0
08.05.2000;0
09.05.2000;0
10.05.2000;0
11.05.2000;0
12.05.2000;0
13.05.2000;0
14.05.2000;0
15.05.2000;0
16.05.2000;0
17.05.2000;0
18.05.2000;0
19.05.2000;0
20.05.2000;0
21.05.2000;0
22.05.2000;0
23.05.2000;0
24.05.2000;0
25.05.2000;0
26.05.2000;0
27.05.2000;0
28.05.2000;0
29.05.2000;0
30.05.2000;0
31.05.2000;0
01.06.2000;0
02.06.2000;0
03.06.2000;0
04.06.2000;0
05.06.2000;0
06.06.2000;0
07.06.2000;0
08.06.2000;0
09.06.2000;0
10.06.2000;0
11.06.2000;0
12.06.2000;37.9054099
13.06.2000;69.79530989
14.06.2000;102.3627289
15.06.2000;136.2103188
16.06.2000;162.1345053
17.06.2000;191.1339994
18.06.2000;223.2463339
19.06.2000;261.3849467
20.06.2000;299.6138346
21.06.2000;336.9124692
22.06.2000;372.2414018
23.06.2000;407.1126882
24.06.2000;436.8019129
25.06.2000;455.383421
26.06.2000;471.3309183
27.06.2000;495.9584761
28.06.2000;521.3196113
29.06.2000;538.7963588
30.06.2000;557.7428295
01.07.2000;578.5895822
02.07.2000;601.4116848
03.07.2000;624.362281
04.07.2000;646.1176038
05.07.2000;665.0947802
06.07.2000;678.5757318
07.07.2000;695.1387765
08.07.2000;713.7145788
09.07.2000;722.093075
10.07.2000;735.9058145
11.07.2000;752.978329
12.07.2000;760.3098285
13.07.2000;769.7857116
14.07.2000;780.1977874
15.07.2000;789.8622137
16.07.2000;795.6472334
17.07.2000;803.835191
18.07.2000;816.5903235
19.07.2000;823.8288698
20.07.2000;832.0698985
21.07.2000;840.3326707
22.07.2000;848.528682
23.07.2000;856.7881621
24.07.2000;0
25.07.2000;0
26.07.2000;0
27.07.2000;0
28.07.2000;0
29.07.2000;0
30.07.2000;0
31.07.2000;0
01.08.2000;0
02.08.2000;0
03.08.2000;0
04.08.2000;0
05.08.2000;0
06.08.2000;0
07.08.2000;0
08.08.2000;0
09.08.2000;0
10.08.2000;0
11.08.2000;0
12.08.2000;0
13.08.2000;0
14.08.2000;0
15.08.2000;0
16.08.2000;0
17.08.2000;0
18.08.2000;0
19.08.2000;0
20.08.2000;0
21.08.2000;0
22.08.2000;0
23.08.2000;0
24.08.2000;0
25.08.2000;0
26.08.2000;0
27.08.2000;0
28.08.2000;0
29.08.2000;0
30.08.2000;0
31.08.2000;0
01.09.2000;0
02.09.2000;0
03.09.2000;0
04.09.2000;0
05.09.2000;0
06.09.2000;0
07.09.2000;0
08.09.2000;0
09.09.2000;0
10.09.2000;0
11.09.2000;0
12.09.2000;0
13.09.2000;0
14.09.2000;0
15.09.2000;0
16.09.2000;0
17.09.2000;0
18.09.2000;0
19.09.2000;0
20.09.2000;0
21.09.2000;0
22.09.2000;0
23.09.2000;0
24.09.2000;0
25.09.2000;0
26.09.2000;0
27.09.2000;0
28.09.2000;0
29.09.2000;0
30.09.2000;0
01.10.2000;0
02.10.2000;0
03.10.2000;0
04.10.2000;0
05.10.2000;0
06.10.2000;0
07.10.2000;0
08.10.2000;0
09.10.2000;0
10.10.2000;0
11.10.2000;0
12.10.2000;0
13.10.2000;0
14.10.2000;0
15.10.2000;0
16.10.2000;0
17.10.2000;0
18.10.2000;0
19.10.2000;0
20.10.2000;0
21.10.2000;0
22.10.2000;0
23.10.2000;0
24.10.2000;0
25.10.2000;0
26.10.2000;0
27.10.2000;0
28.10.2000;0
29.10.2000;0
30.10.2000;0
31.10.2000;0
01.11.2000;0
02.11.2000;0
03.11.2000;0
04.11.2000;0
05.11.2000;0
06.11.2000;0
07.11.2000;0
08.11.2000;0
09.11.2000;0
10.11.2000;0
11.11.2000;0
12.11.2000;0
13.11.2000;0
14.11.2000;0
15.11.2000;0
16.11.2000;0
17.11.2000;0
18.11.2000;0
19.11.2000;0
20.11.2000;0
21.11.2000;0
22.11.2000;0
23.11.2000;0
24.11.2000;0
25.11.2000;0
26.11.2000;0
27.11.2000;0
28.11.2000;0
29.11.2000;0
30.11.2000;0
01.12.2000;0
02.12.2000;0
03.12.2000;0
04.12.2000;0
05.12.2000;0
06.12.2000;0
07.12.2000;0
08.12.2000;0
09.12.2000;0
10.12.2000;0
11.12.2000;0
12.12.2000;0
13.12.2000;0
14.12.2000;0
15.12.2000;0
16.12.2000;0
17.12.2000;0
18.12.2000;0
19.12.2000;0
20.12.2000;0
21.12.2000;0
22.12.2000;0
23.12.2000;0
24.12.2000;0
25.12.2000;0
26.12.2000;0
27.12.2000;0
28.12.2000;0
29.12.2000;0
30.12.2000;0
31.12.2000;0
01.01.2001;0
02.01.2001;0
03.01.2001;0
04.01.2001;0
05.01.2001;0
06.01.2001;0
07.01.2001;0
08.01.2001;0
09.01.2001;0
10.01.2001;0
11.01.2001;0
12.01.2001;0
13.01.2001;0
14.01.2001;0
15.01.2001;0
16.01.2001;0
17.01.2001;0
18.01.2001;0
19.01.2001;0
20.01.2001;0
21.01.2001;0
22.01.2001;0
23.01.2001;0
24.01.2001;0
25.01.2001;0
26.01.2001;0
27.01.2001;0
28.01.2001;0
29.01.2001;0
30.01.2001;0
31.01.2001;0
01.02.2001;0
02.02.2001;0
03.02.2001;0
04.02.2001;0
05.02.2001;0
06.02.2001;0
07.02.2001;0
08.02.2001;0
09.02.2001;0
10.02.2001;0
11.02.2001;0
12.02.2001;0
13.02.2001;0
14.02.2001;0
15.02.2001;0
16.02.2001;0
17.02.2001;0
18.02.2001;0
19.02.2001;0
20.02.2001;0
21.02.2001;0
22.02.2001;0
23.02.2001;0
24.02.2001;0
25.02.2001;0
26.02.2001;0
27.02.2001;0
28.02.2001;0
01.03.2001;0
02.03.2001;0
03.03.2001;0
04.03.2001;0
05.03.2001;0
06.03.2001;0
07.03.2001;0
08.03.2001;0
09.03.2001;0
10.03.2001;0
11.03.2001;0
12.03.2001;0
13.03.2001;0
14.03.2001;0
15.03.2001;0
16.03.2001;0
17.03.2001;0
18.03.2001;0
19.03.2001;0
20.03.2001;0
21.03.2001;0
22.03.2001;0
23.03.2001;0
24.03.2001;0
25.03.2001;0
26.03.2001;0
27.03.2001;0
28.03.2001;0
29.03.2001;0
30.03.2001;0
31.03.2001;0
01.04.2001;0
02.04.2001;0
03.04.2001;0
04.04.2001;0
05.04.2001;0
06.04.2001;0
07.04.2001;0
08.04.2001;0
09.04.2001;0
10.04.2001;0
11.04.2001;0
12.04.2001;0
13.04.2001;0
14.04.2001;0
15.04.2001;0
16.04.2001;0
17.04.2001;0
18.04.2001;0
19.04.2001;0
20.04.2001;0
21.04.2001;0
22.04.2001;0
23.04.2001;0
24.04.2001;0
25.04.2001;0
26.04.2001;0
27.04.2001;0
28.04.2001;0
29.04.2001;0
30.04.2001;0
01.05.2001;0
02.05.2001;0
03.05.2001;0
04.05.2001;0
05.05.2001;0
06.05.2001;0
07.05.2001;0
08.05.2001;0
09.05.2001;0
10.05.2001;0
11.05.2001;0
12.05.2001;0
13.05.2001;0
14.05.2001;0
15.05.2001;0
16.05.2001;0
17.05.2001;0
18.05.2001;0
19.05.2001;0
20.05.2001;0
21.05.2001;0
22.05.2001;0
23.05.2001;0
24.05.2001;0
25.05.2001;0
26.05.2001;0
27.05.2001;0
28.05.2001;0
29.05.2001;0
30.05.2001;0
31.05.2001;0
01.06.2001;0
02.06.2001;0
03.06.2001;0
04.06.2001;0
05.06.2001;0
06.06.2001;0
07.06.2001;0
08.06.2001;0
09.06.2001;0
10.06.2001;0
11.06.2001;0
12.06.2001;0
13.06.2001;0
14.06.2001;0
15.06.2001;0
16.06.2001;0
17.06.2001;0
18.06.2001;0
19.06.2001;21.60536332
20.06.2001;42.27193622
21.06.2001;61.97208586
22.06.2001;97.71495007
23.06.2001;122.2507863
24.06.2001;156.049562
25.06.2001;195.0449355
26.06.2001;230.8743059
27.06.2001;266.4709214
28.06.2001;301.9023245
29.06.2001;327.6061536
30.06.2001;346.2805647
01.07.2001;375.3841811
02.07.2001;392.1845959
03.07.2001;418.1274253
04.07.2001;440.9875947
05.07.2001;459.526917
06.07.2001;477.8592641
07.07.2001;494.3747378
08.07.2001;519.9390839
09.07.2001;543.1290994
10.07.2001;558.717121
11.07.2001;577.7422564
12.07.2001;600.3907781
13.07.2001;611.7905162
14.07.2001;631.5242504
15.07.2001;651.7563932
16.07.2001;671.5274692
17.07.2001;686.2769263
18.07.2001;695.3934597
19.07.2001;710.7923701
20.07.2001;723.5265396
21.07.2001;730.7334897
22.07.2001;737.2887823
23.07.2001;745.7134619
24.07.2001;752.4993105
25.07.2001;762.1908944
26.07.2001;771.4213612
27.07.2001;780.5084561
28.07.2001;790.7108819
29.07.2001;0
30.07.2001;0
31.07.2001;0
01.08.2001;0
02.08.2001;0
03.08.2001;0
04.08.2001;0
05.08.2001;0
06.08.2001;0
07.08.2001;0
08.08.2001;0
09.08.2001;0
10.08.2001;0
11.08.2001;0
12.08.2001;0
13.08.2001;0
14.08.2001;0
15.08.2001;0
16.08.2001;0
17.08.2001;0
18.08.2001;0
19.08.2001;0
20.08.2001;0
21.08.2001;0
22.08.2001;0
23.08.2001;0
24.08.2001;0
25.08.2001;0
26.08.2001;0
27.08.2001;0
28.08.2001;0
29.08.2001;0
30.08.2001;0
31.08.2001;0
01.09.2001;0
02.09.2001;0
03.09.2001;0
04.09.2001;0
05.09.2001;0
06.09.2001;0
07.09.2001;0
08.09.2001;0
09.09.2001;0
10.09.2001;0
11.09.2001;0
12.09.2001;0
13.09.2001;0
14.09.2001;0
15.09.2001;0
16.09.2001;0
17.09.2001;0
18.09.2001;0
19.09.2001;0
20.09.2001;0
21.09.2001;0
22.09.2001;0
23.09.2001;0
24.09.2001;0
25.09.2001;0
26.09.2001;0
27.09.2001;0
28.09.2001;0
29.09.2001;0
30.09.2001;0
01.10.2001;0
02.10.2001;0
03.10.2001;0
04.10.2001;0
05.10.2001;0
06.10.2001;0
07.10.2001;0
08.10.2001;0
09.10.2001;0
10.10.2001;0
11.10.2001;0
12.10.2001;0
13.10.2001;0
14.10.2001;0
15.10.2001;0
16.10.2001;0
17.10.2001;0
18.10.2001;0
19.10.2001;0
20.10.2001;0
21.10.2001;0
22.10.2001;0
23.10.2001;0
24.10.2001;0
25.10.2001;0
26.10.2001;0
27.10.2001;0
28.10.2001;0
29.10.2001;0
30.10.2001;0
31.10.2001;0
01.11.2001;0
02.11.2001;0
03.11.2001;0
04.11.2001;0
05.11.2001;0
06.11.2001;0
07.11.2001;0
08.11.2001;0
09.11.2001;0
10.11.2001;0
11.11.2001;0
12.11.2001;0
13.11.2001;0
14.11.2001;0
15.11.2001;0
16.11.2001;0
17.11.2001;0
18.11.2001;0
19.11.2001;0
20.11.2001;0
21.11.2001;0
22.11.2001;0
23.11.2001;0
24.11.2001;0
25.11.2001;0
26.11.2001;0
27.11.2001;0
28.11.2001;0
29.11.2001;0
30.11.2001;0
01.12.2001;0
02.12.2001;0
03.12.2001;0
04.12.2001;0
05.12.2001;0
06.12.2001;0
07.12.2001;0
08.12.2001;0
09.12.2001;0
10.12.2001;0
11.12.2001;0
12.12.2001;0
13.12.2001;0
14.12.2001;0
15.12.2001;0
16.12.2001;0
17.12.2001;0
18.12.2001;0
19.12.2001;0
20.12.2001;0
21.12.2001;0
22.12.2001;0
23.12.2001;0
24.12.2001;0
25.12.2001;0
26.12.2001;0
27.12.2001;0
28.12.2001;0
29.12.2001;0
30.12.2001;0
31.12.2001;0
01.01.2002;0
02.01.2002;0
03.01.2002;0
04.01.2002;0
05.01.2002;0
06.01.2002;0
07.01.2002;0
08.01.2002;0
09.01.2002;0
10.01.2002;0
11.01.2002;0
12.01.2002;0
13.01.2002;0
14.01.2002;0
15.01.2002;0
16.01.2002;0
17.01.2002;0
18.01.2002;0
19.01.2002;0
20.01.2002;0
21.01.2002;0
22.01.2002;0
23.01.2002;0
24.01.2002;0
25.01.2002;0
26.01.2002;0
27.01.2002;0
28.01.2002;0
29.01.2002;0
30.01.2002;0
31.01.2002;0
01.02.2002;0
02.02.2002;0
03.02.2002;0
04.02.2002;0
05.02.2002;0
06.02.2002;0
07.02.2002;0
08.02.2002;0
09.02.2002;0
10.02.2002;0
11.02.2002;0
12.02.2002;0
13.02.2002;0
14.02.2002;0
15.02.2002;0
16.02.2002;0
17.02.2002;0
18.02.2002;0
19.02.2002;0
20.02.2002;0
21.02.2002;0
22.02.2002;0
23.02.2002;0
24.02.2002;0
25.02.2002;0
26.02.2002;0
27.02.2002;0
28.02.2002;0
01.03.2002;0
02.03.2002;0
03.03.2002;0
04.03.2002;0
05.03.2002;0
06.03.2002;0
07.03.2002;0
08.03.2002;0
09.03.2002;0
10.03.2002;0
11.03.2002;0
12.03.2002;0
13.03.2002;0
14.03.2002;0
15.03.2002;0
16.03.2002;0
17.03.2002;0
18.03.2002;0
19.03.2002;0
20.03.2002;0
21.03.2002;0
22.03.2002;0
23.03.2002;0
24.03.2002;0
25.03.2002;0
26.03.2002;0
27.03.2002;0
28.03.2002;0
29.03.2002;0
30.03.2002;0
31.03.2002;0
01.04.2002;0
02.04.2002;0
03.04.2002;0
04.04.2002;0
05.04.2002;0
06.04.2002;0
07.04.2002;0
08.04.2002;0
09.04.2002;0
10.04.2002;0
11.04.2002;0
12.04.2002;0
13.04.2002;0
14.04.2002;0
15.04.2002;0
16.04.2002;0
17.04.2002;0
18.04.2002;0
19.04.2002;0
20.04.2002;0
21.04.2002;0
22.04.2002;0
23.04.2002;0
24.04.2002;0
25.04.2002;0
26.04.2002;0
27.04.2002;0
28.04.2002;0
29.04.2002;0
30.04.2002;0
01.05.2002;0
02.05.2002;0
03.05.2002;0
04.05.2002;0
05.05.2002;0
06.05.2002;0
07.05.2002;0
08.05.2002;0
09.05.2002;0
10.05.2002;0
11.05.2002;0
12.05.2002;0
13.05.2002;0
14.05.2002;0
15.05.2002;0
16.05.2002;0
17.05.2002;0
18.05.2002;0
19.05.2002;0
20.05.2002;0
21.05.2002;0
22.05.2002;0
23.05.2002;0
24.05.2002;0
25.05.2002;0
26.05.2002;0
27.05.2002;0
28.05.2002;0
29.05.2002;0
30.05.2002;0
31.05.2002;0
01.06.2002;0
02.06.2002;0
03.06.2002;0
04.06.2002;0
05.06.2002;0
06.06.2002;0
07.06.2002;0
08.06.2002;0
09.06.2002;0
10.06.2002;0
11.06.2002;0
12.06.2002;0
13.06.2002;0
14.06.2002;0
15.06.2002;16.16968904
16.06.2002;54.35840034
17.06.2002;84.35534056
18.06.2002;119.9200165
19.06.2002;156.3120664
20.06.2002;194.8191406
21.06.2002;232.9486706
22.06.2002;267.6304072
23.06.2002;301.6742838
24.06.2002;334.9603707
25.06.2002;365.0086718
26.06.2002;384.3765249
27.06.2002;416.3565095
28.06.2002;448.5211824
29.06.2002;460.7183739
30.06.2002;485.3721618
01.07.2002;511.9615072
02.07.2002;536.278471
03.07.2002;556.1404129
04.07.2002;576.7993376
05.07.2002;590.0510157
06.07.2002;612.7523134
07.07.2002;635.3651527
08.07.2002;649.3968445
09.07.2002;671.1622966
10.07.2002;692.0865874
11.07.2002;711.4073397
12.07.2002;727.0085731
13.07.2002;739.7731932
14.07.2002;751.5529163
15.07.2002;763.4370805
16.07.2002;773.9564499
17.07.2002;783.6202178
18.07.2002;793.3417944
19.07.2002;799.6474338
20.07.2002;807.7947205
21.07.2002;818.5045105
22.07.2002;0
23.07.2002;0
24.07.2002;0
25.07.2002;0
26.07.2002;0
27.07.2002;0
28.07.2002;0
29.07.2002;0
30.07.2002;0
31.07.2002;0
01.08.2002;0
02.08.2002;0
03.08.2002;0
04.08.2002;0
05.08.2002;0
06.08.2002;0
07.08.2002;0
08.08.2002;0
09.08.2002;0
10.08.2002;0
11.08.2002;0
12.08.2002;0
13.08.2002;0
14.08.2002;0
15.08.2002;0
16.08.2002;0
17.08.2002;0
18.08.2002;0
19.08.2002;0
20.08.2002;0
21.08.2002;0
22.08.2002;0
23.08.2002;0
24.08.2002;0
25.08.2002;0
26.08.2002;0
27.08.2002;0
28.08.2002;0
29.08.2002;0
30.08.2002;0
31.08.2002;0
01.09.2002;0
02.09.2002;0
03.09.2002;0
04.09.2002;0
05.09.2002;0
06.09.2002;0
07.09.2002;0
08.09.2002;0
09.09.2002;0
10.09.2002;0
11.09.2002;0
12.09.2002;0
13.09.2002;0
14.09.2002;0
15.09.2002;0
16.09.2002;0
17.09.2002;0
18.09.2002;0
19.09.2002;0
20.09.2002;0
21.09.2002;0
22.09.2002;0
23.09.2002;0
24.09.2002;0
25.09.2002;0
26.09.2002;0
27.09.2002;0
28.09.2002;0
29.09.2002;0
30.09.2002;0
01.10.2002;0
02.10.2002;0
03.10.2002;0
04.10.2002;0
05.10.2002;0
06.10.2002;0
07.10.2002;0
08.10.2002;0
09.10.2002;0
10.10.2002;0
11.10.2002;0
12.10.2002;0
13.10.2002;0
14.10.2002;0
15.10.2002;0
16.10.2002;0
17.10.2002;0
18.10.2002;0
19.10.2002;0
20.10.2002;0
21.10.2002;0
22.10.2002;0
23.10.2002;0
24.10.2002;0
25.10.2002;0
26.10.2002;0
27.10.2002;0
28.10.2002;0
29.10.2002;0
30.10.2002;0
31.10.2002;0
01.11.2002;0
02.11.2002;0
03.11.2002;0
04.11.2002;0
05.11.2002;0
06.11.2002;0
07.11.2002;0
08.11.2002;0
09.11.2002;0
10.11.2002;0
11.11.2002;0
12.11.2002;0
13.11.2002;0
14.11.2002;0
15.11.2002;0
16.11.2002;0
17.11.2002;0
18.11.2002;0
19.11.2002;0
20.11.2002;0
21.11.2002;0
22.11.2002;0
23.11.2002;0
24.11.2002;0
25.11.2002;0
26.11.2002;0
27.11.2002;0
28.11.2002;0
29.11.2002;0
30.11.2002;0
01.12.2002;0
02.12.2002;0
03.12.2002;0
04.12.2002;0
05.12.2002;0
06.12.2002;0
07.12.2002;0
08.12.2002;0
09.12.2002;0
10.12.2002;0
11.12.2002;0
12.12.2002;0
13.12.2002;0
14.12.2002;0
15.12.2002;0
16.12.2002;0
17.12.2002;0
18.12.2002;0
19.12.2002;0
20.12.2002;0
21.12.2002;0
22.12.2002;0
23.12.2002;0
24.12.2002;0
25.12.2002;0
26.12.2002;0
27.12.2002;0
28.12.2002;0
29.12.2002;0
30.12.2002;0
31.12.2002;0
01.01.2003;0
02.01.2003;0
03.01.2003;0
04.01.2003;0
05.01.2003;0
06.01.2003;0
07.01.2003;0
08.01.2003;0
09.01.2003;0
10.01.2003;0
11.01.2003;0
12.01.2003;0
13.01.2003;0
14.01.2003;0
15.01.2003;0
16.01.2003;0
17.01.2003;0
18.01.2003;0
19.01.2003;0
20.01.2003;0
21.01.2003;0
22.01.2003;0
23.01.2003;0
24.01.2003;0
25.01.2003;0
26.01.2003;0
27.01.2003;0
28.01.2003;0
29.01.2003;0
30.01.2003;0
31.01.2003;0
01.02.2003;0
02.02.2003;0
03.02.2003;0
04.02.2003;0
05.02.2003;0
06.02.2003;0
07.02.2003;0
08.02.2003;0
09.02.2003;0
10.02.2003;0
11.02.2003;0
12.02.2003;0
13.02.2003;0
14.02.2003;0
15.02.2003;0
16.02.2003;0
17.02.2003;0
18.02.2003;0
19.02.2003;0
20.02.2003;0
21.02.2003;0
22.02.2003;0
23.02.2003;0
24.02.2003;0
25.02.2003;0
26.02.2003;0
27.02.2003;0
28.02.2003;0
01.03.2003;0
02.03.2003;0
03.03.2003;0
04.03.2003;0
05.03.2003;0
06.03.2003;0
07.03.2003;0
08.03.2003;0
09.03.2003;0
10.03.2003;0
11.03.2003;0
12.03.2003;0
13.03.2003;0
14.03.2003;0
15.03.2003;0
16.03.2003;0
17.03.2003;0
18.03.2003;0
19.03.2003;0
20.03.2003;0
21.03.2003;0
22.03.2003;0
23.03.2003;0
24.03.2003;0
25.03.2003;0
26.03.2003;0
27.03.2003;0
28.03.2003;0
29.03.2003;0
30.03.2003;0
31.03.2003;0
01.04.2003;0
02.04.2003;0
03.04.2003;0
04.04.2003;0
05.04.2003;0
06.04.2003;0
07.04.2003;0
08.04.2003;0
09.04.2003;0
10.04.2003;0
11.04.2003;0
12.04.2003;0
13.04.2003;0
14.04.2003;0
15.04.2003;0
16.04.2003;0
17.04.2003;0
18.04.2003;0
19.04.2003;0
20.04.2003;0
21.04.2003;0
22.04.2003;0
23.04.2003;0
24.04.2003;0
25.04.2003;0
26.04.2003;0
27.04.2003;0
28.04.2003;0
29.04.2003;0
30.04.2003;0
01.05.2003;0
02.05.2003;0
03.05.2003;0
04.05.2003;0
05.05.2003;0
06.05.2003;0
07.05.2003;0
08.05.2003;0
09.05.2003;0
10.05.2003;0
11.05.2003;0
12.05.2003;0
13.05.2003;0
14.05.2003;0
15.05.2003;0
16.05.2003;0
17.05.2003;0
18.05.2003;0
19.05.2003;0
20.05.2003;0
21.05.2003;0
22.05.2003;0
23.05.2003;0
24.05.2003;0
25.05.2003;0
26.05.2003;0
27.05.2003;0
28.05.2003;0
29.05.2003;0
30.05.2003;0
31.05.2003;0
01.06.2003;0
02.06.2003;0
03.06.2003;0
04.06.2003;0
05.06.2003;0
06.06.2003;0
07.06.2003;0
08.06.2003;0
09.06.2003;0
10.06.2003;0
11.06.2003;0
12.06.2003;2.522901568
13.06.2003;42.55072923
14.06.2003;77.71357944
15.06.2003;112.2460567
16.06.2003;139.6751319
17.06.2003;168.4426423
18.06.2003;201.8285071
19.06.2003;214.6178723
20.06.2003;242.9824072
21.06.2003;272.6619135
22.06.2003;304.6589832
23.06.2003;339.3947509
24.06.2003;373.0915435
25.06.2003;399.1914764
26.06.2003;430.5099203
27.06.2003;456.4284108
28.06.2003;476.8058555
29.06.2003;499.3803605
30.06.2003;516.3318042
01.07.2003;542.4730137
02.07.2003;568.4739433
03.07.2003;586.9120516
04.07.2003;602.9216289
05.07.2003;616.6446728
06.07.2003;634.4891617
07.07.2003;652.3479699
08.07.2003;671.7962212
09.07.2003;689.2554817
10.07.2003;703.3825643
11.07.2003;717.2594038
12.07.2003;733.2583024
13.07.2003;746.0119202
14.07.2003;756.2009381
15.07.2003;768.2418482
16.07.2003;777.8639839
17.07.2003;791.1281295
18.07.2003;801.5528561
19.07.2003;812.1751671
20.07.2003;0
21.07.2003;0
22.07.2003;0
23.07.2003;0
24.07.2003;0
25.07.2003;0
26.07.2003;0
27.07.2003;0
28.07.2003;0
29.07.2003;0
30.07.2003;0
31.07.2003;0
01.08.2003;0
02.08.2003;0
03.08.2003;0
04.08.2003;0
05.08.2003;0
06.08.2003;0
07.08.2003;0
08.08.2003;0
09.08.2003;0
10.08.2003;0
11.08.2003;0
12.08.2003;0
13.08.2003;0
14.08.2003;0
15.08.2003;0
16.08.2003;0
17.08.2003;0
18.08.2003;0
19.08.2003;0
20.08.2003;0
21.08.2003;0
22.08.2003;0
23.08.2003;0
24.08.2003;0
25.08.2003;0
26.08.2003;0
27.08.2003;0
28.08.2003;0
29.08.2003;0
30.08.2003;0
31.08.2003;0
01.09.2003;0
02.09.2003;0
03.09.2003;0
04.09.2003;0
05.09.2003;0
06.09.2003;0
07.09.2003;0
08.09.2003;0
09.09.2003;0
10.09.2003;0
11.09.2003;0
12.09.2003;0
13.09.2003;0
14.09.2003;0
15.09.2003;0
16.09.2003;0
17.09.2003;0
18.09.2003;0
19.09.2003;0
20.09.2003;0
21.09.2003;0
22.09.2003;0
23.09.2003;0
24.09.2003;0
25.09.2003;0
26.09.2003;0
27.09.2003;0
28.09.2003;0
29.09.2003;0
30.09.2003;0
01.10.2003;0
02.10.2003;0
03.10.2003;0
04.10.2003;0
05.10.2003;0
06.10.2003;0
07.10.2003;0
08.10.2003;0
09.10.2003;0
10.10.2003;0
11.10.2003;0
12.10.2003;0
13.10.2003;0
14.10.2003;0
15.10.2003;0
16.10.2003;0
17.10.2003;0
18.10.2003;0
19.10.2003;0
20.10.2003;0
21.10.2003;0
22.10.2003;0
23.10.2003;0
24.10.2003;0
25.10.2003;0
26.10.2003;0
27.10.2003;0
28.10.2003;0
29.10.2003;0
30.10.2003;0
31.10.2003;0
01.11.2003;0
02.11.2003;0
03.11.2003;0
04.11.2003;0
05.11.2003;0
06.11.2003;0
07.11.2003;0
08.11.2003;0
09.11.2003;0
10.11.2003;0
11.11.2003;0
12.11.2003;0
13.11.2003;0
14.11.2003;0
15.11.2003;0
16.11.2003;0
17.11.2003;0
18.11.2003;0
19.11.2003;0
20.11.2003;0
21.11.2003;0
22.11.2003;0
23.11.2003;0
24.11.2003;0
25.11.2003;0
26.11.2003;0
27.11.2003;0
28.11.2003;0
29.11.2003;0
30.11.2003;0
01.12.2003;0
02.12.2003;0
03.12.2003;0
04.12.2003;0
05.12.2003;0
06.12.2003;0
07.12.2003;0
08.12.2003;0
09.12.2003;0
10.12.2003;0
11.12.2003;0
12.12.2003;0
13.12.2003;0
14.12.2003;0
15.12.2003;0
16.12.2003;0
17.12.2003;0
18.12.2003;0
19.12.2003;0
20.12.2003;0
21.12.2003;0
22.12.2003;0
23.12.2003;0
24.12.2003;0
25.12.2003;0
26.12.2003;0
27.12.2003;0
28.12.2003;0
29.12.2003;0
30.12.2003;0
31.12.2003;0
01.01.2004;0
02.01.2004;0
03.01.2004;0
04.01.2004;0
05.01.2004;0
06.01.2004;0
07.01.2004;0
08.01.2004;0
09.01.2004;0
10.01.2004;0
11.01.2004;0
12.01.2004;0
13.01.2004;0
14.01.2004;0
15.01.2004;0
16.01.2004;0
17.01.2004;0
18.01.2004;0
19.01.2004;0
20.01.2004;0
21.01.2004;0
22.01.2004;0
23.01.2004;0
24.01.2004;0
25.01.2004;0
26.01.2004;0
27.01.2004;0
28.01.2004;0
29.01.2004;0
30.01.2004;0
31.01.2004;0
01.02.2004;0
02.02.2004;0
03.02.2004;0
04.02.2004;0
05.02.2004;0
06.02.2004;0
07.02.2004;0
08.02.2004;0
09.02.2004;0
10.02.2004;0
11.02.2004;0
12.02.2004;0
13.02.2004;0
14.02.2004;0
15.02.2004;0
16.02.2004;0
17.02.2004;0
18.02.2004;0
19.02.2004;0
20.02.2004;0
21.02.2004;0
22.02.2004;0
23.02.2004;0
24.02.2004;0
25.02.2004;0
26.02.2004;0
27.02.2004;0
28.02.2004;0
29.02.2004;0
01.03.2004;0
02.03.2004;0
03.03.2004;0
04.03.2004;0
05.03.2004;0
06.03.2004;0
07.03.2004;0
08.03.2004;0
09.03.2004;0
10.03.2004;0
11.03.2004;0
12.03.2004;0
13.03.2004;0
14.03.2004;0
15.03.2004;0
16.03.2004;0
17.03.2004;0
18.03.2004;0
19.03.2004;0
20.03.2004;0
21.03.2004;0
22.03.2004;0
23.03.2004;0
24.03.2004;0
25.03.2004;0
26.03.2004;0
27.03.2004;0
28.03.2004;0
29.03.2004;0
30.03.2004;0
31.03.2004;0
01.04.2004;0
02.04.2004;0
03.04.2004;0
04.04.2004;0
05.04.2004;0
06.04.2004;0
07.04.2004;0
08.04.2004;0
09.04.2004;0
10.04.2004;0
11.04.2004;0
12.04.2004;0
13.04.2004;0
14.04.2004;0
15.04.2004;0
16.04.2004;0
17.04.2004;0
18.04.2004;0
19.04.2004;0
20.04.2004;0
21.04.2004;0
22.04.2004;0
23.04.2004;0
24.04.2004;0
25.04.2004;0
26.04.2004;0
27.04.2004;0
28.04.2004;0
29.04.2004;0
30.04.2004;0
01.05.2004;0
02.05.2004;0
03.05.2004;0
04.05.2004;0
05.05.2004;0
06.05.2004;0
07.05.2004;0
08.05.2004;0
09.05.2004;0
10.05.2004;0
11.05.2004;0
12.05.2004;0
13.05.2004;0
14.05.2004;0
15.05.2004;0
16.05.2004;0
17.05.2004;0
18.05.2004;0
19.05.2004;0
20.05.2004;0
21.05.2004;0
22.05.2004;0
23.05.2004;0
24.05.2004;0
25.05.2004;0
26.05.2004;0
27.05.2004;0
28.05.2004;0
29.05.2004;0
30.05.2004;0
31.05.2004;0
01.06.2004;0
02.06.2004;0
03.06.2004;0
04.06.2004;0
05.06.2004;0
06.06.2004;0
07.06.2004;0
08.06.2004;0
09.06.2004;0
10.06.2004;0
11.06.2004;0
12.06.2004;0
13.06.2004;0
14.06.2004;0
15.06.2004;0
16.06.2004;0
17.06.2004;0
18.06.2004;0
19.06.2004;0
20.06.2004;0
21.06.2004;0
22.06.2004;0
23.06.2004;0
24.06.2004;33.83284653
25.06.2004;62.04770842
26.06.2004;76.20932494
27.06.2004;113.2708516
28.06.2004;146.6477668
29.06.2004;172.4212048
30.06.2004;196.779827
01.07.2004;230.2420006
02.07.2004;261.6755797
03.07.2004;269.2706344
04.07.2004;301.6697477
05.07.2004;329.8578456
06.07.2004;361.6689297
07.07.2004;386.6202853
08.07.2004;410.1410667
09.07.2004;434.3266504
10.07.2004;458.3075118
11.07.2004;479.2772966
12.07.2004;493.9413907
13.07.2004;515.120227
14.07.2004;537.2648427
15.07.2004;552.5876559
16.07.2004;569.022999
17.07.2004;589.0689192
18.07.2004;609.7650183
19.07.2004;631.5959318
20.07.2004;648.7774344
21.07.2004;667.9356111
22.07.2004;686.5587735
23.07.2004;703.3713433
24.07.2004;717.7837801
25.07.2004;729.0759738
26.07.2004;738.8208502
27.07.2004;746.9695919
28.07.2004;755.1885631
29.07.2004;764.4534769
30.07.2004;770.235195
31.07.2004;780.0322957
01.08.2004;791.757352
02.08.2004;800.589559
03.08.2004;809.4417813
04.08.2004;0
05.08.2004;0
06.08.2004;0
07.08.2004;0
08.08.2004;0
09.08.2004;0
10.08.2004;0
11.08.2004;0
12.08.2004;0
13.08.2004;0
14.08.2004;0
15.08.2004;0
16.08.2004;0
17.08.2004;0
18.08.2004;0
19.08.2004;0
20.08.2004;0
21.08.2004;0
22.08.2004;0
23.08.2004;0
24.08.2004;0
25.08.2004;0
26.08.2004;0
27.08.2004;0
28.08.2004;0
29.08.2004;0
30.08.2004;0
31.08.2004;0
01.09.2004;0
02.09.2004;0
03.09.2004;0
04.09.2004;0
05.09.2004;0
06.09.2004;0
07.09.2004;0
08.09.2004;0
09.09.2004;0
10.09.2004;0
11.09.2004;0
12.09.2004;0
13.09.2004;0
14.09.2004;0
15.09.2004;0
16.09.2004;0
17.09.2004;0
18.09.2004;0
19.09.2004;0
20.09.2004;0
21.09.2004;0
22.09.2004;0
23.09.2004;0
24.09.2004;0
25.09.2004;0
26.09.2004;0
27.09.2004;0
28.09.2004;0
29.09.2004;0
30.09.2004;0
01.10.2004;0
02.10.2004;0
03.10.2004;0
04.10.2004;0
05.10.2004;0
06.10.2004;0
07.10.2004;0
08.10.2004;0
09.10.2004;0
10.10.2004;0
11.10.2004;0
12.10.2004;0
13.10.2004;0
14.10.2004;0
15.10.2004;0
16.10.2004;0
17.10.2004;0
18.10.2004;0
19.10.2004;0
20.10.2004;0
21.10.2004;0
22.10.2004;0
23.10.2004;0
24.10.2004;0
25.10.2004;0
26.10.2004;0
27.10.2004;0
28.10.2004;0
29.10.2004;0
30.10.2004;0
31.10.2004;0
01.11.2004;0
02.11.2004;0
03.11.2004;0
04.11.2004;0
05.11.2004;0
06.11.2004;0
07.11.2004;0
08.11.2004;0
09.11.2004;0
10.11.2004;0
11.11.2004;0
12.11.2004;0
13.11.2004;0
14.11.2004;0
15.11.2004;0
16.11.2004;0
17.11.2004;0
18.11.2004;0
19.11.2004;0
20.11.2004;0
21.11.2004;0
22.11.2004;0
23.11.2004;0
24.11.2004;0
25.11.2004;0
26.11.2004;0
27.11.2004;0
28.11.2004;0
29.11.2004;0
30.11.2004;0
01.12.2004;0
02.12.2004;0
03.12.2004;0
04.12.2004;0
05.12.2004;0
06.12.2004;0
07.12.2004;0
08.12.2004;0
09.12.2004;0
10.12.2004;0
11.12.2004;0
12.12.2004;0
13.12.2004;0
14.12.2004;0
15.12.2004;0
16.12.2004;0
17.12.2004;0
18.12.2004;0
19.12.2004;0
20.12.2004;0
21.12.2004;0
22.12.2004;0
23.12.2004;0
24.12.2004;0
25.12.2004;0
26.12.2004;0
27.12.2004;0
28.12.2004;0
29.12.2004;0
30.12.2004;0
31.12.2004;0
